date_fetched,season,entity,stat_group,timeframe,split_code,split_description,split_menu,age,airOuts,atBats,atBatsPerHomeRun,avg,babip,ballsInPlay,baseOnBalls,catchersInterference,caughtStealing,caughtStealingPercentage,doubles,extraBaseHits,flyHits,flyOuts,gamesPlayed,gidp,gidpOpp,groundHits,groundIntoDoublePlay,groundIntoTriplePlay,groundOuts,groundOutsToAirouts,hitByPitch,hits,homeRuns,homeRunsPerPlateAppearance,intentionalWalks,iso,leagueId,leagueName,leftOnBase,lineHits,lineOuts,numberOfPitches,obp,ops,pitchesPerPlateAppearance,plateAppearances,playerFirstName,playerFullName,playerId,playerInitLastName,playerLastName,playerName,playerUseName,popHits,popOuts,position,positionAbbrev,primaryPositionAbbrev,rank,rbi,reachedOnError,runs,sacBunts,sacFlies,slg,stolenBasePercentage,stolenBases,strikeOuts,strikeoutsPerPlateAppearance,swingAndMisses,teamAbbrev,teamId,teamName,teamShortName,totalBases,totalSwings,triples,type,walkOffs,walksPerPlateAppearance,walksPerStrikeout,year
2026-08-10T21:33:44-04:00,2026,player,hitting,ytd,,,,25,0,2,2.00,.500,.000,2,0,0,0,.000,0,1,0,0,3,0,0,0,0,,1,1.00,0,1,1,.500,0,1.500,104,NL,1,1,0,6,.500,2.500,3.000,2,Andrew,Andrew Pinckney,687605,A Pinckney,Pinckney,Andrew Pinckney,Andrew,0,0,Unknown,X,LF,1,1,0,3,0,0,2.000,1.000,1,0,.000,1,WSH,120,Washington Nationals,Nationals,4,3,0,player,0,.000,.---,2026
2026-08-10T21:33:44-04:00,2026,player,hitting,ytd,,,,26,0,1,-.--,1.000,1.000,2,0,0,0,.---,0,0,0,0,1,0,1,1,0,,1,1.00,0,1,0,.000,0,.000,104,NL,0,0,0,4,1.000,2.000,2.000,2,Jihwan,Jihwan Bae,678225,J Bae,Bae,Jihwan Bae,Jihwan,0,0,Second Base,2B,CF,2,0,0,0,1,0,1.000,.---,0,0,.000,0,MIL,158,Milwaukee Brewers,Brewers,1,2,0,player,0,.000,.---,2026
2026-08-10T21:33:44-04:00,2026,player,hitting,ytd,,,,25,0,1,-.--,1.000,1.000,1,0,0,0,.---,0,0,0,0,12,0,0,1,0,,0,-.--,0,1,0,.000,0,.000,104,NL,0,0,0,3,1.000,2.000,3.000,1,Victor,Victor Mederos,682989,V Mederos,Mederos,Victor Mederos,Victor,0,0,Pitcher,P,P,2,2,0,0,0,0,1.000,.---,0,0,.000,0,ATL,144,Atlanta Braves,Braves,1,2,0,player,0,.000,.---,2026
2026-08-10T21:33:44-04:00,2026,player,hitting,ytd,,,,26,0,2,-.--,.500,1.000,1,0,0,0,.---,1,1,0,0,1,0,0,0,0,,0,-.--,0,1,0,.000,0,.500,104,NL,0,1,0,7,.500,1.500,3.500,2,Jair,Jair Camargo,665856,J Camargo,Camargo,Jair Camargo,Jair,0,0,Catcher,C,C,4,0,0,1,0,0,1.000,.---,0,1,.500,2,ATL,144,Atlanta Braves,Braves,2,4,0,player,0,.000,.---,2026
2026-08-10T21:33:44-04:00,2026,player,hitting,ytd,,,,22,1,2,-.--,.500,.500,2,2,0,0,.---,0,0,0,0,1,0,0,1,0,,0,0.00,0,1,0,.000,0,.000,103,AL,0,0,0,18,.750,1.250,4.500,4,Gabriel,Gabriel Gonzalez,694224,G Gonzalez,Gonzalez,Gabriel Gonzalez,Gabriel,0,1,Outfielder,LF,RF,5,0,0,1,0,0,.500,.---,0,0,.000,0,MIN,142,Minnesota Twins,Twins,1,8,0,player,0,.500,.---,2026
2026-08-10T21:33:44-04:00,2026,player,hitting,ytd,,,,26,5,41,10.25,.390,.462,30,1,0,0,.---,5,9,4,5,15,2,8,3,2,,9,1.80,1,16,4,.093,0,.415,103,AL,20,9,0,173,.419,1.224,4.023,43,Eduardo,Eduardo Valencia,680664,E Valencia,Valencia,Eduardo Valencia,Eduardo,0,0,Designated Hitter,DH,C,6,13,1,10,0,0,.805,.---,0,11,.256,25,DET,116,Detroit Tigers,Tigers,33,94,0,player,0,.023,.091,2026
2026-08-10T21:33:44-04:00,2026,player,hitting,ytd,,,,27,1,5,5.00,.200,.000,4,1,0,0,.---,0,1,1,1,2,0,1,0,0,,2,2.00,0,1,1,.167,0,.600,103,AL,1,0,0,25,.333,1.133,4.167,6,Will,Will Wilson,669717,W Wilson,Wilson,Will Wilson,Will,0,0,Third Base,3B,3B,7,2,0,1,0,0,.800,.---,0,1,.167,5,SEA,136,Seattle Mariners,Mariners,4,13,0,player,0,.167,1.000,2026
2026-08-10T21:33:44-04:00,2026,player,hitting,ytd,,,,29,0,8,-.--,.375,.750,4,2,0,0,.000,0,1,0,0,17,0,0,1,0,,1,1.00,0,3,0,.000,0,.250,104,NL,8,2,0,37,.500,1.125,3.700,10,Justin,Justin Dean,681909,J Dean,Dean,Justin Dean,Justin,0,0,Outfielder,RF,CF,8,3,0,3,0,0,.625,1.000,1,4,.400,7,CHC,112,Chicago Cubs,Cubs,5,21,1,player,0,.200,.500,2026
2026-08-10T21:33:44-04:00,2026,player,hitting,ytd,,,,29,132,426,12.17,.322,.336,339,82,0,0,.000,24,59,45,85,117,5,67,31,5,,70,0.53,6,137,35,.068,23,.303,103,AL,135,61,30,1979,.435,1.059,3.828,517,Yordan,Yordan Alvarez,670541,Y Alvarez,Alvarez,Yordan Alvarez,Yordan,0,17,Designated Hitter,DH,DH,9,86,3,79,0,3,.624,1.000,1,90,.174,168,HOU,117,Houston Astros,Astros,266,850,0,player,1,.159,.911,2026
2026-08-10T21:33:44-04:00,2026,player,hitting,ytd,,,,30,2,19,-.--,.368,.636,11,4,0,0,.---,4,4,0,2,8,0,3,3,0,,2,1.00,0,7,0,.000,0,.211,104,NL,10,4,0,92,.478,1.057,4.000,23,Charles,Brewer Hicklen,676551,B Hicklen,Hicklen,Brewer Hicklen,Brewer,0,0,Outfielder,RF,RF,10,3,0,5,0,0,.579,.---,0,8,.348,20,ATL,144,Atlanta Braves,Braves,11,45,0,player,0,.174,.500,2026
2026-08-10T21:33:44-04:00,2026,player,hitting,ytd,,,,21,2,17,8.50,.294,.300,12,3,0,0,.---,0,2,2,1,5,0,2,1,0,,5,2.50,0,5,2,.100,0,.353,103,AL,7,2,1,90,.400,1.047,4.500,20,George,George Lombard Jr.,806146,G Lombard Jr.,Lombard,George Lombard Jr.,George,0,0,Shortstop,SS,SS,11,2,0,4,0,0,.647,.---,0,5,.250,12,NYY,147,New York Yankees,Yankees,11,38,0,player,0,.150,.600,2026
2026-08-10T21:33:44-04:00,2026,player,hitting,ytd,,,,29,7,26,13.00,.346,.368,21,2,0,0,.---,1,3,2,1,12,1,2,5,1,,5,0.71,2,9,2,.063,0,.269,104,NL,13,2,4,112,.406,1.021,3.500,32,Bryan,Bryan De La Cruz,650559,B De La Cruz,De La Cruz,Bryan De La Cruz,Bryan,0,2,Outfielder,RF,RF,12,6,1,4,0,2,.615,.---,0,7,.219,19,PHI,143,Philadelphia Phillies,Phillies,16,62,0,player,0,.063,.286,2026
2026-08-10T21:33:44-04:00,2026,player,hitting,ytd,,,,23,9,60,60.00,.417,.462,53,1,0,1,1.000,7,8,3,4,16,3,10,8,3,,19,2.11,1,25,1,.016,0,.167,103,AL,18,14,2,226,.435,1.018,3.645,62,Joshua,Joshua Kuroda-Grauer,811965,J Kuroda-Grauer,Kuroda-Grauer,Joshua Kuroda-Grauer,Joshua,0,3,Third Base,3B,3B,13,4,1,8,0,0,.583,.000,0,7,.113,18,ATH,133,Athletics,Athletics,35,123,0,player,0,.016,.143,2026
2026-08-10T21:33:44-04:00,2026,player,hitting,ytd,,,,30,0,4,-.--,.250,.500,2,2,0,0,.---,1,1,0,0,3,0,0,0,0,,1,1.00,0,1,0,.000,0,.250,103,AL,0,1,0,28,.500,1.000,4.667,6,Logan,Logan Porter,682515,L Porter,Porter,Logan Porter,Logan,0,0,Catcher,C,C,14,0,0,2,0,0,.500,.---,0,2,.333,2,LAA,108,Los Angeles Angels,Angels,2,9,0,player,0,.333,1.000,2026
2026-08-10T21:33:44-04:00,2026,player,hitting,ytd,,,,26,1,5,5.00,.200,.000,3,0,0,0,.---,0,1,1,1,2,0,1,0,0,,1,1.00,0,1,1,.200,0,.600,104,NL,2,0,0,21,.200,1.000,4.200,5,Shawn,Shawn Ross,676566,S Ross,Ross,Shawn Ross,Shawn,0,0,Catcher,C,C,14,2,0,1,0,0,.800,.---,0,2,.400,5,PIT,134,Pittsburgh Pirates,Pirates,4,10,0,player,0,.000,.---,2026
2026-08-10T21:33:44-04:00,2026,player,hitting,ytd,,,,29,0,0,-.--,.000,.---,0,1,0,0,.---,0,0,0,0,2,0,0,0,0,,0,-.--,0,0,0,.000,0,,104,NL,0,0,0,4,1.000,1.000,4.000,1,Lucas,Luke Williams,663897,L Williams,Williams,Luke Williams,Luke,0,0,Second Base,2B,SS,14,0,0,0,0,0,.000,.---,0,0,.000,0,ATL,144,Atlanta Braves,Braves,0,0,0,player,0,1.000,.---,2026
2026-08-10T21:33:44-04:00,2026,player,hitting,ytd,,,,22,5,19,19.00,.368,.375,17,1,0,0,.---,0,1,1,4,5,0,2,2,0,,5,1.00,1,7,1,.048,0,.158,103,AL,5,4,1,70,.429,.955,3.333,21,Angel,Angel Genao,694197,A Genao,Genao,Angel Genao,Angel,0,0,Second Base,2B,3B,17,2,0,4,0,0,.526,.---,0,2,.095,5,CLE,114,Cleveland Guardians,Guardians,10,32,0,player,0,.048,.500,2026
2026-08-10T21:33:44-04:00,2026,player,hitting,ytd,,,,27,89,293,13.95,.283,.274,247,63,1,3,.300,8,31,30,56,84,4,55,19,4,,75,0.84,0,83,21,.058,9,.256,104,NL,102,34,15,1439,.408,.947,4.008,359,Juan,Juan Soto,665742,J Soto,Soto,Juan Soto,Juan,0,18,Outfielder,LF,LF,18,52,1,46,0,2,.539,.700,7,48,.134,115,NYM,121,New York Mets,Mets,158,562,2,player,0,.175,1.313,2026
2026-08-10T21:33:44-04:00,2026,player,hitting,ytd,,,,22,33,161,11.50,.242,.329,90,33,0,1,1.000,9,24,19,23,50,5,26,9,5,,18,0.55,1,39,14,.071,0,.329,104,NL,76,11,4,869,.371,.942,4.411,197,Esmerlyn,Esmerlyn Valdez,699013,E Valdez,Valdez,Esmerlyn Valdez,Esmerlyn,0,6,Outfielder,RF,RF,19,38,0,28,0,2,.571,.000,0,73,.371,149,PIT,134,Pittsburgh Pirates,Pirates,92,361,1,player,0,.168,.452,2026
2026-08-10T21:33:44-04:00,2026,player,hitting,ytd,,,,31,96,415,15.96,.292,.339,306,69,2,3,.333,22,50,26,69,112,7,59,38,7,,89,0.93,5,121,26,.052,16,.251,104,NL,137,57,16,1872,.395,.937,3.774,496,Shohei,Shohei Ohtani,660271,S Ohtani,Ohtani,Shohei Ohtani,Shohei,0,11,Designated Hitter,DH,TWP,20,71,4,73,0,5,.542,.667,6,114,.230,262,LAD,119,Los Angeles Dodgers,Dodgers,225,865,2,player,0,.139,.605,2026
2026-08-10T21:33:44-04:00,2026,player,hitting,ytd,,,,23,3,7,7.00,.143,.000,5,1,0,0,.---,0,1,1,0,3,1,2,0,1,,1,0.33,2,1,1,.091,0,.429,103,AL,5,0,2,38,.364,.935,3.455,11,Kaelen,Kaelen Culpepper,701785,K Culpepper,Culpepper,Kaelen Culpepper,Kaelen,0,1,Shortstop,SS,SS,21,2,0,2,0,1,.571,.---,0,3,.273,5,MIN,142,Minnesota Twins,Twins,4,17,0,player,0,.091,.333,2026
2026-08-10T21:33:44-04:00,2026,player,hitting,ytd,,,,24,116,447,17.19,.286,.360,310,65,0,7,.189,23,56,46,63,119,2,56,35,2,,66,0.57,11,128,26,.049,4,.257,104,NL,153,44,25,2087,.388,.932,3.960,527,Pete,Pete Crow-Armstrong,691718,P Crow-Armstrong,Crow-Armstrong,Pete Crow-Armstrong,Pete,3,28,Outfielder,CF,CF,22,71,1,84,1,3,.544,.811,30,141,.268,282,CHC,112,Chicago Cubs,Cubs,243,1022,7,player,2,.123,.461,2026
2026-08-10T21:33:44-04:00,2026,player,hitting,ytd,,,,23,82,437,14.57,.265,.333,288,90,0,2,.105,26,57,29,51,114,5,47,36,5,,90,1.10,4,116,30,.056,9,.270,104,NL,158,51,26,2233,.393,.928,4.174,535,James,James Wood,695578,J Wood,Wood,James Wood,James,0,5,Outfielder,RF,RF,23,73,1,100,0,4,.535,.895,17,153,.286,259,WSH,120,Washington Nationals,Nationals,234,843,1,player,0,.168,.588,2026
2026-08-10T21:33:44-04:00,2026,player,hitting,ytd,,,,34,88,370,16.09,.284,.346,260,48,0,3,.500,18,43,30,48,108,8,47,29,8,,67,0.76,21,105,23,.052,2,.246,103,AL,146,45,15,1714,.394,.924,3.878,442,Willson,Willson Contreras,575929,W Contreras,Contreras,Willson Contreras,Willson,1,25,First Base,1B,1B,24,70,4,58,0,3,.530,.500,3,113,.256,260,BOS,111,Boston Red Sox,Red Sox,196,827,2,player,0,.109,.425,2026
2026-08-10T21:33:44-04:00,2026,player,hitting,ytd,,,,22,89,443,13.42,.278,.284,350,64,0,2,.500,18,52,32,47,117,21,76,38,21,,138,1.55,2,123,33,.065,10,.269,103,AL,194,52,17,1977,.370,.916,3.869,511,Junior,Junior Caminero,691406,J Caminero,Caminero,Junior Caminero,Junior,1,25,Third Base,3B,3B,25,71,2,71,0,2,.546,.500,2,95,.186,208,TB,139,Tampa Bay Rays,Rays,242,856,1,player,0,.125,.674,2026
2026-08-10T21:33:44-04:00,2026,player,hitting,ytd,,,,27,8,70,23.33,.286,.447,41,12,0,0,.000,5,9,4,3,32,2,8,9,2,,13,1.63,1,20,3,.036,0,.229,104,NL,34,7,2,335,.398,.912,4.036,83,Joseph,Joey Wiemer,686894,J Wiemer,Wiemer,Joey Wiemer,Joey,0,3,Outfielder,RF,RF,26,12,0,16,0,0,.514,1.000,1,29,.349,43,WSH,120,Washington Nationals,Nationals,36,135,1,player,0,.145,.414,2026
2026-08-10T21:33:44-04:00,2026,player,hitting,ytd,,,,26,54,295,11.35,.237,.295,175,62,0,3,.750,11,37,29,41,82,2,38,18,2,,51,0.94,1,70,26,.072,7,.302,103,AL,105,23,6,1564,.370,.909,4.357,359,Munetaka,Munetaka Murakami,808959,M Murakami,Murakami,Munetaka Murakami,Munetaka,0,7,First Base,1B,1B,27,54,0,61,0,1,.539,.250,1,121,.337,272,CWS,145,Chicago White Sox,White Sox,159,641,0,player,0,.173,.512,2026
2026-08-10T21:33:44-04:00,2026,player,hitting,ytd,,,,34,46,214,12.59,.248,.286,143,42,2,3,.375,10,27,20,26,59,8,29,11,8,,44,0.96,2,53,17,.065,5,.285,103,AL,77,22,10,1114,.375,.908,4.268,261,Aaron,Aaron Judge,592450,A Judge,Judge,Aaron Judge,Aaron,0,10,Outfielder,RF,RF,28,38,4,43,0,1,.533,.625,5,72,.276,152,NYY,147,New York Yankees,Yankees,114,478,0,player,1,.161,.583,2026
2026-08-10T21:33:44-04:00,2026,player,hitting,ytd,,,,33,90,418,11.94,.249,.324,248,78,1,1,.250,13,49,32,49,114,1,42,16,1,,54,0.60,6,104,35,.069,5,.287,104,NL,139,56,17,2143,.372,.908,4.235,506,Kyle,Kyle Schwarber,656941,K Schwarber,Schwarber,Kyle Schwarber,Kyle,0,24,Designated Hitter,DH,DH,28,68,2,69,0,3,.536,.750,3,173,.342,328,PHI,143,Philadelphia Phillies,Phillies,224,944,1,player,0,.154,.451,2026
2026-08-10T21:33:44-04:00,2026,player,hitting,ytd,,,,24,3,22,11.00,.273,.333,14,3,0,0,.---,0,2,2,3,9,0,4,3,0,,5,1.67,0,6,2,.080,0,.273,103,AL,6,1,0,114,.360,.905,4.560,25,Jonatan,Jonatan Clase,682729,J Clase,Clase,Jonatan Clase,Jonatan,0,0,Outfielder,LF,LF,30,6,0,4,0,0,.545,.---,0,8,.320,15,TOR,141,Toronto Blue Jays,Blue Jays,12,47,0,player,0,.120,.375,2026
2026-08-10T21:33:44-04:00,2026,player,hitting,ytd,,,,25,122,439,15.68,.287,.323,331,42,0,5,.185,23,54,35,60,116,6,56,35,6,,83,0.68,11,126,28,.056,2,.257,104,NL,174,56,23,1898,.359,.903,3.811,498,Paul,CJ Abrams,682928,C Abrams,Abrams,CJ Abrams,CJ,0,39,Shortstop,SS,SS,31,89,3,74,0,6,.544,.815,22,114,.229,281,WSH,120,Washington Nationals,Nationals,239,969,3,player,0,.084,.368,2026
2026-08-10T21:33:44-04:00,2026,player,hitting,ytd,,,,24,7,22,11.00,.273,.250,18,1,0,0,.---,1,3,2,6,8,1,3,1,1,,5,0.71,0,6,2,.087,0,.318,104,NL,7,3,1,109,.304,.895,4.739,23,Abimelec,Abimelec Ortiz,694673,A Ortiz,Ortiz,Abimelec Ortiz,Abimelec,0,0,First Base,1B,1B,32,4,0,2,0,0,.591,.---,0,4,.174,9,WSH,120,Washington Nationals,Nationals,13,50,0,player,0,.043,.250,2026
2026-08-10T21:33:44-04:00,2026,player,hitting,ytd,,,,27,94,420,13.12,.257,.283,301,58,0,0,.000,19,54,38,54,113,11,57,27,11,,99,1.05,3,108,32,.066,4,.288,103,AL,149,42,28,1938,.350,.895,4.012,483,Benjamin,Ben Rice,700250,B Rice,Rice,Ben Rice,Ben,1,12,Designated Hitter,DH,1B,32,75,2,72,0,2,.545,1.000,2,121,.251,219,NYY,147,New York Yankees,Yankees,229,846,3,player,0,.120,.479,2026
2026-08-10T21:33:44-04:00,2026,player,hitting,ytd,,,,28,26,147,12.25,.265,.325,95,17,0,0,.000,5,17,12,11,52,1,19,12,1,,30,1.15,2,39,12,.072,0,.279,104,NL,63,15,9,623,.349,.893,3.753,166,Griffin,Griffin Conine,665052,G Conine,Conine,Griffin Conine,Griffin,0,6,Outfielder,RF,RF,34,26,0,23,0,0,.544,1.000,2,52,.313,117,MIA,146,Miami Marlins,Marlins,80,307,0,player,1,.102,.327,2026
2026-08-10T21:33:44-04:00,2026,player,hitting,ytd,,,,32,119,462,13.59,.266,.297,334,52,0,0,.000,29,63,43,72,119,6,68,28,6,,92,0.77,3,123,34,.065,3,.284,104,NL,199,52,17,2224,.342,.892,4.277,520,Matthew,Matt Olson,621566,M Olson,Olson,Matt Olson,Matt,0,30,First Base,1B,1B,35,72,2,84,0,3,.550,1.000,2,131,.252,252,ATL,144,Atlanta Braves,Braves,254,1012,0,player,1,.100,.397,2026
2026-08-10T21:33:44-04:00,2026,player,hitting,ytd,,,,24,50,165,33.00,.297,.355,130,23,0,3,.333,13,21,7,30,50,2,33,16,2,,31,0.62,3,49,5,.026,2,.206,104,NL,69,25,12,764,.385,.888,3.898,196,Cole,Cole Carrigg,694249,C Carrigg,Carrigg,Cole Carrigg,Cole,1,8,Outfielder,CF,CF,36,30,0,35,1,4,.503,.667,6,40,.204,94,COL,115,Colorado Rockies,Rockies,83,387,3,player,0,.117,.575,2026
2026-08-10T21:33:44-04:00,2026,player,hitting,ytd,,,,28,11,42,21.00,.262,.290,34,5,0,0,.000,4,7,5,5,19,1,7,3,1,,12,1.09,0,11,2,.042,0,.286,103,AL,19,3,2,181,.340,.888,3.771,48,John,John Rave,670231,J Rave,Rave,John Rave,John,0,4,Outfielder,RF,RF,36,2,0,7,1,0,.548,1.000,2,9,.188,19,KC,118,Kansas City Royals,Royals,23,77,1,player,0,.104,.556,2026
2026-08-10T21:33:44-04:00,2026,player,hitting,ytd,,,,30,73,354,16.86,.271,.330,248,58,0,3,.273,16,39,26,49,105,3,56,25,3,,79,1.08,3,96,21,.050,3,.234,104,NL,162,45,18,1708,.376,.882,4.096,417,Jakob,Jake Bauers,641343,J Bauers,Bauers,Jake Bauers,Jake,0,6,First Base,1B,1B,38,67,1,69,0,2,.506,.727,8,108,.259,195,MIL,158,Milwaukee Brewers,Brewers,179,697,2,player,1,.139,.537,2026
2026-08-10T21:33:44-04:00,2026,player,hitting,ytd,,,,23,60,352,16.76,.256,.363,211,79,0,1,.125,15,37,24,37,99,5,35,27,5,,61,1.02,3,90,21,.048,9,.227,103,AL,109,39,16,1851,.396,.879,4.265,434,Nicholas,Nick Kurtz,701762,N Kurtz,Kurtz,Nick Kurtz,Nick,0,7,First Base,1B,1B,39,69,3,62,0,0,.483,.875,7,141,.325,294,ATH,133,Athletics,Athletics,170,797,1,player,1,.182,.560,2026
2026-08-10T21:33:44-04:00,2026,player,hitting,ytd,,,,28,81,275,14.47,.276,.306,205,15,0,0,.000,14,37,25,52,80,4,44,22,4,,48,0.59,3,76,19,.064,0,.287,104,NL,94,28,10,1035,.315,.879,3.473,298,McKenzie,Mickey Moniak,666160,M Moniak,Moniak,Mickey Moniak,Mickey,1,19,Outfielder,LF,LF,39,52,0,40,0,5,.564,1.000,1,75,.252,173,COL,115,Colorado Rockies,Rockies,155,592,4,player,0,.050,.200,2026
2026-08-10T21:33:44-04:00,2026,player,hitting,ytd,,,,29,58,197,19.70,.279,.300,161,33,0,0,.000,10,21,12,34,58,2,28,14,2,,48,0.83,2,55,10,.043,0,.213,103,AL,68,28,8,1015,.386,.878,4.338,234,Ryan,Ryan Jeffers,680777,R Jeffers,Jeffers,Ryan Jeffers,Ryan,1,16,Catcher,C,C,41,39,3,34,0,1,.492,1.000,1,38,.162,68,MIN,142,Minnesota Twins,Twins,97,395,1,player,0,.141,.868,2026
2026-08-10T21:33:44-04:00,2026,player,hitting,ytd,,,,27,29,115,28.75,.296,.370,85,17,0,0,.---,9,13,4,17,41,3,9,9,3,,22,0.76,2,34,4,.030,0,.183,104,NL,51,21,4,557,.396,.874,4.157,134,Luis,Luis Campusano,669134,L Campusano,Campusano,Luis Campusano,Luis,0,8,Catcher,C,C,42,16,1,14,0,0,.478,.---,0,30,.224,64,SD,135,San Diego Padres,Padres,55,251,0,player,0,.127,.567,2026
2026-08-10T21:33:44-04:00,2026,player,hitting,ytd,,,,21,8,37,37.00,.297,.435,24,4,0,0,.---,2,4,5,3,9,0,9,2,0,,5,0.63,1,11,1,.024,0,.189,103,AL,19,4,3,173,.381,.867,4.119,42,Maxwell,Max Clark,703601,M Clark,Clark,Max Clark,Max,0,2,Outfielder,CF,CF,43,7,0,5,0,0,.486,.---,0,13,.310,15,DET,116,Detroit Tigers,Tigers,18,83,1,player,0,.095,.308,2026
2026-08-10T21:33:44-04:00,2026,player,hitting,ytd,,,,26,93,405,11.91,.254,.309,257,37,0,4,.444,16,50,38,52,108,6,43,23,6,,61,0.66,4,103,34,.076,3,.291,104,NL,191,42,20,1691,.321,.867,3.766,449,Hunter,Hunter Goodman,696100,H Goodman,Goodman,Hunter Goodman,Hunter,0,21,Catcher,C,C,43,69,3,67,0,3,.546,.556,5,151,.336,331,COL,115,Colorado Rockies,Rockies,221,913,0,player,0,.082,.245,2026
2026-08-10T21:33:44-04:00,2026,player,hitting,ytd,,,,33,105,421,16.84,.254,.278,320,79,0,5,.417,22,50,28,60,120,13,79,31,13,,108,1.03,1,107,25,.049,3,.245,104,NL,171,48,34,1980,.368,.867,3.898,508,Bryce,Bryce Harper,547180,B Harper,Harper,Bryce Harper,Bryce,0,11,First Base,1B,1B,43,71,2,72,0,7,.499,.583,7,108,.213,305,PHI,143,Philadelphia Phillies,Phillies,210,995,3,player,0,.156,.731,2026
2026-08-10T21:33:44-04:00,2026,player,hitting,ytd,,,,32,109,331,13.24,.263,.282,245,24,0,1,.125,16,42,28,57,82,2,51,29,2,,49,0.45,5,87,25,.069,2,.281,103,AL,141,30,22,1321,.320,.864,3.649,362,Byron,Byron Buxton,621439,B Buxton,Buxton,Byron Buxton,Byron,0,30,Outfielder,CF,CF,46,45,2,57,0,2,.544,.875,7,88,.243,219,MIN,142,Minnesota Twins,Twins,180,703,1,player,0,.066,.273,2026
2026-08-10T21:33:44-04:00,2026,player,hitting,ytd,,,,27,114,415,15.96,.272,.298,318,29,2,0,.---,23,51,38,54,109,11,69,27,11,,91,0.80,13,113,26,.056,0,.253,103,AL,185,48,33,1801,.337,.862,3.898,462,Francis,Dillon Dingler,693307,D Dingler,Dingler,Dillon Dingler,Dillon,0,27,Catcher,C,C,47,80,6,64,0,3,.525,.---,0,100,.216,181,DET,116,Detroit Tigers,Tigers,218,852,2,player,0,.063,.290,2026
2026-08-10T21:33:44-04:00,2026,player,hitting,ytd,,,,26,98,376,15.67,.279,.278,315,18,0,1,.200,20,49,24,42,109,6,73,26,6,,112,1.14,0,105,24,.061,0,.271,103,AL,153,55,30,1423,.311,.862,3.603,395,Luis,Luis García Jr.,671277,L García Jr.,García,Luis García Jr.,Luis,0,26,First Base,1B,1B,47,78,3,50,0,1,.551,.800,4,62,.157,147,NYY,147,New York Yankees,Yankees,207,763,5,player,0,.046,.290,2026
2026-08-10T21:33:44-04:00,2026,player,hitting,ytd,,,,28,55,200,40.00,.300,.340,167,27,0,0,.---,15,22,9,30,73,5,27,20,5,,52,0.95,4,60,5,.021,1,.170,104,NL,112,30,19,926,.391,.861,3.974,233,Andrew,Andrew Vaughn,683734,A Vaughn,Vaughn,Andrew Vaughn,Andrew,1,6,First Base,1B,1B,49,34,1,26,0,2,.470,.---,0,35,.150,73,MIL,158,Milwaukee Brewers,Brewers,94,362,2,player,0,.116,.771,2026
2026-08-10T21:33:44-04:00,2026,player,hitting,ytd,,,,30,2,17,-.--,.353,.462,13,1,0,0,.000,2,2,0,2,11,0,3,3,0,,5,2.50,0,6,0,.000,0,.118,104,NL,10,3,0,69,.389,.860,3.833,18,José,José Azócar,640492,J Azócar,Azócar,José Azócar,José,0,0,Outfielder,RF,RF,50,0,0,2,0,0,.471,1.000,1,4,.222,11,ATL,144,Atlanta Braves,Braves,8,40,0,player,0,.056,.250,2026
2026-08-10T21:33:44-04:00,2026,player,hitting,ytd,,,,28,96,369,28.38,.306,.342,309,18,0,4,.167,25,45,24,43,103,5,52,39,5,,100,1.04,4,113,13,.033,0,.211,104,NL,124,49,36,1307,.342,.860,3.276,399,Jacob,Jake McCarthy,664983,J McCarthy,McCarthy,Jake McCarthy,Jake,1,17,Outfielder,LF,LF,50,67,1,57,4,4,.518,.833,20,68,.170,170,COL,115,Colorado Rockies,Rockies,191,736,7,player,1,.045,.265,2026
2026-08-10T21:33:44-04:00,2026,player,hitting,ytd,,,,27,37,126,25.20,.262,.364,83,18,1,3,.100,10,16,7,17,75,0,12,10,0,,13,0.35,7,33,5,.032,0,.214,104,NL,55,16,7,614,.382,.858,3.987,154,Esteury,Esteury Ruiz,665923,E Ruiz,Ruiz,Esteury Ruiz,Esteury,0,13,Outfielder,RF,RF,52,10,1,30,1,1,.476,.900,27,45,.292,94,MIA,146,Miami Marlins,Marlins,60,285,1,player,0,.117,.400,2026
2026-08-10T21:33:44-04:00,2026,player,hitting,ytd,,,,24,11,58,14.50,.293,.333,43,1,0,2,.667,3,7,6,6,24,2,12,8,2,,15,1.36,0,17,4,.068,0,.259,104,NL,26,3,4,229,.305,.857,3.881,59,Victor,Victor Bericoto,682674,V Bericoto,Bericoto,Victor Bericoto,Victor,0,1,Outfielder,RF,RF,53,9,0,7,0,0,.552,.333,1,15,.254,35,SF,137,San Francisco Giants,Giants,32,129,0,player,1,.017,.067,2026
2026-08-10T21:33:44-04:00,2026,player,hitting,ytd,,,,31,71,293,18.31,.287,.327,224,17,1,1,.500,15,33,20,38,93,7,37,29,7,,69,0.97,10,84,16,.049,1,.229,104,NL,129,35,21,1308,.342,.857,4.012,326,Tyler,Ty France,664034,T France,France,Ty France,Ty,0,12,First Base,1B,1B,53,50,2,39,0,5,.515,.500,1,74,.227,190,SD,135,San Diego Padres,Padres,151,690,2,player,0,.052,.230,2026
2026-08-10T21:33:44-04:00,2026,player,hitting,ytd,,,,23,10,38,38.00,.316,.407,28,3,0,0,.000,2,3,3,8,12,0,3,5,0,,6,0.60,3,12,1,.023,0,.132,104,NL,15,4,2,175,.409,.856,3.977,44,Jordan,Jordan Lawlar,691783,J Lawlar,Lawlar,Jordan Lawlar,Jordan,0,0,Outfielder,LF,LF,55,4,1,6,0,0,.447,1.000,4,10,.227,18,AZ,109,Arizona Diamondbacks,D-backs,17,79,0,player,0,.068,.300,2026
2026-08-10T21:33:44-04:00,2026,player,hitting,ytd,,,,25,8,31,10.33,.258,.217,26,0,0,0,.000,1,4,4,7,10,0,5,1,0,,10,1.25,1,8,3,.091,0,.323,104,NL,10,3,0,125,.273,.854,3.788,33,Osleivis,Osleivis Basabe,678545,O Basabe,Basabe,Osleivis Basabe,Osleivis,0,1,Second Base,2B,2B,56,8,0,5,0,1,.581,1.000,1,6,.182,12,SF,137,San Francisco Giants,Giants,18,63,0,player,0,.000,.---,2026
2026-08-10T21:33:44-04:00,2026,player,hitting,ytd,,,,24,75,387,19.35,.271,.337,272,48,0,6,.222,18,43,25,48,98,5,48,36,5,,92,1.23,2,105,20,.046,0,.227,104,NL,147,44,23,1765,.353,.852,4.021,439,Elly,Elly De La Cruz,682829,E De La Cruz,De La Cruz,Elly De La Cruz,Elly,0,4,Shortstop,SS,SS,57,54,4,66,0,2,.499,.778,21,117,.267,205,CIN,113,Cincinnati Reds,Reds,193,732,5,player,0,.109,.410,2026
2026-08-10T21:33:44-04:00,2026,player,hitting,ytd,,,,36,109,435,29.00,.303,.338,361,51,0,0,.000,27,43,27,68,115,18,85,36,18,,120,1.10,3,132,15,.030,1,.170,104,NL,192,67,30,2012,.377,.851,4.081,493,Frederick,Freddie Freeman,518692,F Freeman,Freeman,Freddie Freeman,Freddie,2,11,First Base,1B,1B,58,55,1,58,0,4,.474,1.000,5,78,.158,221,LAD,119,Los Angeles Dodgers,Dodgers,206,1026,1,player,1,.103,.654,2026
2026-08-10T21:33:44-04:00,2026,player,hitting,ytd,,,,25,88,285,16.76,.253,.268,222,39,0,2,.250,17,35,24,44,88,7,50,21,7,,62,0.70,5,72,17,.052,0,.246,103,AL,127,26,26,1403,.353,.851,4.264,329,Curtis,Curtis Mead,678554,C Mead,Mead,Curtis Mead,Curtis,1,18,Second Base,2B,3B,58,48,2,49,0,0,.498,.750,6,63,.191,103,BOS,111,Boston Red Sox,Red Sox,142,568,1,player,0,.119,.619,2026
2026-08-10T21:33:44-04:00,2026,player,hitting,ytd,,,,27,22,98,16.33,.235,.262,71,14,0,0,.---,8,14,8,14,49,4,18,7,4,,26,1.18,3,23,6,.052,0,.265,104,NL,37,8,3,439,.348,.848,3.817,115,Andrés,Andrés Chaparro,665953,A Chaparro,Chaparro,Andrés Chaparro,Andrés,0,5,First Base,1B,1B,60,28,2,20,0,0,.500,.---,0,27,.235,63,WSH,120,Washington Nationals,Nationals,49,203,0,player,0,.122,.519,2026
2026-08-10T21:33:44-04:00,2026,player,hitting,ytd,,,,28,70,279,21.46,.297,.337,221,21,0,1,.111,12,26,12,40,71,3,29,29,3,,68,0.97,6,83,13,.042,0,.190,103,AL,85,42,16,1142,.357,.844,3.708,308,Jeremy,Jeremy Peña,665161,J Peña,Peña,Jeremy Peña,Jeremy,0,14,Shortstop,SS,SS,61,37,4,54,0,2,.487,.889,8,60,.195,185,HOU,117,Houston Astros,Astros,136,620,1,player,0,.068,.350,2026
2026-08-10T21:33:44-04:00,2026,player,hitting,ytd,,,,34,5,21,21.00,.286,.313,17,1,0,0,.---,2,3,1,3,10,0,6,2,0,,6,1.20,0,6,1,.045,0,.238,104,NL,6,3,0,84,.318,.842,3.818,22,Enrique,Enrique Hernández,571771,E Hernández,Hernández,Enrique Hernández,Enrique,0,2,Third Base,3B,1B,62,2,0,3,0,0,.524,.---,0,4,.182,9,LAD,119,Los Angeles Dodgers,Dodgers,11,50,0,player,0,.045,.250,2026
2026-08-10T21:33:44-04:00,2026,player,hitting,ytd,,,,26,34,135,19.29,.267,.333,94,23,1,1,.143,6,13,7,24,45,4,21,7,4,,24,0.71,0,36,7,.044,0,.200,104,NL,70,22,4,612,.373,.840,3.849,159,Endy,Endy Rodríguez,682848,E Rodríguez,Rodríguez,Endy Rodríguez,Endy,0,6,Catcher,C,C,63,20,1,20,0,0,.467,.857,6,41,.258,69,PIT,134,Pittsburgh Pirates,Pirates,63,273,0,player,0,.145,.561,2026
2026-08-10T21:33:44-04:00,2026,player,hitting,ytd,,,,25,4,27,-.--,.333,.450,20,1,0,0,.---,4,4,5,2,9,1,8,2,1,,7,1.75,0,9,0,.000,0,.148,104,NL,11,2,1,97,.357,.838,3.464,28,Tyler,Tyler Black,672012,T Black,Black,Tyler Black,Tyler,0,1,Designated Hitter,DH,DH,64,7,0,2,0,0,.481,.---,0,7,.250,12,MIL,158,Milwaukee Brewers,Brewers,13,52,0,player,0,.036,.143,2026
2026-08-10T21:33:44-04:00,2026,player,hitting,ytd,,,,34,79,309,14.71,.249,.268,230,39,1,0,.000,11,34,23,44,106,9,45,22,9,,74,0.94,3,77,21,.059,1,.252,103,AL,97,32,21,1429,.336,.838,4.025,355,Joc,Joc Pederson,592626,J Pederson,Pederson,Joc Pederson,Joc,0,14,Designated Hitter,DH,DH,64,44,2,48,0,3,.502,1.000,2,82,.231,196,TEX,140,Texas Rangers,Rangers,155,662,2,player,0,.110,.476,2026
2026-08-10T21:33:44-04:00,2026,player,hitting,ytd,,,,25,4,32,32.00,.281,.320,26,4,0,0,.000,3,4,1,3,11,3,7,1,3,,13,3.25,1,9,1,.026,0,.188,104,NL,20,7,0,151,.368,.837,3.974,38,Tyler,Tyler Locklear,682988,T Locklear,Locklear,Tyler Locklear,Tyler,0,1,First Base,1B,1B,66,6,0,8,0,1,.469,1.000,1,7,.184,17,AZ,109,Arizona Diamondbacks,D-backs,15,75,0,player,0,.105,.571,2026
2026-08-10T21:33:44-04:00,2026,player,hitting,ytd,,,,30,26,121,17.29,.273,.347,84,9,0,1,.333,7,14,11,16,64,4,20,11,4,,25,0.96,2,33,7,.052,0,.231,103,AL,51,11,5,525,.331,.835,3.889,135,Jose,Jose Siri,642350,J Siri,Siri,Jose Siri,Jose,0,5,Outfielder,LF,CF,67,20,1,23,2,1,.504,.667,2,40,.296,98,LAA,108,Los Angeles Angels,Angels,61,280,0,player,1,.067,.225,2026
2026-08-10T21:33:44-04:00,2026,player,hitting,ytd,,,,26,115,410,31.54,.295,.325,345,45,0,0,.---,24,39,26,71,115,4,58,27,4,,109,0.95,7,121,13,.028,0,.163,104,NL,159,68,24,1718,.373,.832,3.703,464,Toby,TJ Rumfield,681198,T Rumfield,Rumfield,TJ Rumfield,TJ,0,20,First Base,1B,1B,68,59,3,50,0,2,.459,.---,0,67,.144,173,COL,115,Colorado Rockies,Rockies,188,867,2,player,0,.097,.672,2026
2026-08-10T21:33:44-04:00,2026,player,hitting,ytd,,,,31,102,383,20.16,.269,.329,274,53,0,0,.000,20,39,25,54,101,9,65,24,9,,69,0.68,4,103,19,.043,4,.201,104,NL,210,54,21,1908,.361,.831,4.307,443,Seiya,Seiya Suzuki,673548,S Suzuki,Suzuki,Seiya Suzuki,Seiya,0,27,Outfielder,RF,RF,69,66,5,63,0,3,.470,1.000,2,112,.253,200,CHC,112,Chicago Cubs,Cubs,180,778,0,player,1,.120,.473,2026
2026-08-10T21:33:44-04:00,2026,player,hitting,ytd,,,,24,104,447,19.44,.284,.340,329,37,0,5,.263,23,46,27,52,115,9,69,39,9,,98,0.94,3,127,23,.047,1,.206,104,NL,210,61,25,1756,.341,.831,3.584,490,Jordan,Jordan Walker,691023,J Walker,Walker,Jordan Walker,Jordan,0,27,Outfielder,RF,RF,69,83,4,69,0,3,.490,.737,14,121,.247,284,STL,138,St. Louis Cardinals,Cardinals,219,912,0,player,0,.076,.306,2026
2026-08-10T21:33:44-04:00,2026,player,hitting,ytd,,,,27,117,448,23.58,.283,.308,370,44,0,0,.000,28,48,27,75,118,10,96,40,10,,126,1.08,4,127,19,.038,4,.194,104,NL,206,60,22,1825,.351,.829,3.657,499,Alec,Alec Burleson,676475,A Burleson,Burleson,Alec Burleson,Alec,0,20,First Base,1B,1B,71,80,1,63,0,3,.478,1.000,3,81,.162,207,STL,138,St. Louis Cardinals,Cardinals,214,951,1,player,0,.088,.543,2026
2026-08-10T21:33:44-04:00,2026,player,hitting,ytd,,,,28,114,376,16.35,.263,.295,281,34,0,1,.333,19,42,23,65,93,5,57,29,5,,68,0.60,5,99,23,.055,2,.234,103,AL,165,46,22,1557,.332,.829,3.743,416,Shea,Shea Langeliers,669127,S Langeliers,Langeliers,Shea Langeliers,Shea,1,27,Catcher,C,C,71,51,2,55,0,1,.497,.667,2,96,.231,222,ATH,133,Athletics,Athletics,187,781,0,player,0,.082,.354,2026
2026-08-10T21:33:44-04:00,2026,player,hitting,ytd,,,,35,88,355,16.14,.248,.288,251,48,0,0,.000,16,39,29,53,108,5,55,26,5,,75,0.85,3,88,22,.054,3,.237,104,NL,190,33,18,1635,.342,.827,4.027,406,Maxwell,Max Muncy,571970,M Muncy,Muncy,Max Muncy,Max,0,17,Third Base,3B,3B,73,52,1,62,0,0,.485,1.000,2,104,.256,214,LAD,119,Los Angeles Dodgers,Dodgers,172,738,1,player,1,.118,.462,2026
2026-08-10T21:33:44-04:00,2026,player,hitting,ytd,,,,28,21,86,28.67,.314,.353,75,7,0,3,.167,4,7,4,11,52,3,18,12,3,,27,1.29,0,27,3,.031,0,.151,103,AL,43,11,6,327,.362,.827,3.337,98,Tyler,Tyler Tolbert,686475,T Tolbert,Tolbert,Tyler Tolbert,Tyler,0,4,Shortstop,SS,SS,73,6,2,23,4,1,.465,.833,15,16,.163,44,KC,118,Kansas City Royals,Royals,40,164,0,player,0,.071,.438,2026
2026-08-10T21:33:44-04:00,2026,player,hitting,ytd,,,,26,89,318,39.75,.302,.335,271,42,0,1,.200,21,29,17,52,90,6,50,30,6,,86,0.97,4,96,8,.022,0,.142,104,NL,132,48,24,1633,.382,.825,4.390,372,Gabriel,Gabriel Moreno,672515,G Moreno,Moreno,Gabriel Moreno,Gabriel,1,13,Catcher,C,C,75,51,2,48,0,8,.443,.800,4,55,.148,106,AZ,109,Arizona Diamondbacks,D-backs,141,682,0,player,0,.113,.764,2026
2026-08-10T21:33:44-04:00,2026,player,hitting,ytd,,,,33,51,160,17.78,.225,.233,125,37,0,0,.---,7,17,12,23,62,6,24,10,6,,38,0.75,2,36,9,.045,0,.225,104,NL,87,14,12,844,.375,.825,4.220,200,Gary,Gary Sánchez,596142,G Sánchez,Sánchez,Gary Sánchez,Gary,0,16,Catcher,C,C,75,27,0,30,0,1,.450,.---,0,36,.180,76,MIL,158,Milwaukee Brewers,Brewers,72,296,1,player,0,.185,1.028,2026
2026-08-10T21:33:44-04:00,2026,player,hitting,ytd,,,,30,60,262,20.15,.267,.324,189,29,0,0,.---,18,31,18,29,87,2,40,16,2,,59,0.98,0,70,13,.045,1,.218,103,AL,99,36,21,1240,.339,.824,4.247,292,David,Nathaniel Lowe,663993,N Lowe,Lowe,Nathaniel Lowe,Nathaniel,0,10,First Base,1B,DH,77,43,4,27,0,1,.485,.---,0,74,.253,126,CLE,114,Cleveland Guardians,Guardians,127,569,0,player,2,.099,.392,2026
2026-08-10T21:33:44-04:00,2026,player,hitting,ytd,,,,26,89,437,27.31,.272,.346,318,65,0,4,.200,27,46,23,52,112,7,74,39,7,,110,1.24,0,119,16,.031,3,.185,104,NL,166,57,33,2150,.365,.823,4.232,508,Brice,Brice Turang,668930,B Turang,Turang,Brice Turang,Brice,0,4,Second Base,2B,2B,78,74,3,74,4,2,.458,.800,16,125,.246,205,MIL,158,Milwaukee Brewers,Brewers,200,921,3,player,1,.128,.520,2026
2026-08-10T21:33:44-04:00,2026,player,hitting,ytd,,,,27,33,250,17.86,.264,.377,152,30,0,4,.160,10,24,18,19,64,3,31,19,3,,53,1.61,3,66,14,.049,2,.208,104,NL,102,29,9,1157,.350,.822,4.088,283,Oneil,Oneil Cruz,665833,O Cruz,Cruz,Oneil Cruz,Oneil,0,5,Outfielder,CF,CF,79,44,3,45,0,0,.472,.840,21,98,.346,191,PIT,134,Pittsburgh Pirates,Pirates,118,505,0,player,0,.106,.306,2026
2026-08-10T21:33:44-04:00,2026,player,hitting,ytd,,,,31,89,440,29.33,.268,.343,315,72,0,0,.000,28,45,29,53,120,5,65,42,5,,108,1.21,8,118,15,.029,3,.175,104,NL,181,46,29,2058,.379,.822,3.943,522,Bryan,Bryan Reynolds,668804,B Reynolds,Reynolds,Bryan Reynolds,Bryan,1,7,Outfielder,LF,LF,79,63,3,80,0,2,.443,1.000,7,127,.243,275,PIT,134,Pittsburgh Pirates,Pirates,195,940,2,player,1,.138,.567,2026
2026-08-10T21:33:44-04:00,2026,player,hitting,ytd,,,,34,108,439,29.27,.298,.327,370,43,0,1,.250,20,36,23,52,112,12,65,51,12,,131,1.21,9,131,15,.030,4,.153,103,AL,141,57,34,1855,.370,.821,3.747,495,Yandy,Yandy Díaz,650490,Y Díaz,Díaz,Yandy Díaz,Yandy,0,22,Designated Hitter,DH,DH,81,65,3,62,0,4,.451,.750,3,73,.147,126,TB,139,Tampa Bay Rays,Rays,198,865,1,player,0,.087,.589,2026
2026-08-10T21:33:44-04:00,2026,player,hitting,ytd,,,,27,117,462,51.33,.318,.348,405,24,0,4,.148,29,45,19,68,115,8,87,71,8,,141,1.21,4,147,9,.018,0,.152,104,NL,174,57,33,1818,.351,.821,3.643,499,Otto,Otto Lopez,672640,O Lopez,Lopez,Otto Lopez,Otto,0,16,Shortstop,SS,SS,81,53,9,72,0,9,.470,.852,23,66,.132,166,MIA,146,Miami Marlins,Marlins,217,849,7,player,0,.048,.364,2026
2026-08-10T21:33:44-04:00,2026,player,hitting,ytd,,,,34,92,357,18.79,.235,.290,243,79,0,0,.000,16,35,27,56,99,7,50,21,7,,67,0.73,5,84,19,.043,9,.204,103,AL,131,35,22,1887,.380,.820,4.269,442,Michael,Mike Trout,545361,M Trout,Trout,Mike Trout,Mike,1,14,Outfielder,CF,CF,83,41,6,66,0,1,.440,1.000,8,115,.260,178,LAA,108,Los Angeles Angels,Angels,157,745,0,player,0,.179,.687,2026
2026-08-10T21:33:44-04:00,2026,player,hitting,ytd,,,,22,81,346,20.35,.275,.328,255,32,0,2,.167,20,37,20,52,84,6,51,38,6,,79,0.98,2,95,17,.045,4,.205,104,NL,151,37,14,1481,.339,.819,3.887,381,Jackson,Jackson Chourio,694192,J Chourio,Chourio,Jackson Chourio,Jackson,0,15,Outfielder,LF,LF,84,47,3,58,0,1,.480,.833,10,92,.241,164,MIL,158,Milwaukee Brewers,Brewers,166,695,0,player,0,.084,.348,2026
2026-08-10T21:33:44-04:00,2026,player,hitting,ytd,,,,21,162,437,36.42,.286,.317,369,73,0,1,.083,20,35,24,109,114,4,61,38,4,,82,0.51,3,125,12,.023,1,.142,103,AL,152,62,23,2073,.390,.818,4.025,515,Kevin,Kevin McGonigle,805808,K McGonigle,McGonigle,Kevin McGonigle,Kevin,1,30,Shortstop,SS,SS,85,45,2,76,0,2,.428,.917,11,70,.136,143,DET,116,Detroit Tigers,Tigers,187,883,3,player,1,.142,1.043,2026
2026-08-10T21:33:44-04:00,2026,player,hitting,ytd,,,,32,34,123,41.00,.285,.337,100,14,0,1,.500,10,14,6,17,52,3,19,13,3,,31,0.91,1,35,3,.021,0,.171,103,AL,47,16,13,534,.362,.817,3.814,140,Donovan,Donovan Walton,622268,D Walton,Walton,Donovan Walton,Donovan,0,4,Second Base,2B,2B,86,16,0,22,2,0,.455,.500,1,25,.179,65,ATH,133,Athletics,Athletics,56,266,1,player,0,.100,.560,2026
2026-08-10T21:33:44-04:00,2026,player,hitting,ytd,,,,35,5,18,18.00,.278,.364,12,1,0,0,.---,1,2,1,3,6,0,2,1,0,,2,0.40,0,5,1,.053,0,.222,103,AL,10,3,1,74,.316,.816,3.895,19,Luke,Luke Maile,571912,L Maile,Maile,Luke Maile,Luke,0,1,Catcher,C,C,87,5,0,2,0,0,.500,.---,0,6,.316,9,KC,118,Kansas City Royals,Royals,9,36,0,player,0,.053,.167,2026
2026-08-10T21:33:44-04:00,2026,player,hitting,ytd,,,,28,75,307,17.06,.251,.268,238,31,0,1,.500,17,36,22,45,104,6,57,22,6,,86,1.15,4,77,18,.052,2,.238,103,AL,127,32,20,1292,.326,.815,3.756,344,Dominic,Dominic Canzone,686527,D Canzone,Canzone,Dominic Canzone,Dominic,1,10,Designated Hitter,DH,DH,88,49,0,41,0,2,.489,.500,1,71,.206,176,SEA,136,Seattle Mariners,Mariners,150,621,1,player,0,.090,.437,2026
2026-08-10T21:33:44-04:00,2026,player,hitting,ytd,,,,25,104,422,26.38,.273,.356,294,61,0,1,.250,25,42,26,73,116,11,53,32,11,,75,0.72,3,115,16,.033,4,.178,103,AL,198,56,20,2052,.365,.815,4.179,491,Riley,Riley Greene,682985,R Greene,Greene,Riley Greene,Riley,1,11,Outfielder,LF,LF,88,54,3,64,0,5,.450,.750,3,133,.271,283,DET,116,Detroit Tigers,Tigers,190,951,1,player,0,.124,.459,2026
2026-08-10T21:33:44-04:00,2026,player,hitting,ytd,,,,24,90,383,20.16,.245,.269,298,52,0,1,.500,25,47,31,51,106,9,52,25,9,,114,1.27,3,94,19,.043,4,.230,103,AL,171,37,18,1686,.339,.814,3.841,439,Tyler,Tyler Soderstrom,691016,T Soderstrom,Soderstrom,Tyler Soderstrom,Tyler,1,21,Outfielder,LF,LF,90,55,4,56,0,1,.475,.500,1,86,.196,175,ATH,133,Athletics,Athletics,182,771,3,player,0,.118,.605,2026
2026-08-10T21:33:44-04:00,2026,player,hitting,ytd,,,,31,114,444,17.76,.250,.290,322,59,0,1,.167,22,47,32,71,119,12,74,30,12,,97,0.85,7,111,25,.049,3,.218,103,AL,214,49,26,2116,.344,.812,4.117,514,Peter,Pete Alonso,624413,P Alonso,Alonso,Pete Alonso,Pete,0,17,First Base,1B,1B,91,75,2,71,0,4,.468,.833,5,126,.245,254,BAL,110,Baltimore Orioles,Orioles,208,939,0,player,1,.115,.468,2026
2026-08-10T21:33:44-04:00,2026,player,hitting,ytd,,,,31,88,409,29.21,.276,.330,314,45,0,6,.231,24,39,17,51,111,12,56,43,12,,113,1.28,17,113,14,.030,0,.166,103,AL,152,52,26,1911,.369,.812,4.032,474,Randy,Randy Arozarena,668227,R Arozarena,Arozarena,Randy Arozarena,Randy,1,11,Outfielder,LF,LF,91,49,6,73,0,3,.443,.769,20,98,.207,238,SEA,136,Seattle Mariners,Mariners,181,891,1,player,1,.095,.459,2026
2026-08-10T21:33:44-04:00,2026,player,hitting,ytd,,,,25,80,375,18.75,.272,.308,286,44,0,1,.333,8,28,24,44,96,13,48,29,13,,104,1.30,7,102,20,.047,2,.181,104,NL,131,48,23,1641,.358,.811,3.843,427,Drake,Drake Baldwin,686948,D Baldwin,Baldwin,Drake Baldwin,Drake,1,13,Catcher,C,C,93,60,1,63,0,1,.453,.667,2,90,.211,196,ATL,144,Atlanta Braves,Braves,170,830,0,player,0,.103,.489,2026
2026-08-10T21:33:44-04:00,2026,player,hitting,ytd,,,,25,106,429,21.45,.291,.323,345,17,0,2,.250,24,45,19,62,113,3,61,39,3,,114,1.08,2,125,20,.044,0,.200,104,NL,155,67,22,1619,.319,.811,3.590,451,Michael,Michael Harris II,671739,M Harris II,Harris,Michael Harris II,Michael,0,22,Outfielder,CF,CF,93,67,2,59,0,3,.492,.750,6,87,.193,228,ATL,144,Atlanta Braves,Braves,211,902,1,player,0,.038,.195,2026
2026-08-10T21:33:44-04:00,2026,player,hitting,ytd,,,,28,88,268,26.80,.269,.286,227,43,0,0,.000,12,23,14,50,81,11,37,22,11,,67,0.76,6,72,10,.031,0,.164,104,NL,121,35,13,1283,.377,.810,3.997,321,Spencer,Spencer Horwitz,687462,S Horwitz,Horwitz,Spencer Horwitz,Spencer,1,25,First Base,1B,1B,95,37,1,37,0,4,.433,1.000,1,45,.140,82,PIT,134,Pittsburgh Pirates,Pirates,116,523,1,player,0,.134,.956,2026
2026-08-10T21:33:44-04:00,2026,player,hitting,ytd,,,,25,56,217,18.08,.253,.316,148,23,0,0,.---,12,24,13,27,74,2,31,11,2,,37,0.66,4,55,12,.049,0,.221,104,NL,111,31,16,918,.335,.810,3.747,245,Dalton,Dalton Rushing,687221,D Rushing,Rushing,Dalton Rushing,Dalton,0,13,Catcher,C,C,95,36,1,37,0,1,.475,.---,0,70,.286,143,LAD,119,Los Angeles Dodgers,Dodgers,103,453,0,player,2,.094,.329,2026
2026-08-10T21:33:44-04:00,2026,player,hitting,ytd,,,,26,162,430,17.92,.235,.241,343,66,1,2,.143,26,51,32,93,116,7,79,22,7,,80,0.49,7,101,24,.047,2,.233,103,AL,175,46,35,1984,.343,.810,3.898,509,Miguel,Miguel Vargas,678246,M Vargas,Vargas,Miguel Vargas,Miguel,1,34,Third Base,3B,3B,95,67,3,78,0,5,.467,.857,12,92,.181,193,CWS,145,Chicago White Sox,White Sox,201,897,1,player,1,.130,.717,2026
2026-08-10T21:33:44-04:00,2026,player,hitting,ytd,,,,26,9,42,42.00,.286,.344,33,9,0,0,.---,2,3,5,4,23,0,10,2,0,,12,1.33,0,12,1,.019,0,.119,103,AL,26,5,3,202,.404,.809,3.885,52,Benjamin,Ben Malgeri,701162,B Malgeri,Malgeri,Ben Malgeri,Ben,0,2,Outfielder,RF,RF,98,7,0,7,0,1,.405,.---,0,10,.192,26,DET,116,Detroit Tigers,Tigers,17,91,0,player,0,.173,.900,2026
2026-08-10T21:33:44-04:00,2026,player,hitting,ytd,,,,28,111,427,28.47,.286,.351,320,55,0,0,.---,19,34,29,73,114,12,70,31,12,,87,0.78,8,122,15,.030,3,.150,103,AL,173,62,26,1955,.372,.808,3.934,497,Jonathan,Jonathan Aranda,666018,J Aranda,Aranda,Jonathan Aranda,Jonathan,0,12,First Base,1B,1B,99,72,1,56,0,7,.436,.---,0,114,.229,194,TB,139,Tampa Bay Rays,Rays,186,902,0,player,2,.111,.482,2026
2026-08-10T21:33:44-04:00,2026,player,hitting,ytd,,,,27,7,88,88.00,.330,.491,60,12,0,1,.143,1,3,3,4,26,2,9,8,2,,24,3.43,0,29,1,.010,0,.068,104,NL,30,18,2,411,.410,.808,4.029,102,Samad,Samad Taylor,669392,S Taylor,Taylor,Samad Taylor,Samad,0,1,Outfielder,LF,LF,99,11,1,14,2,0,.398,.857,6,30,.294,41,SD,135,San Diego Padres,Padres,35,154,1,player,0,.118,.400,2026
2026-08-10T21:33:44-04:00,2026,player,hitting,ytd,,,,27,43,221,55.25,.312,.396,170,16,2,3,.250,12,18,9,27,82,5,27,22,5,,58,1.35,4,69,4,.016,1,.127,103,AL,79,38,13,936,.368,.807,3.805,246,Blaze,Blaze Alexander,677942,B Alexander,Alexander,Blaze Alexander,Blaze,0,3,Third Base,3B,3B,101,29,3,31,2,1,.439,.750,9,54,.220,134,BAL,110,Baltimore Orioles,Orioles,97,520,2,player,0,.065,.296,2026
2026-08-10T21:33:44-04:00,2026,player,hitting,ytd,,,,29,93,308,30.80,.276,.319,246,40,0,2,.500,19,30,15,44,98,7,42,29,7,,68,0.73,3,85,10,.028,1,.166,103,AL,93,40,25,1400,.365,.807,3.977,352,Trevor,Trevor Larnach,663616,T Larnach,Larnach,Trevor Larnach,Trevor,1,24,Outfielder,LF,LF,101,41,2,49,1,0,.442,.500,2,63,.179,157,MIN,142,Minnesota Twins,Twins,136,605,1,player,0,.114,.635,2026
2026-08-10T21:33:44-04:00,2026,player,hitting,ytd,,,,36,18,102,25.50,.304,.380,77,4,0,0,.---,5,9,5,12,33,4,13,14,4,,28,1.56,1,31,4,.037,0,.167,104,NL,33,12,5,415,.336,.807,3.807,109,James,James McCann,543510,J McCann,McCann,James McCann,James,0,1,Catcher,C,C,101,21,1,11,2,0,.471,.---,0,27,.248,62,AZ,109,Arizona Diamondbacks,D-backs,48,212,0,player,0,.037,.148,2026
2026-08-10T21:33:44-04:00,2026,player,hitting,ytd,,,,22,108,444,17.76,.255,.280,339,52,0,4,.250,23,48,32,67,117,13,74,36,13,,118,1.09,3,113,25,.049,4,.221,104,NL,195,45,25,2006,.332,.807,3.964,506,Sal,Sal Stewart,701398,S Stewart,Stewart,Sal Stewart,Sal,0,16,First Base,1B,1B,101,87,4,64,0,7,.475,.750,12,112,.221,255,CIN,113,Cincinnati Reds,Reds,211,958,0,player,0,.103,.464,2026
2026-08-10T21:33:44-04:00,2026,player,hitting,ytd,,,,34,46,172,19.11,.262,.298,130,7,0,0,.---,14,24,11,25,80,3,26,16,3,,39,0.85,1,45,9,.050,1,.250,103,AL,82,18,10,670,.293,.805,3.702,181,Randal,Randal Grichuk,545341,R Grichuk,Grichuk,Randal Grichuk,Randal,0,11,Unknown,X,DH,105,25,0,26,0,1,.512,.---,0,43,.238,88,CWS,145,Chicago White Sox,White Sox,88,348,1,player,0,.039,.163,2026
2026-08-10T21:33:44-04:00,2026,player,hitting,ytd,,,,27,123,371,24.73,.283,.279,339,43,0,0,.000,11,27,19,65,106,5,62,42,5,,111,0.90,9,105,15,.035,2,.156,103,AL,147,44,25,1555,.366,.805,3.616,430,Liam,Liam Hicks,689414,L Hicks,Hicks,Liam Hicks,Liam,0,33,Catcher,C,C,105,68,3,55,1,6,.439,1.000,3,39,.091,66,TB,139,Tampa Bay Rays,Rays,163,640,1,player,0,.100,1.103,2026
2026-08-10T21:33:44-04:00,2026,player,hitting,ytd,,,,26,133,391,30.08,.284,.320,319,44,0,6,.162,24,38,16,68,100,6,59,40,6,,75,0.56,1,111,13,.030,4,.166,103,AL,144,55,35,1621,.355,.805,3.692,439,Robert,Bobby Witt Jr.,677951,B Witt Jr.,Witt,Bobby Witt Jr.,Bobby,0,30,Shortstop,SS,SS,105,42,5,57,0,3,.450,.838,31,75,.171,190,KC,118,Kansas City Royals,Royals,176,771,1,player,0,.100,.587,2026
2026-08-10T21:33:44-04:00,2026,player,hitting,ytd,,,,31,114,439,17.56,.253,.306,306,44,0,0,.000,25,51,34,71,111,4,60,23,4,,81,0.71,2,111,25,.051,0,.232,104,NL,183,53,23,1973,.319,.804,4.010,492,Brandon,Brandon Lowe,664040,B Lowe,Lowe,Brandon Lowe,Brandon,1,20,Second Base,2B,2B,108,74,2,72,0,7,.485,1.000,2,140,.285,348,PIT,134,Pittsburgh Pirates,Pirates,213,990,1,player,1,.089,.314,2026
2026-08-10T21:33:44-04:00,2026,player,hitting,ytd,,,,26,53,227,20.64,.273,.331,167,14,0,1,.111,11,23,17,27,67,5,27,20,5,,52,0.98,4,62,11,.045,0,.203,103,AL,90,25,11,944,.327,.803,3.822,247,Zachary,Zack Gelof,680869,Z Gelof,Gelof,Zack Gelof,Zack,0,15,Third Base,3B,3B,109,29,4,41,2,0,.476,.889,8,62,.251,120,ATH,133,Athletics,Athletics,108,435,1,player,0,.057,.226,2026
2026-08-10T21:33:44-04:00,2026,player,hitting,ytd,,,,29,17,52,17.33,.250,.250,43,6,0,0,.---,3,6,4,8,26,2,5,3,2,,13,0.76,0,13,3,.051,0,.231,103,AL,18,6,4,230,.322,.803,3.898,59,Luis,Luis Urías,649966,L Urías,Urías,Luis Urías,Luis,0,5,Second Base,2B,2B,109,8,0,5,0,1,.481,.---,0,10,.169,15,TOR,141,Toronto Blue Jays,Blue Jays,25,115,0,player,0,.102,.600,2026
2026-08-10T21:33:44-04:00,2026,player,hitting,ytd,,,,28,94,354,39.33,.294,.343,286,33,0,1,.500,23,33,15,48,92,14,63,35,14,,88,0.94,6,104,9,.023,0,.147,103,AL,140,54,35,1461,.361,.802,3.689,396,Joshua,Josh Jung,673962,J Jung,Jung,Josh Jung,Josh,0,11,Third Base,3B,3B,111,35,2,46,0,3,.441,.500,1,71,.179,125,TEX,140,Texas Rangers,Rangers,156,678,1,player,0,.083,.465,2026
2026-08-10T21:33:44-04:00,2026,player,hitting,ytd,,,,30,0,5,-.--,.400,.500,4,0,0,0,.---,0,0,0,0,2,0,2,1,0,,2,2.00,0,2,0,.000,0,.000,103,AL,4,1,0,16,.400,.800,3.200,5,Michael,Michael Stefanic,683021,M Stefanic,Stefanic,Michael Stefanic,Michael,0,0,Second Base,2B,2B,112,0,0,1,0,0,.400,.---,0,1,.200,1,ATH,133,Athletics,Athletics,2,8,0,player,0,.000,.---,2026
2026-08-10T21:33:44-04:00,2026,player,hitting,ytd,,,,28,110,315,15.75,.225,.236,236,53,1,5,.455,12,33,22,58,89,5,42,13,5,,55,0.50,2,71,20,.054,1,.235,104,NL,140,36,31,1471,.339,.799,3.944,373,Jeffrey,JJ Bleday,668709,J Bleday,Bleday,JJ Bleday,JJ,0,21,Outfielder,LF,LF,113,47,4,45,0,2,.460,.545,6,81,.217,180,CIN,113,Cincinnati Reds,Reds,145,676,1,player,0,.142,.654,2026
2026-08-10T21:33:44-04:00,2026,player,hitting,ytd,,,,25,119,433,27.06,.240,.287,323,57,0,2,.111,23,52,28,69,115,6,65,37,6,,100,0.84,6,104,16,.032,2,.224,104,NL,170,39,25,1965,.335,.799,3.938,499,Corbin,Corbin Carroll,682998,C Carroll,Carroll,Corbin Carroll,Corbin,0,25,Outfielder,RF,RF,113,54,2,71,0,3,.464,.889,16,113,.226,248,AZ,109,Arizona Diamondbacks,D-backs,201,895,13,player,1,.114,.504,2026
2026-08-10T21:33:44-04:00,2026,player,hitting,ytd,,,,23,75,394,19.70,.264,.321,282,27,0,2,.333,21,43,22,44,110,5,71,26,5,,103,1.37,4,104,20,.047,0,.216,103,AL,180,56,21,1534,.317,.797,3.601,426,Jeffrey,Jac Caglianone,695506,J Caglianone,Caglianone,Jac Caglianone,Jac,0,10,Outfielder,RF,RF,115,49,3,51,0,1,.480,.667,4,113,.265,235,KC,118,Kansas City Royals,Royals,189,811,2,player,0,.063,.239,2026
2026-08-10T21:33:44-04:00,2026,player,hitting,ytd,,,,24,82,261,20.08,.261,.299,197,19,0,1,.111,14,29,17,41,66,3,43,19,3,,47,0.57,3,68,13,.046,0,.218,103,AL,92,32,15,1089,.318,.797,3.848,283,Wyatt,Wyatt Langford,694671,W Langford,Langford,Wyatt Langford,Wyatt,0,26,Outfielder,LF,LF,115,31,1,39,0,0,.479,.889,8,64,.226,130,TEX,140,Texas Rangers,Rangers,125,530,2,player,1,.067,.297,2026
2026-08-10T21:33:44-04:00,2026,player,hitting,ytd,,,,25,136,452,23.79,.272,.310,355,41,0,6,.353,24,45,27,69,117,11,73,37,11,,96,0.71,6,123,19,.038,1,.188,104,NL,196,58,36,2052,.337,.797,4.071,504,Andy,Andy Pages,681624,A Pages,Pages,Andy Pages,Andy,1,31,Outfielder,CF,CF,115,76,4,66,0,5,.460,.647,11,102,.202,226,LAD,119,Los Angeles Dodgers,Dodgers,208,992,2,player,0,.081,.402,2026
2026-08-10T21:33:44-04:00,2026,player,hitting,ytd,,,,29,107,446,18.58,.249,.296,318,48,0,0,.---,27,52,42,65,118,11,71,34,11,,100,0.93,1,111,24,.048,4,.226,104,NL,205,35,24,2053,.321,.796,4.114,499,Rafael,Rafael Devers,646240,R Devers,Devers,Rafael Devers,Rafael,0,18,First Base,1B,1B,118,64,1,61,0,4,.475,.---,0,132,.265,288,SF,137,San Francisco Giants,Giants,212,1002,1,player,1,.096,.364,2026
2026-08-10T21:33:44-04:00,2026,player,hitting,ytd,,,,27,38,137,19.57,.255,.311,97,11,0,0,.---,7,15,8,19,63,3,19,13,3,,24,0.63,2,35,7,.046,0,.219,103,AL,61,14,6,594,.318,.792,3.934,151,Justin,Justin Foscue,679822,J Foscue,Foscue,Justin Foscue,Justin,0,13,Second Base,2B,2B,119,21,0,16,0,1,.474,.---,0,41,.272,55,TEX,140,Texas Rangers,Rangers,65,258,1,player,0,.073,.268,2026
2026-08-10T21:33:44-04:00,2026,player,hitting,ytd,,,,28,69,250,20.83,.244,.282,186,39,0,7,.318,10,23,16,36,67,1,23,20,1,,56,0.81,5,61,12,.041,2,.192,104,NL,74,25,17,1195,.355,.791,4.037,296,Ronald,Ronald Acuña Jr.,660670,R Acuña Jr.,Acuña,Ronald Acuña Jr.,Ronald,0,16,Outfielder,RF,RF,120,29,1,40,0,2,.436,.682,15,66,.223,165,ATL,144,Atlanta Braves,Braves,109,561,1,player,0,.132,.591,2026
2026-08-10T21:33:44-04:00,2026,player,hitting,ytd,,,,29,176,450,90.00,.318,.319,443,26,0,0,.000,25,37,22,116,112,8,74,42,8,,124,0.70,4,143,5,.010,4,.120,104,NL,128,79,40,1853,.353,.791,3.736,496,Luis,Luis Arraez,650333,L Arraez,Arraez,Luis Arraez,Luis,0,20,Second Base,2B,2B,120,48,4,56,6,10,.438,1.000,10,23,.046,68,PHI,143,Philadelphia Phillies,Phillies,197,908,7,player,0,.052,1.130,2026
2026-08-10T21:33:44-04:00,2026,player,hitting,ytd,,,,23,9,35,17.50,.200,.217,25,6,0,0,.000,3,5,3,8,13,1,7,2,1,,9,1.00,1,7,2,.048,0,.257,104,NL,22,2,0,177,.333,.790,4.214,42,Harrison,Harry Ford,695670,H Ford,Ford,Harry Ford,Harry,0,1,Catcher,C,C,122,6,0,6,0,0,.457,1.000,1,10,.238,17,WSH,120,Washington Nationals,Nationals,16,69,0,player,0,.143,.600,2026
2026-08-10T21:33:44-04:00,2026,player,hitting,ytd,,,,25,116,446,29.73,.287,.335,354,19,0,7,.304,28,46,28,63,114,9,82,39,9,,110,0.95,7,128,15,.032,0,.177,103,AL,171,61,35,1756,.326,.790,3.697,475,Ceddanne,Ceddanne Rafaela,678882,C Rafaela,Rafaela,Ceddanne Rafaela,Ceddanne,0,18,Outfielder,CF,CF,122,61,5,60,2,1,.464,.696,16,95,.200,240,BOS,111,Boston Red Sox,Red Sox,207,978,3,player,0,.040,.200,2026
2026-08-10T21:33:44-04:00,2026,player,hitting,ytd,,,,28,87,351,21.94,.242,.325,229,38,0,1,.500,21,41,25,50,94,8,49,23,8,,57,0.66,7,85,16,.040,2,.219,104,NL,163,37,19,1488,.327,.789,3.729,399,Kyle,Kyle Stowers,669065,K Stowers,Stowers,Kyle Stowers,Kyle,0,18,First Base,1B,1B,124,52,2,44,1,2,.462,.500,1,125,.313,277,MIA,146,Miami Marlins,Marlins,162,780,4,player,0,.095,.304,2026
2026-08-10T21:33:44-04:00,2026,player,hitting,ytd,,,,27,154,437,21.85,.254,.283,343,51,1,4,.364,23,46,38,88,115,8,77,33,8,,78,0.51,2,111,20,.040,3,.204,103,AL,215,40,37,1959,.330,.788,3.926,499,Wilyer,Wilyer Abreu,677800,W Abreu,Abreu,Wilyer Abreu,Wilyer,0,29,Outfielder,RF,RF,125,63,3,64,1,7,.458,.636,7,102,.204,236,BOS,111,Boston Red Sox,Red Sox,200,963,3,player,0,.102,.500,2026
2026-08-10T21:33:44-04:00,2026,player,hitting,ytd,,,,32,92,359,21.12,.270,.309,276,31,0,0,.000,15,32,28,54,96,14,62,25,14,,87,0.95,5,97,17,.043,1,.184,104,NL,174,43,24,1536,.334,.788,3.859,398,Ryan,Ryan O'Hearn,656811,R O'Hearn,O'Hearn,Ryan O'Hearn,Ryan,1,14,First Base,1B,RF,125,69,2,54,0,3,.454,1.000,1,86,.216,159,PIT,134,Pittsburgh Pirates,Pirates,163,722,0,player,0,.078,.360,2026
2026-08-10T21:33:44-04:00,2026,player,hitting,ytd,,,,22,28,112,56.00,.295,.348,92,10,0,0,.000,8,11,5,11,45,3,16,13,3,,31,1.11,0,33,2,.016,1,.143,104,NL,40,14,14,442,.350,.788,3.565,124,Pedro,Pedro Ramírez,699393,P Ramírez,Ramírez,Pedro Ramírez,Pedro,1,3,Unknown,X,2B,125,15,1,17,1,1,.438,1.000,5,22,.177,46,CHC,112,Chicago Cubs,Cubs,49,224,1,player,0,.081,.455,2026
2026-08-10T21:33:44-04:00,2026,player,hitting,ytd,,,,31,27,122,40.67,.279,.330,97,18,0,0,.000,8,11,5,11,32,5,20,10,5,,36,1.33,0,34,3,.021,1,.139,103,AL,66,18,13,582,.369,.787,4.128,141,Carlos,Carlos Correa,621043,C Correa,Correa,Carlos Correa,Carlos,1,3,Shortstop,SS,SS,128,16,1,22,0,1,.418,1.000,1,26,.184,60,HOU,117,Houston Astros,Astros,51,262,0,player,0,.128,.692,2026
2026-08-10T21:33:44-04:00,2026,player,hitting,ytd,,,,24,117,379,31.58,.277,.302,320,47,0,2,.222,21,34,17,44,101,8,57,36,8,,98,0.84,0,105,12,.028,0,.156,103,AL,170,52,41,1670,.354,.787,3.893,429,Chase,Chase DeLauter,800050,C DeLauter,DeLauter,Chase DeLauter,Chase,0,32,Outfielder,RF,RF,128,56,1,46,0,3,.433,.778,7,62,.145,109,CLE,114,Cleveland Guardians,Guardians,164,696,1,player,0,.110,.758,2026
2026-08-10T21:33:44-04:00,2026,player,hitting,ytd,,,,33,114,427,32.85,.274,.331,327,38,0,1,.143,27,44,20,70,112,11,68,31,11,,96,0.84,6,117,13,.027,1,.173,103,AL,159,66,34,1854,.340,.787,3.920,473,Brandon,Brandon Nimmo,607043,B Nimmo,Nimmo,Brandon Nimmo,Brandon,0,10,Outfielder,RF,RF,128,46,1,49,0,2,.447,.857,6,102,.216,207,TEX,140,Texas Rangers,Rangers,191,932,4,player,1,.080,.373,2026
2026-08-10T21:33:44-04:00,2026,player,hitting,ytd,,,,33,45,177,19.67,.237,.297,120,24,0,0,.000,12,21,14,31,78,3,27,8,3,,33,0.73,1,42,9,.044,2,.220,104,NL,81,20,10,813,.328,.786,3.985,204,Michael,Michael Conforto,624424,M Conforto,Conforto,Michael Conforto,Michael,0,4,Unknown,X,DH,131,26,1,24,0,2,.458,1.000,1,59,.289,104,CHC,112,Chicago Cubs,Cubs,81,353,0,player,1,.118,.407,2026
2026-08-10T21:33:44-04:00,2026,player,hitting,ytd,,,,23,87,333,37.00,.267,.323,257,47,0,0,.000,20,31,14,47,110,3,48,27,3,,81,0.93,6,89,9,.023,2,.153,104,NL,142,48,24,1587,.365,.785,4.080,389,Kyle,Kyle Karros,691720,K Karros,Karros,Kyle Karros,Kyle,0,16,Third Base,3B,3B,132,42,2,57,0,3,.420,1.000,5,79,.203,168,COL,115,Colorado Rockies,Rockies,140,701,2,player,0,.121,.595,2026
2026-08-10T21:33:44-04:00,2026,player,hitting,ytd,,,,26,34,171,57.00,.304,.389,129,17,0,0,.000,10,13,6,19,60,1,24,22,1,,43,1.26,1,52,3,.016,0,.111,103,AL,61,24,15,667,.370,.785,3.529,189,Wade,Wade Meckler,685133,W Meckler,Meckler,Wade Meckler,Wade,0,0,Outfielder,LF,LF,132,20,1,23,0,0,.415,1.000,4,42,.222,74,LAA,108,Los Angeles Angels,Angels,71,304,0,player,0,.090,.405,2026
2026-08-10T21:33:44-04:00,2026,player,hitting,ytd,,,,27,137,387,18.43,.271,.291,310,11,0,1,.100,17,39,32,75,98,6,62,24,6,,68,0.50,7,105,21,.051,1,.212,104,NL,155,48,30,1449,.301,.784,3.543,409,Casey,Casey Schmitt,669477,C Schmitt,Schmitt,Casey Schmitt,Casey,1,32,Outfielder,LF,LF,134,55,1,47,0,4,.483,.900,9,81,.198,167,SF,137,San Francisco Giants,Giants,187,778,1,player,0,.027,.136,2026
2026-08-10T21:33:44-04:00,2026,player,hitting,ytd,,,,24,53,264,20.31,.254,.316,184,32,2,0,.---,10,23,17,30,82,15,39,20,15,,64,1.21,4,67,13,.043,1,.186,104,NL,103,30,9,1234,.342,.781,4.073,303,Francisco,Francisco Alvarez,682626,F Alvarez,Alvarez,Francisco Alvarez,Francisco,0,14,Catcher,C,C,135,29,3,29,0,1,.439,.---,0,81,.267,185,NYM,121,New York Mets,Mets,116,564,0,player,0,.106,.395,2026
2026-08-10T21:33:44-04:00,2026,player,hitting,ytd,,,,29,75,224,37.33,.268,.321,175,19,0,4,.571,21,28,15,41,77,2,32,15,2,,40,0.53,2,60,6,.024,0,.183,103,AL,106,30,15,1066,.328,.779,4.298,248,Andruw,Andruw Monasterio,655316,A Monasterio,Monasterio,Andruw Monasterio,Andruw,0,19,Shortstop,SS,SS,136,31,1,29,1,2,.451,.429,3,52,.210,90,BOS,111,Boston Red Sox,Red Sox,101,484,1,player,0,.077,.365,2026
2026-08-10T21:33:44-04:00,2026,player,hitting,ytd,,,,27,85,375,28.85,.272,.328,285,30,0,2,.182,22,38,22,41,109,5,64,37,5,,98,1.15,3,102,13,.031,0,.179,103,AL,152,43,26,1612,.327,.778,3.894,414,Ezequiel,Ezequiel Duran,677649,E Duran,Duran,Ezequiel Duran,Ezequiel,0,18,Shortstop,SS,SS,137,64,2,53,1,5,.451,.818,9,96,.232,215,TEX,140,Texas Rangers,Rangers,169,817,3,player,2,.072,.313,2026
2026-08-10T21:33:44-04:00,2026,player,hitting,ytd,,,,29,28,97,32.33,.258,.286,80,11,0,1,.500,4,8,4,16,29,2,12,7,2,,27,0.96,6,25,3,.026,0,.155,103,AL,45,14,5,418,.365,.777,3.635,115,Brendan,Brendan Donovan,680977,B Donovan,Donovan,Brendan Donovan,Brendan,0,7,Third Base,3B,3B,138,8,0,9,0,1,.412,.500,1,18,.157,35,SEA,136,Seattle Mariners,Mariners,40,182,1,player,0,.096,.611,2026
2026-08-10T21:33:44-04:00,2026,player,hitting,ytd,,,,32,52,158,15.80,.241,.246,128,10,0,2,1.000,8,18,16,29,72,0,21,8,0,,38,0.73,2,38,10,.057,0,.241,104,NL,61,14,10,657,.294,.775,3.776,174,Tyrone,Tyrone Taylor,621438,T Taylor,Taylor,Tyrone Taylor,Tyrone,0,13,Outfielder,CF,LF,139,28,0,23,4,0,.481,.000,0,34,.195,76,CHC,112,Chicago Cubs,Cubs,76,324,0,player,0,.057,.294,2026
2026-08-10T21:33:44-04:00,2026,player,hitting,ytd,,,,35,113,425,19.32,.240,.274,314,41,0,0,.---,24,47,24,64,115,13,75,38,13,,99,0.88,9,102,22,.046,2,.216,103,AL,240,40,26,1859,.319,.775,3.905,476,Christian,Christian Walker,572233,C Walker,Walker,Christian Walker,Christian,0,23,First Base,1B,1B,139,67,5,59,0,1,.456,.---,0,112,.235,283,HOU,117,Houston Astros,Astros,194,947,1,player,0,.086,.366,2026
2026-08-10T21:33:44-04:00,2026,player,hitting,ytd,,,,30,51,202,28.86,.262,.301,160,18,0,0,.000,10,19,12,21,72,4,38,23,4,,56,1.10,6,53,7,.031,0,.173,104,NL,78,18,18,888,.339,.775,3.912,227,Jared,Jared Young,676724,J Young,Young,Jared Young,Jared,0,12,First Base,1B,1B,139,24,2,26,0,1,.436,1.000,3,43,.189,103,NYM,121,New York Mets,Mets,88,405,2,player,0,.079,.419,2026
2026-08-10T21:33:44-04:00,2026,player,hitting,ytd,,,,27,116,409,51.12,.298,.317,368,18,0,1,.111,26,38,19,57,108,5,55,38,5,,130,1.12,6,122,8,.018,0,.142,104,NL,122,65,43,1590,.334,.774,3.638,437,Jung Hoo,Jung Hoo Lee,808982,J Lee,Lee,Jung Hoo Lee,Jung Hoo,0,16,Outfielder,RF,RF,142,45,3,56,0,4,.440,.889,8,45,.103,95,SF,137,San Francisco Giants,Giants,180,744,4,player,0,.041,.400,2026
2026-08-10T21:33:44-04:00,2026,player,hitting,ytd,,,,31,5,10,10.00,.200,.167,7,1,0,0,.---,0,1,1,3,7,0,2,1,0,,0,0.00,0,2,1,.091,0,.300,104,NL,8,0,2,52,.273,.773,4.727,11,Ryan,Rowdy Tellez,642133,R Tellez,Tellez,Rowdy Tellez,Rowdy,0,0,Unknown,X,1B,143,4,0,2,0,0,.500,.---,0,3,.273,7,ATL,144,Atlanta Braves,Braves,5,23,0,player,0,.091,.333,2026
2026-08-10T21:33:44-04:00,2026,player,hitting,ytd,,,,30,127,374,34.00,.259,.289,309,55,0,6,.375,21,35,20,73,102,3,58,26,3,,85,0.67,0,97,11,.025,0,.160,103,AL,131,51,28,1655,.350,.770,3.813,434,Cody,Cody Bellinger,641355,C Bellinger,Bellinger,Cody Bellinger,Cody,0,26,Outfielder,LF,LF,144,53,2,52,0,5,.420,.625,10,70,.161,154,NYY,147,New York Yankees,Yankees,157,756,3,player,0,.127,.786,2026
2026-08-10T21:33:44-04:00,2026,player,hitting,ytd,,,,24,4,26,26.00,.269,.600,14,0,0,0,.000,1,3,3,3,24,0,2,1,0,,3,0.75,0,7,1,.034,0,.231,104,NL,12,3,0,105,.269,.769,3.621,29,Jonah,Jonah Cox,813841,J Cox,Cox,Jonah Cox,Jonah,0,1,Outfielder,CF,CF,145,3,0,5,3,0,.500,1.000,4,15,.517,31,SF,137,San Francisco Giants,Giants,13,62,1,player,0,.000,.---,2026
2026-08-10T21:33:44-04:00,2026,player,hitting,ytd,,,,27,106,460,41.82,.283,.336,366,47,0,12,.316,25,38,13,63,117,10,56,57,10,,130,1.23,5,130,11,.021,4,.135,104,NL,120,60,28,1858,.352,.769,3.587,518,Fernando,Fernando Tatis Jr.,665487,F Tatis Jr.,Tatis,Fernando Tatis Jr.,Fernando,0,15,Outfielder,RF,RF,145,54,5,64,1,5,.417,.684,26,100,.193,236,SD,135,San Diego Padres,Padres,192,852,2,player,1,.091,.470,2026
2026-08-10T21:33:44-04:00,2026,player,hitting,ytd,,,,23,73,333,41.62,.273,.310,279,28,0,7,.333,15,25,12,49,97,1,38,28,1,,115,1.58,21,91,8,.021,0,.129,103,AL,92,51,15,1521,.366,.768,3.940,386,Samuel,Sam Antonacci,803011,S Antonacci,Antonacci,Sam Antonacci,Sam,0,9,Outfielder,LF,LF,147,34,5,59,3,1,.402,.667,14,58,.150,94,CWS,145,Chicago White Sox,White Sox,134,648,2,player,1,.073,.483,2026
2026-08-10T21:33:44-04:00,2026,player,hitting,ytd,,,,21,64,266,24.18,.248,.316,185,39,0,0,.000,14,25,19,40,75,0,35,20,0,,55,0.86,0,66,11,.036,1,.177,104,NL,121,27,15,1296,.343,.768,4.235,306,Bryson,Bryce Eldridge,805811,B Eldridge,Eldridge,Bryce Eldridge,Bryce,0,9,Designated Hitter,DH,DH,147,28,1,36,0,1,.425,1.000,1,82,.268,142,SF,137,San Francisco Giants,Giants,113,556,0,player,1,.127,.476,2026
2026-08-10T21:33:44-04:00,2026,player,hitting,ytd,,,,26,17,54,18.00,.241,.270,41,4,0,0,.---,3,6,5,6,17,2,7,3,2,,11,0.65,1,13,3,.050,1,.222,103,AL,35,5,6,218,.305,.768,3.633,60,Christian,Christian Encarnacion-Strand,687952,C Encarnacion-Strand,Encarnacion-Strand,Christian Encarnacion-Strand,Christian,0,5,Third Base,3B,3B,147,11,0,5,1,0,.463,.---,0,14,.233,31,BAL,110,Baltimore Orioles,Orioles,25,136,0,player,0,.067,.286,2026
2026-08-10T21:33:44-04:00,2026,player,hitting,ytd,,,,27,53,172,19.11,.250,.274,134,15,0,0,.000,7,17,12,29,66,4,32,16,4,,38,0.72,1,43,9,.047,0,.209,103,AL,92,15,11,766,.309,.768,3.990,192,Ryan,Ryan Vilade,668723,R Vilade,Vilade,Ryan Vilade,Ryan,0,13,Outfielder,RF,RF,147,35,2,19,1,3,.459,1.000,3,42,.219,81,TB,139,Tampa Bay Rays,Rays,79,381,1,player,0,.078,.357,2026
2026-08-10T21:33:44-04:00,2026,player,hitting,ytd,,,,27,49,341,42.62,.255,.376,219,48,0,5,.313,24,35,14,23,107,4,49,37,4,,83,1.69,4,87,8,.020,2,.158,104,NL,154,36,21,1606,.353,.766,4.066,395,Garrett,Garrett Mitchell,669003,G Mitchell,Mitchell,Garrett Mitchell,Garrett,0,5,Outfielder,CF,CF,151,50,0,50,1,1,.413,.688,11,124,.314,257,MIL,158,Milwaukee Brewers,Brewers,141,699,3,player,1,.122,.387,2026
2026-08-10T21:33:44-04:00,2026,player,hitting,ytd,,,,28,85,247,30.88,.251,.265,212,30,0,1,1.000,19,28,14,47,67,6,41,17,6,,65,0.76,2,62,8,.028,0,.182,103,AL,115,31,30,1162,.331,.764,4.092,284,Adley,Adley Rutschman,668939,A Rutschman,Rutschman,Adley Rutschman,Adley,0,8,Catcher,C,C,152,47,1,30,0,5,.433,.000,0,40,.141,76,BAL,110,Baltimore Orioles,Orioles,107,480,1,player,0,.106,.750,2026
2026-08-10T21:33:44-04:00,2026,player,hitting,ytd,,,,31,33,140,46.67,.279,.346,109,10,0,2,.400,6,11,8,21,42,2,23,15,2,,37,1.12,5,39,3,.019,0,.136,104,NL,56,16,7,562,.348,.762,3.580,157,Thomas,Tommy Edman,669242,T Edman,Edman,Tommy Edman,Tommy,0,5,Second Base,2B,2B,153,22,4,20,2,0,.414,.600,3,33,.210,58,LAD,119,Los Angeles Dodgers,Dodgers,58,273,2,player,0,.064,.303,2026
2026-08-10T21:33:44-04:00,2026,player,hitting,ytd,,,,27,86,251,35.86,.279,.292,223,13,0,1,.333,21,28,12,51,78,6,39,22,6,,67,0.78,2,70,7,.026,1,.167,104,NL,118,36,16,864,.316,.762,3.212,269,Keibert,Keibert Ruiz,660688,K Ruiz,Ruiz,Keibert Ruiz,Keibert,0,19,Catcher,C,C,153,39,1,37,0,3,.446,.667,2,31,.115,60,WSH,120,Washington Nationals,Nationals,112,442,0,player,0,.048,.419,2026
2026-08-10T21:33:44-04:00,2026,player,hitting,ytd,,,,32,77,243,22.09,.239,.263,190,28,0,2,.400,7,22,14,45,63,2,26,11,2,,55,0.71,3,58,11,.040,0,.198,104,NL,89,33,18,1196,.325,.761,4.365,274,Francisco,Francisco Lindor,596019,F Lindor,Lindor,Francisco Lindor,Francisco,0,14,Shortstop,SS,SS,155,30,2,35,0,0,.436,.600,3,53,.193,134,NYM,121,New York Mets,Mets,106,555,4,player,0,.102,.528,2026
2026-08-10T21:33:44-04:00,2026,player,hitting,ytd,,,,27,171,410,27.33,.251,.267,345,45,0,0,.---,20,36,24,81,112,11,72,22,11,,71,0.42,16,103,15,.032,0,.163,103,AL,210,57,43,2098,.345,.760,4.417,475,Isaac,Isaac Paredes,670623,I Paredes,Paredes,Isaac Paredes,Isaac,0,47,Third Base,3B,3B,156,60,4,45,0,4,.415,.---,0,69,.145,145,HOU,117,Houston Astros,Astros,170,918,1,player,0,.095,.652,2026
2026-08-10T21:33:44-04:00,2026,player,hitting,ytd,,,,29,92,357,27.46,.263,.342,250,32,0,4,.364,17,31,27,56,100,3,54,27,3,,64,0.70,5,94,13,.033,0,.162,104,NL,138,39,20,1567,.332,.758,3.967,395,Willi,Willi Castro,650489,W Castro,Castro,Willi Castro,Willi,1,16,Second Base,2B,2B,157,48,1,53,0,1,.426,.636,7,108,.273,262,COL,115,Colorado Rockies,Rockies,152,850,1,player,0,.081,.296,2026
2026-08-10T21:33:44-04:00,2026,player,hitting,ytd,,,,38,70,300,18.75,.247,.282,222,24,0,0,.000,11,28,22,42,87,6,35,21,6,,78,1.11,3,74,16,.049,1,.203,103,AL,117,30,13,1305,.308,.758,3.979,328,Paul,Paul Goldschmidt,502671,P Goldschmidt,Goldschmidt,Paul Goldschmidt,Paul,1,15,First Base,1B,1B,157,44,1,37,0,1,.450,1.000,1,79,.241,169,NYY,147,New York Yankees,Yankees,135,623,1,player,0,.073,.304,2026
2026-08-10T21:33:44-04:00,2026,player,hitting,ytd,,,,27,96,434,72.33,.306,.365,354,28,0,2,.286,20,27,14,58,114,12,69,60,12,,125,1.30,8,133,6,.013,0,.092,104,NL,180,59,29,1730,.359,.758,3.673,471,Nicholas,Nick Gonzales,693304,N Gonzales,Gonzales,Nick Gonzales,Nick,0,9,Third Base,3B,3B,157,53,4,62,0,1,.399,.714,5,81,.172,220,PIT,134,Pittsburgh Pirates,Pirates,173,924,1,player,0,.059,.346,2026
2026-08-10T21:33:44-04:00,2026,player,hitting,ytd,,,,29,54,226,32.29,.257,.302,176,40,0,0,.---,8,15,13,34,61,5,37,17,5,,64,1.19,3,58,7,.026,1,.128,103,AL,92,28,15,1135,.373,.758,4.188,271,Gleyber,Gleyber Torres,650402,G Torres,Torres,Gleyber Torres,Gleyber,0,5,Second Base,2B,2B,157,29,2,39,0,2,.385,.---,0,52,.192,105,DET,116,Detroit Tigers,Tigers,87,462,0,player,0,.148,.769,2026
2026-08-10T21:33:44-04:00,2026,player,hitting,ytd,,,,21,60,282,17.62,.241,.280,202,26,0,0,.---,9,26,16,39,86,5,43,17,5,,74,1.23,1,68,16,.051,2,.209,103,AL,129,35,11,1144,.305,.755,3.678,311,Samuel,Samuel Basallo,694212,S Basallo,Basallo,Samuel Basallo,Samuel,0,10,Catcher,C,C,161,46,1,34,0,2,.450,.---,0,82,.264,192,BAL,110,Baltimore Orioles,Orioles,127,609,1,player,0,.084,.317,2026
2026-08-10T21:33:44-04:00,2026,player,hitting,ytd,,,,26,129,433,72.17,.284,.320,374,58,0,5,.217,16,28,11,72,119,11,65,53,11,,122,0.95,0,123,6,.012,4,.106,104,NL,176,59,39,1921,.365,.755,3.857,498,Xavier,Xavier Edwards,669364,X Edwards,Edwards,Xavier Edwards,Xavier,0,18,Second Base,2B,2B,161,44,3,55,2,5,.390,.783,18,66,.133,138,MIA,146,Miami Marlins,Marlins,169,813,6,player,0,.116,.879,2026
2026-08-10T21:33:44-04:00,2026,player,hitting,ytd,,,,28,120,394,49.25,.264,.308,323,42,0,0,.000,25,39,16,73,114,8,64,33,8,,99,0.83,2,104,8,.018,0,.155,104,NL,163,55,24,1830,.336,.755,4.131,443,Bryson,Bryson Stott,681082,B Stott,Stott,Bryson Stott,Bryson,0,23,Second Base,2B,2B,161,53,1,51,3,2,.419,1.000,22,76,.172,146,PHI,143,Philadelphia Phillies,Phillies,165,773,6,player,0,.095,.553,2026
2026-08-10T21:33:44-04:00,2026,player,hitting,ytd,,,,26,107,443,34.08,.251,.287,355,53,0,0,.000,22,36,22,43,118,16,76,39,16,,137,1.28,25,111,13,.025,4,.142,104,NL,187,49,31,2071,.361,.754,3.952,524,Ivan,Iván Herrera,671056,I Herrera,Herrera,Iván Herrera,Iván,1,33,Designated Hitter,DH,DH,164,50,5,72,0,3,.393,1.000,7,91,.174,187,STL,138,St. Louis Cardinals,Cardinals,174,930,1,player,2,.101,.582,2026
2026-08-10T21:33:44-04:00,2026,player,hitting,ytd,,,,28,108,422,26.38,.275,.340,310,25,0,3,.231,17,35,21,61,115,3,59,40,3,,86,0.80,2,116,16,.035,4,.164,104,NL,174,55,33,1688,.316,.754,3.726,453,Brandon,Brandon Marsh,669016,B Marsh,Marsh,Brandon Marsh,Brandon,0,14,Outfielder,LF,LF,164,52,1,61,0,4,.438,.769,10,116,.256,226,PHI,143,Philadelphia Phillies,Phillies,185,886,2,player,0,.055,.216,2026
2026-08-10T21:33:44-04:00,2026,player,hitting,ytd,,,,24,83,416,37.82,.274,.343,316,46,1,2,.500,21,32,18,46,113,6,47,44,6,,119,1.43,4,114,11,.023,0,.130,103,AL,144,52,23,1969,.350,.754,4.145,475,Chase,Chase Meidroth,805367,C Meidroth,Meidroth,Chase Meidroth,Chase,0,14,Second Base,2B,2B,164,46,3,67,5,3,.404,.500,2,108,.227,154,CWS,145,Chicago White Sox,White Sox,168,808,0,player,0,.097,.426,2026
2026-08-10T21:33:44-04:00,2026,player,hitting,ytd,,,,28,120,448,32.00,.248,.302,335,68,0,1,.333,20,36,26,86,118,9,76,32,9,,104,0.87,11,111,14,.026,1,.147,104,NL,228,53,21,2111,.358,.753,3.976,531,Michael,Michael Busch,683737,M Busch,Busch,Michael Busch,Michael,0,13,First Base,1B,1B,167,63,3,52,0,4,.395,.667,2,117,.220,228,CHC,112,Chicago Cubs,Cubs,177,924,2,player,3,.128,.581,2026
2026-08-10T21:33:44-04:00,2026,player,hitting,ytd,,,,30,116,385,19.25,.231,.253,295,25,0,2,.200,20,45,27,70,104,8,63,27,8,,90,0.78,6,89,20,.048,1,.234,103,AL,170,35,27,1639,.287,.752,3.902,420,Kody,Kody Clemens,665019,K Clemens,Clemens,Kody Clemens,Kody,0,19,First Base,1B,1B,168,55,2,54,2,2,.465,.800,8,94,.224,206,MIN,142,Minnesota Twins,Twins,179,816,5,player,1,.060,.266,2026
2026-08-10T21:33:44-04:00,2026,player,hitting,ytd,,,,28,62,235,29.38,.268,.314,183,13,0,2,.667,15,23,14,35,82,5,42,22,5,,58,0.94,6,63,8,.031,1,.166,103,AL,93,27,14,965,.318,.752,3.740,258,Jesús,Jesús Sánchez,660821,J Sánchez,Sánchez,Jesús Sánchez,Jesús,0,13,Outfielder,RF,RF,168,32,0,23,0,4,.434,.333,1,56,.217,134,TOR,141,Toronto Blue Jays,Blue Jays,102,515,0,player,0,.050,.232,2026
2026-08-10T21:33:44-04:00,2026,player,hitting,ytd,,,,29,62,233,33.29,.262,.284,197,24,0,0,.000,12,20,9,34,87,11,41,20,11,,74,1.19,4,61,7,.027,0,.150,103,AL,111,31,18,1072,.337,.749,4.061,264,Carlos,Carlos Cortes,666126,C Cortes,Cortes,Carlos Cortes,Carlos,1,10,Outfielder,RF,RF,170,28,0,23,0,3,.412,1.000,1,39,.148,102,ATH,133,Athletics,Athletics,96,483,1,player,0,.091,.615,2026
2026-08-10T21:33:44-04:00,2026,player,hitting,ytd,,,,34,3,13,-.--,.308,.364,11,0,0,0,.---,0,1,0,2,5,1,4,3,1,,4,1.33,0,4,0,.000,0,.154,103,AL,8,1,1,49,.286,.748,3.500,14,Joseph,Trey Mancini,641820,T Mancini,Mancini,Trey Mancini,Trey,0,0,First Base,1B,1B,171,4,0,1,0,1,.462,.---,0,3,.214,6,LAA,108,Los Angeles Angels,Angels,6,32,1,player,0,.000,.---,2026
2026-08-10T21:33:44-04:00,2026,player,hitting,ytd,,,,30,62,317,79.25,.303,.367,258,19,0,7,.250,14,19,7,35,97,6,61,51,6,,100,1.61,8,96,4,.011,1,.088,104,NL,145,38,17,1273,.355,.746,3.648,349,Jake,Jake Mangum,663968,J Mangum,Mangum,Jake Mangum,Jake,0,10,Outfielder,CF,CF,172,27,3,44,3,2,.391,.750,21,64,.183,152,PIT,134,Pittsburgh Pirates,Pirates,124,734,1,player,0,.054,.297,2026
2026-08-10T21:33:44-04:00,2026,player,hitting,ytd,,,,25,127,422,23.44,.258,.293,329,36,0,3,.167,16,34,22,65,108,8,73,41,8,,93,0.73,5,109,18,.039,2,.166,103,AL,170,46,38,1743,.322,.746,3.740,466,Julio,Julio Rodríguez,677594,J Rodríguez,Rodríguez,Julio Rodríguez,Julio,0,24,Outfielder,CF,CF,172,51,3,54,0,3,.424,.833,15,96,.206,247,SEA,136,Seattle Mariners,Mariners,179,923,0,player,1,.077,.375,2026
2026-08-10T21:33:44-04:00,2026,player,hitting,ytd,,,,26,73,286,17.88,.227,.265,201,28,0,3,.273,13,30,21,41,88,2,43,21,2,,63,0.86,1,65,16,.051,1,.220,104,NL,154,23,18,1222,.297,.745,3.867,316,Heriberto,Heriberto Hernández,681715,H Hernández,Hernandez,Heriberto Hernández,Heriberto,0,14,Outfielder,LF,LF,174,44,4,31,0,1,.448,.727,8,86,.272,195,MIA,146,Miami Marlins,Marlins,128,569,1,player,1,.089,.326,2026
2026-08-10T21:33:44-04:00,2026,player,hitting,ytd,,,,35,116,384,22.59,.240,.268,297,40,0,0,.000,20,37,27,51,112,9,62,25,9,,89,0.77,7,92,17,.039,2,.185,104,NL,188,40,24,1756,.320,.744,4.046,434,Nolan,Nolan Arenado,571448,N Arenado,Arenado,Nolan Arenado,Nolan,0,41,Third Base,3B,3B,175,54,2,54,0,3,.424,1.000,3,90,.207,188,AZ,109,Arizona Diamondbacks,D-backs,163,793,0,player,0,.092,.444,2026
2026-08-10T21:33:44-04:00,2026,player,hitting,ytd,,,,31,97,421,21.05,.216,.286,268,62,0,1,.200,22,44,30,63,115,10,59,24,10,,80,0.82,6,91,20,.041,3,.204,104,NL,233,36,19,2090,.324,.744,4.265,490,Ian,Ian Happ,664023,I Happ,Happ,Ian Happ,Ian,1,15,Outfielder,LF,LF,175,51,4,69,0,1,.420,.800,4,154,.314,285,CHC,112,Chicago Cubs,Cubs,177,915,2,player,0,.127,.403,2026
2026-08-10T21:33:44-04:00,2026,player,hitting,ytd,,,,32,141,454,22.70,.244,.252,381,38,0,0,.000,22,45,25,80,113,4,50,33,4,,129,0.91,4,111,20,.040,3,.194,104,NL,151,53,34,1798,.306,.744,3.596,500,Ketel,Ketel Marte,606466,K Marte,Marte,Ketel Marte,Ketel,0,27,Second Base,2B,2B,175,64,0,61,0,4,.438,1.000,4,77,.154,187,AZ,109,Arizona Diamondbacks,D-backs,199,874,3,player,3,.076,.494,2026
2026-08-10T21:33:44-04:00,2026,player,hitting,ytd,,,,29,171,457,24.05,.258,.263,395,35,0,4,.667,22,41,27,105,119,4,73,30,4,,106,0.62,6,118,19,.037,1,.173,104,NL,192,61,33,1848,.312,.743,3.631,509,Ozhaino,Ozzie Albies,645277,O Albies,Albies,Ozzie Albies,Ozzie,0,33,Second Base,2B,2B,178,63,2,71,0,11,.431,.333,2,73,.143,221,ATL,144,Atlanta Braves,Braves,197,1040,0,player,1,.069,.479,2026
2026-08-10T21:33:44-04:00,2026,player,hitting,ytd,,,,32,70,244,48.80,.270,.286,218,26,0,0,.000,14,20,13,38,82,1,38,25,1,,82,1.17,3,66,5,.018,0,.127,103,AL,111,28,21,983,.345,.743,3.575,275,Masataka,Masataka Yoshida,807799,M Yoshida,Yoshida,Masataka Yoshida,Masataka,0,11,Designated Hitter,DH,DH,178,26,2,33,0,2,.398,1.000,2,28,.102,62,BOS,111,Boston Red Sox,Red Sox,97,416,1,player,1,.095,.929,2026
2026-08-10T21:33:44-04:00,2026,player,hitting,ytd,,,,22,48,186,31.00,.247,.310,135,31,0,3,.333,7,14,7,28,67,5,22,18,5,,41,0.85,0,46,6,.027,2,.145,103,AL,67,21,12,843,.350,.742,3.832,220,Jackson,Jackson Holliday,702616,J Holliday,Holliday,Jackson Holliday,Jackson,0,8,Second Base,2B,2B,180,21,0,27,0,3,.392,.667,6,54,.245,112,BAL,110,Baltimore Orioles,Orioles,73,366,1,player,0,.141,.574,2026
2026-08-10T21:33:44-04:00,2026,player,hitting,ytd,,,,30,10,66,66.00,.303,.452,43,1,0,0,.---,4,5,5,6,28,0,6,10,0,,13,1.30,2,20,1,.014,0,.106,103,AL,24,5,4,253,.333,.742,3.667,69,Alexander,Alex Jackson,656577,A Jackson,Jackson,Alex Jackson,Alex,0,0,Catcher,C,C,180,5,0,11,0,0,.409,.---,0,23,.333,45,MIN,142,Minnesota Twins,Twins,27,144,0,player,0,.014,.043,2026
2026-08-10T21:33:44-04:00,2026,player,hitting,ytd,,,,29,79,282,28.20,.248,.313,202,35,0,1,1.000,16,26,17,48,89,5,48,16,5,,53,0.67,1,70,10,.031,1,.163,104,NL,122,37,21,1290,.331,.742,4.031,320,Tyler,Tyler Stephenson,663886,T Stephenson,Stephenson,Tyler Stephenson,Tyler,0,10,Catcher,C,C,180,33,1,28,0,2,.411,.000,0,82,.256,147,CIN,113,Cincinnati Reds,Reds,116,582,0,player,0,.109,.427,2026
2026-08-10T21:33:44-04:00,2026,player,hitting,ytd,,,,24,112,418,16.08,.215,.267,266,39,0,1,.500,18,44,34,60,111,6,51,19,6,,64,0.57,10,90,26,.055,3,.230,103,AL,223,37,14,1752,.296,.741,3.736,469,Colson,Colson Montgomery,695657,C Montgomery,Montgomery,Colson Montgomery,Colson,0,38,Shortstop,SS,SS,183,68,3,54,0,2,.445,.500,1,154,.328,339,CWS,145,Chicago White Sox,White Sox,186,908,0,player,1,.083,.253,2026
2026-08-10T21:33:44-04:00,2026,player,hitting,ytd,,,,24,99,361,51.57,.274,.304,310,38,0,1,.500,21,28,14,50,98,10,59,26,10,,112,1.13,6,99,7,.017,0,.116,103,AL,176,59,33,1543,.350,.741,3.773,409,Nolan,Nolan Schanuel,694384,N Schanuel,Schanuel,Nolan Schanuel,Nolan,0,16,First Base,1B,1B,183,41,2,39,0,4,.391,.500,1,55,.134,114,LAA,108,Los Angeles Angels,Angels,141,691,0,player,1,.093,.691,2026
2026-08-10T21:33:44-04:00,2026,player,hitting,ytd,,,,28,38,160,22.86,.238,.313,107,16,0,2,.400,6,14,12,22,62,2,17,19,2,,31,0.82,4,38,7,.039,0,.181,103,AL,54,7,11,685,.322,.741,3.785,181,Taylor,Taylor Trammell,666211,T Trammell,Trammell,Taylor Trammell,Taylor,0,5,Outfielder,LF,CF,183,20,1,25,1,0,.419,.600,3,54,.298,126,HOU,117,Houston Astros,Astros,67,326,1,player,0,.088,.296,2026
2026-08-10T21:33:44-04:00,2026,player,hitting,ytd,,,,23,104,430,33.08,.270,.327,328,35,0,3,.143,15,31,22,63,114,5,45,39,5,,108,1.04,5,116,13,.028,0,.140,104,NL,157,55,31,1928,.331,.740,4.093,471,Carson,Carson Benge,701807,C Benge,Benge,Carson Benge,Carson,0,10,Outfielder,RF,RF,186,47,6,62,0,1,.409,.857,18,103,.219,189,NYM,121,New York Mets,Mets,176,877,3,player,2,.074,.340,2026
2026-08-10T21:33:44-04:00,2026,player,hitting,ytd,,,,26,92,310,51.67,.265,.313,253,25,0,2,.250,22,31,11,55,112,0,46,29,0,,79,0.86,5,82,6,.017,0,.148,103,AL,135,42,15,1255,.327,.740,3.627,346,Tristan,Tristan Peters,671976,T Peters,Peters,Tristan Peters,Tristan,0,22,Outfielder,CF,CF,186,40,2,42,4,2,.413,.750,6,63,.182,154,CWS,145,Chicago White Sox,White Sox,128,667,3,player,2,.072,.397,2026
2026-08-10T21:33:44-04:00,2026,player,hitting,ytd,,,,28,92,340,21.25,.238,.271,256,35,1,0,.000,14,30,21,55,98,10,51,27,10,,83,0.90,6,81,16,.042,0,.182,104,NL,159,33,16,1521,.319,.740,3.961,384,Spencer,Spencer Steer,668715,S Steer,Steer,Spencer Steer,Spencer,0,21,First Base,1B,1B,186,40,2,54,0,2,.421,1.000,3,86,.224,173,CIN,113,Cincinnati Reds,Reds,143,688,0,player,0,.091,.407,2026
2026-08-10T21:33:44-04:00,2026,player,hitting,ytd,,,,31,90,316,26.33,.247,.295,237,29,0,0,.000,18,32,17,55,103,5,46,17,5,,69,0.77,1,78,12,.034,1,.184,103,AL,127,44,17,1311,.309,.739,3.735,351,Andrew,Andrew Benintendi,643217,A Benintendi,Benintendi,Andrew Benintendi,Andrew,0,18,Designated Hitter,DH,DH,189,57,2,45,1,4,.430,1.000,1,84,.239,199,CWS,145,Chicago White Sox,White Sox,136,683,2,player,0,.083,.345,2026
2026-08-10T21:33:44-04:00,2026,player,hitting,ytd,,,,24,94,312,39.00,.269,.314,250,22,0,0,.000,14,26,17,49,108,7,61,28,7,,72,0.77,3,84,8,.024,0,.147,103,AL,127,39,26,1256,.322,.739,3.705,339,Colten,Colt Keith,690993,C Keith,Keith,Colt Keith,Colt,0,19,Third Base,3B,3B,189,31,0,42,0,2,.417,1.000,5,64,.189,114,DET,116,Detroit Tigers,Tigers,130,555,4,player,1,.065,.344,2026
2026-08-10T21:33:44-04:00,2026,player,hitting,ytd,,,,28,13,55,18.33,.218,.257,38,5,0,0,.---,4,7,3,7,20,2,10,2,2,,13,1.00,0,12,3,.050,0,.236,104,NL,33,7,3,252,.283,.738,4.200,60,Ryan,Ryan Ward,669899,R Ward,Ward,Ryan Ward,Ryan,0,3,Outfielder,LF,LF,191,12,0,8,0,0,.455,.---,0,17,.283,37,LAD,119,Los Angeles Dodgers,Dodgers,25,134,0,player,0,.083,.294,2026
2026-08-10T21:33:44-04:00,2026,player,hitting,ytd,,,,23,124,436,27.25,.248,.267,360,58,0,1,.077,12,28,24,82,113,3,44,32,3,,128,1.03,14,108,16,.031,2,.138,104,NL,124,52,29,2010,.353,.738,3.941,510,Jonathan,JJ Wetherholt,802139,J Wetherholt,Wetherholt,JJ Wetherholt,JJ,0,13,Second Base,2B,2B,191,45,3,75,0,2,.385,.923,12,78,.153,171,STL,138,St. Louis Cardinals,Cardinals,168,844,0,player,1,.114,.744,2026
2026-08-10T21:33:44-04:00,2026,player,hitting,ytd,,,,24,42,130,32.50,.246,.280,105,12,0,1,.200,6,12,8,17,56,2,25,13,2,,31,0.74,3,32,4,.027,0,.169,104,NL,69,11,15,599,.322,.737,4.075,147,Matthew,Matt Shaw,807713,M Shaw,Shaw,Matt Shaw,Matt,0,10,Outfielder,RF,RF,193,20,1,20,1,1,.415,.800,4,27,.184,56,CHC,112,Chicago Cubs,Cubs,54,282,2,player,1,.082,.444,2026
2026-08-10T21:33:44-04:00,2026,player,hitting,ytd,,,,26,112,405,20.25,.227,.291,267,49,1,1,1.000,19,39,24,73,117,10,62,24,10,,63,0.56,5,92,20,.043,0,.195,103,AL,185,44,22,1935,.315,.737,4.170,464,Spencer,Spencer Torkelson,679529,S Torkelson,Torkelson,Spencer Torkelson,Spencer,0,17,First Base,1B,1B,193,59,1,52,0,4,.422,.000,0,142,.306,263,DET,116,Detroit Tigers,Tigers,171,848,0,player,2,.106,.345,2026
2026-08-10T21:33:44-04:00,2026,player,hitting,ytd,,,,20,38,225,45.00,.276,.363,162,16,0,1,.048,10,17,9,20,59,3,29,24,3,,62,1.63,4,62,5,.020,0,.129,104,NL,110,29,12,957,.332,.736,3.874,247,Konnor,Konnor Griffin,804606,K Griffin,Griffin,Konnor Griffin,Konnor,0,6,Shortstop,SS,SS,195,25,1,35,0,2,.404,.952,20,65,.263,156,PIT,134,Pittsburgh Pirates,Pirates,91,494,2,player,0,.065,.246,2026
2026-08-10T21:33:44-04:00,2026,player,hitting,ytd,,,,27,96,309,23.77,.236,.286,223,32,0,0,.000,17,31,22,45,85,2,33,19,2,,54,0.56,3,73,13,.037,1,.188,103,AL,143,32,21,1376,.311,.735,3.965,347,Royce,Royce Lewis,668904,R Lewis,Lewis,Royce Lewis,Royce,0,30,First Base,1B,1B,196,41,3,41,0,3,.424,1.000,11,89,.256,224,MIN,142,Minnesota Twins,Twins,131,661,1,player,2,.092,.360,2026
2026-08-10T21:33:44-04:00,2026,player,hitting,ytd,,,,26,137,412,45.78,.245,.266,360,72,0,9,.346,15,30,13,83,115,9,67,32,9,,122,0.89,4,101,9,.018,0,.131,104,NL,175,56,39,2106,.359,.735,4.229,498,Geraldo,Geraldo Perdomo,672695,G Perdomo,Perdomo,Geraldo Perdomo,Geraldo,0,15,Shortstop,SS,SS,196,42,5,56,5,5,.376,.654,17,62,.124,101,AZ,109,Arizona Diamondbacks,D-backs,155,794,6,player,0,.145,1.161,2026
2026-08-10T21:33:44-04:00,2026,player,hitting,ytd,,,,23,43,173,86.50,.283,.412,117,10,1,1,.143,13,16,11,24,53,2,22,13,2,,25,0.58,3,49,2,.011,0,.121,104,NL,75,25,15,742,.330,.735,3.905,190,Ryan,Ryan Waldschmidt,814439,R Waldschmidt,Waldschmidt,Ryan Waldschmidt,Ryan,0,4,Outfielder,CF,CF,196,15,3,22,1,2,.405,.857,6,59,.311,109,AZ,109,Arizona Diamondbacks,D-backs,70,327,1,player,1,.053,.169,2026
2026-08-10T21:33:44-04:00,2026,player,hitting,ytd,,,,22,137,434,31.00,.265,.294,359,31,0,5,.625,15,32,17,77,119,6,62,39,6,,107,0.78,8,115,14,.029,0,.145,103,AL,162,59,28,1808,.324,.734,3.790,477,Cole,Cole Young,702284,C Young,Young,Cole Young,Cole,0,32,Second Base,2B,2B,199,52,2,54,1,3,.410,.375,3,79,.166,163,SEA,136,Seattle Mariners,Mariners,178,873,3,player,1,.065,.392,2026
2026-08-10T21:33:44-04:00,2026,player,hitting,ytd,,,,21,71,286,40.86,.262,.340,210,30,0,6,.286,16,24,11,41,79,1,31,32,1,,64,0.90,2,75,7,.022,0,.136,104,NL,103,30,21,1294,.333,.732,3.994,324,Andrew,A.J. Ewing,805999,A Ewing,Ewing,A.J. Ewing,A.J.,2,9,Outfielder,CF,CF,200,28,6,37,3,3,.399,.714,15,82,.253,144,NYM,121,New York Mets,Mets,114,588,1,player,0,.093,.366,2026
2026-08-10T21:33:44-04:00,2026,player,hitting,ytd,,,,31,79,275,39.29,.265,.306,223,33,0,1,1.000,11,18,16,37,88,7,43,34,7,,71,0.90,3,73,7,.023,0,.116,104,NL,128,23,26,1222,.350,.732,3.929,311,Carson,Carson Kelly,608348,C Kelly,Kelly,Carson Kelly,Carson,0,16,Catcher,C,C,200,42,3,40,0,0,.382,.000,0,52,.167,106,CHC,112,Chicago Cubs,Cubs,105,542,0,player,1,.106,.635,2026
2026-08-10T21:33:44-04:00,2026,player,hitting,ytd,,,,29,93,319,106.33,.279,.332,263,30,0,5,.556,25,28,11,50,101,3,58,25,3,,81,0.87,5,89,3,.008,0,.107,104,NL,138,52,36,1293,.345,.731,3.592,360,Troy,Troy Johnston,687859,T Johnston,Johnston,Troy Johnston,Troy,1,7,Outfielder,RF,RF,202,43,1,36,1,5,.386,.444,4,62,.172,157,COL,115,Colorado Rockies,Rockies,123,674,0,player,0,.083,.484,2026
2026-08-10T21:33:44-04:00,2026,player,hitting,ytd,,,,27,63,217,27.12,.258,.300,170,10,0,4,.250,15,23,10,26,72,6,33,19,6,,51,0.81,0,56,8,.035,0,.180,103,AL,112,23,16,838,.291,.729,3.659,229,Jonathan,Jonny DeLuca,676356,J DeLuca,DeLuca,Jonny DeLuca,Jonny,4,21,Outfielder,RF,RF,203,34,1,30,2,0,.438,.750,12,49,.214,115,TB,139,Tampa Bay Rays,Rays,95,440,0,player,0,.044,.204,2026
2026-08-10T21:33:44-04:00,2026,player,hitting,ytd,,,,24,49,146,16.22,.212,.222,110,15,0,3,.375,3,14,10,22,51,2,12,7,2,,30,0.61,0,31,9,.055,0,.233,103,AL,62,14,10,610,.284,.729,3.720,164,Victor,Victor Mesa Jr.,683748,V Mesa Jr.,Mesa,Victor Mesa Jr.,Victor,0,17,Outfielder,RF,RF,203,19,0,19,2,1,.445,.625,5,39,.238,84,TB,139,Tampa Bay Rays,Rays,65,324,2,player,0,.091,.385,2026
2026-08-10T21:33:44-04:00,2026,player,hitting,ytd,,,,25,123,457,22.85,.225,.304,293,49,0,10,.417,22,45,31,77,115,3,42,27,3,,67,0.54,8,103,20,.039,1,.193,103,AL,163,42,19,2042,.311,.729,3.965,515,Zachary,Zach Neto,687263,Z Neto,Neto,Zach Neto,Zach,3,27,Shortstop,SS,SS,203,51,1,74,0,1,.418,.583,14,165,.320,349,LAA,108,Los Angeles Angels,Angels,191,1044,3,player,1,.095,.297,2026
2026-08-10T21:33:44-04:00,2026,player,hitting,ytd,,,,33,115,422,28.13,.249,.289,326,37,0,0,.000,24,40,25,61,115,11,71,27,11,,106,0.92,2,105,15,.032,0,.168,103,AL,179,52,25,1822,.311,.728,3.935,463,Joshua,Josh Bell,605137,J Bell,Bell,Josh Bell,Josh,1,29,Designated Hitter,DH,DH,206,68,1,58,0,2,.417,1.000,1,98,.212,218,MIN,142,Minnesota Twins,Twins,176,914,1,player,0,.080,.378,2026
2026-08-10T21:33:44-04:00,2026,player,hitting,ytd,,,,30,110,427,17.79,.225,.280,281,40,0,1,.500,15,39,30,63,116,9,59,29,9,,75,0.68,6,96,24,.051,0,.204,103,AL,210,37,18,2001,.299,.728,4.213,475,Kazuma,Kazuma Okamoto,672960,K Okamoto,Okamoto,Kazuma Okamoto,Kazuma,0,29,Third Base,3B,3B,206,70,3,61,0,2,.429,.500,1,148,.312,324,TOR,141,Toronto Blue Jays,Blue Jays,183,953,0,player,0,.084,.270,2026
2026-08-10T21:33:44-04:00,2026,player,hitting,ytd,,,,24,10,51,25.50,.235,.244,44,5,0,1,.500,3,5,4,7,22,2,8,2,2,,22,2.20,1,12,2,.034,0,.176,104,NL,15,6,2,209,.316,.728,3.603,58,Jesus,Jesus Rodriguez,683679,J Rodriguez,Rodriguez,Jesus Rodriguez,Jesus,0,1,Catcher,C,C,206,8,0,7,1,0,.412,.500,1,8,.138,27,SF,137,San Francisco Giants,Giants,21,109,0,player,1,.086,.625,2026
2026-08-10T21:33:44-04:00,2026,player,hitting,ytd,,,,37,53,161,53.67,.286,.297,150,10,0,1,1.000,10,13,5,27,75,7,36,18,7,,51,0.96,2,46,3,.017,0,.118,104,NL,72,23,11,640,.324,.728,3.536,181,Miguel,Miguel Rojas,500743,M Rojas,Rojas,Miguel Rojas,Miguel,0,15,Second Base,2B,2B,206,18,2,17,2,6,.404,.000,0,19,.105,51,LAD,119,Los Angeles Dodgers,Dodgers,65,307,0,player,0,.055,.526,2026
2026-08-10T21:33:44-04:00,2026,player,hitting,ytd,,,,31,5,23,11.50,.217,.188,18,1,0,0,.---,0,2,3,3,10,1,2,2,1,,8,1.60,0,5,2,.083,0,.261,103,AL,8,0,2,89,.250,.728,3.708,24,Brian,Brian Serven,661531,B Serven,Serven,Brian Serven,Brian,0,0,Catcher,C,C,206,5,0,2,0,0,.478,.---,0,5,.208,9,ATH,133,Athletics,Athletics,11,40,0,player,0,.042,.200,2026
2026-08-10T21:33:44-04:00,2026,player,hitting,ytd,,,,34,99,334,47.71,.272,.288,300,21,1,0,.000,17,28,10,43,103,4,56,25,4,,110,1.11,2,91,7,.019,2,.138,104,NL,140,56,29,1264,.318,.728,3.511,360,Ildemaro,Ildemaro Vargas,545121,I Vargas,Vargas,Ildemaro Vargas,Ildemaro,0,27,First Base,1B,1B,206,55,5,46,1,1,.410,1.000,2,36,.100,90,AZ,109,Arizona Diamondbacks,D-backs,137,615,4,player,1,.058,.583,2026
2026-08-10T21:33:44-04:00,2026,player,hitting,ytd,,,,23,55,238,19.83,.231,.328,143,21,0,1,.200,12,24,14,33,86,3,30,19,3,,33,0.60,3,55,12,.045,0,.202,104,NL,98,22,15,1109,.294,.727,4.123,269,Owen,Owen Caissie,683357,O Caissie,Caissie,Owen Caissie,Owen,0,7,Outfielder,RF,RF,212,51,2,35,0,7,.433,.800,4,102,.379,186,MIA,146,Miami Marlins,Marlins,103,514,0,player,1,.078,.206,2026
2026-08-10T21:33:44-04:00,2026,player,hitting,ytd,,,,29,125,394,35.82,.244,.281,313,56,0,0,.000,18,32,21,82,111,3,67,23,3,,92,0.74,3,96,11,.024,0,.145,104,NL,181,52,25,1803,.339,.727,3.945,457,Kyle,Kyle Tucker,663656,K Tucker,Tucker,Kyle Tucker,Kyle,0,18,Outfielder,RF,RF,212,54,1,64,0,4,.388,1.000,7,85,.186,193,LAD,119,Los Angeles Dodgers,Dodgers,153,875,3,player,1,.123,.659,2026
2026-08-10T21:33:44-04:00,2026,player,hitting,ytd,,,,31,55,239,47.80,.259,.291,201,11,0,2,.500,20,27,8,28,74,12,42,23,12,,84,1.53,4,62,5,.020,2,.163,104,NL,113,31,15,930,.303,.726,3.661,254,Miguel,Miguel Andujar,609280,M Andujar,Andujar,Miguel Andujar,Miguel,0,12,Designated Hitter,DH,DH,214,22,0,24,0,0,.423,.500,2,38,.150,93,SD,135,San Diego Padres,Padres,101,504,2,player,0,.043,.289,2026
2026-08-10T21:33:44-04:00,2026,player,hitting,ytd,,,,33,130,320,32.00,.238,.246,278,49,1,2,.065,18,28,19,66,87,2,59,16,2,,72,0.55,1,76,10,.027,7,.150,103,AL,143,41,34,1535,.337,.725,4.093,375,José,José Ramírez,608070,J Ramírez,Ramírez,José Ramírez,José,0,30,Third Base,3B,3B,215,36,3,52,0,4,.388,.935,29,46,.123,114,CLE,114,Cleveland Guardians,Guardians,124,707,0,player,0,.131,1.065,2026
2026-08-10T21:33:44-04:00,2026,player,hitting,ytd,,,,23,90,319,35.44,.241,.296,239,44,0,4,.190,15,26,17,52,86,2,43,26,2,,72,0.80,4,77,9,.024,1,.144,103,AL,123,33,16,1500,.338,.724,4.054,370,Travis,Travis Bazzana,683953,T Bazzana,Bazzana,Travis Bazzana,Travis,1,22,Second Base,2B,2B,216,36,1,37,0,3,.386,.810,17,83,.224,165,CLE,114,Cleveland Guardians,Guardians,123,659,2,player,1,.119,.530,2026
2026-08-10T21:33:44-04:00,2026,player,hitting,ytd,,,,26,108,369,33.54,.249,.266,321,31,0,5,.263,22,34,15,41,111,6,64,35,6,,121,1.12,9,92,11,.026,0,.154,103,AL,152,40,32,1530,.320,.724,3.669,417,Caleb,Caleb Durbin,702332,C Durbin,Durbin,Caleb Durbin,Caleb,2,35,Third Base,3B,3B,216,54,2,55,5,3,.404,.737,14,56,.134,110,BOS,111,Boston Red Sox,Red Sox,149,708,1,player,1,.074,.554,2026
2026-08-10T21:33:44-04:00,2026,player,hitting,ytd,,,,33,40,156,39.00,.269,.306,132,15,0,1,.500,7,11,6,23,61,3,26,13,3,,50,1.25,1,42,4,.022,0,.122,103,AL,77,22,6,675,.333,.724,3.792,178,Austin,Austin Hedges,595978,A Hedges,Hedges,Austin Hedges,Austin,1,11,Catcher,C,C,216,18,2,19,4,2,.391,.500,1,30,.169,69,CLE,114,Cleveland Guardians,Guardians,61,306,0,player,0,.084,.500,2026
2026-08-10T21:33:44-04:00,2026,player,hitting,ytd,,,,36,23,90,30.00,.256,.345,61,6,0,0,.000,6,9,5,12,24,2,11,3,2,,15,0.65,0,23,3,.031,0,.167,103,AL,53,14,4,384,.302,.724,4.000,96,Giancarlo,Giancarlo Stanton,519317,G Stanton,Stanton,Giancarlo Stanton,Giancarlo,1,7,Designated Hitter,DH,DH,216,14,1,8,0,0,.422,1.000,1,29,.302,67,NYY,147,New York Yankees,Yankees,38,173,0,player,0,.063,.207,2026
2026-08-10T21:33:44-04:00,2026,player,hitting,ytd,,,,31,64,262,17.47,.225,.284,172,15,0,2,.667,9,25,16,34,95,1,30,14,1,,49,0.77,7,59,15,.052,1,.214,103,AL,124,29,19,1104,.284,.723,3.847,287,Lucas,Luke Raley,670042,L Raley,Raley,Luke Raley,Luke,0,11,Outfielder,RF,RF,220,39,2,28,2,1,.439,.333,1,93,.324,243,SEA,136,Seattle Mariners,Mariners,115,592,1,player,0,.052,.161,2026
2026-08-10T21:33:44-04:00,2026,player,hitting,ytd,,,,23,111,299,74.75,.274,.288,276,17,0,4,.400,25,31,4,49,101,3,42,33,3,,83,0.75,0,82,4,.013,0,.137,104,NL,125,44,31,1067,.312,.723,3.355,318,Javier,Javier Sanoja,691594,J Sanoja,Sanoja,Javier Sanoja,Javier,1,31,Third Base,3B,3B,220,42,5,29,1,1,.411,.600,6,25,.079,62,MIA,146,Miami Marlins,Marlins,123,544,2,player,1,.053,.680,2026
2026-08-10T21:33:44-04:00,2026,player,hitting,ytd,,,,27,39,142,71.00,.282,.352,110,10,0,3,.333,7,10,4,20,38,2,20,20,2,,31,0.79,2,40,2,.013,0,.106,104,NL,71,16,12,549,.335,.722,3.542,155,Blake,Blake Dunn,694362,B Dunn,Dunn,Blake Dunn,Blake,0,7,Outfielder,CF,CF,222,7,1,20,0,1,.387,.667,6,33,.213,58,CIN,113,Cincinnati Reds,Reds,55,252,1,player,2,.065,.303,2026
2026-08-10T21:33:44-04:00,2026,player,hitting,ytd,,,,22,115,387,24.19,.227,.291,263,43,0,0,.000,24,41,21,70,110,3,48,30,3,,60,0.52,1,88,16,.037,1,.191,103,AL,142,36,19,1802,.303,.722,4.133,436,Carter,Carter Jensen,695600,C Jensen,Jensen,Carter Jensen,Carter,1,26,Catcher,C,C,222,55,1,53,0,5,.419,1.000,1,129,.296,243,KC,118,Kansas City Royals,Royals,162,813,1,player,1,.099,.333,2026
2026-08-10T21:33:44-04:00,2026,player,hitting,ytd,,,,23,55,195,32.50,.267,.329,147,10,0,2,.667,10,17,10,30,75,1,29,14,1,,40,0.73,0,52,6,.029,0,.154,103,AL,78,28,14,734,.300,.721,3.529,208,Hao-Yu,Hao-Yu Lee,701678,H Lee,Lee,Hao-Yu Lee,Hao-Yu,0,11,Second Base,2B,2B,224,28,0,18,1,2,.421,.333,1,51,.245,104,DET,116,Detroit Tigers,Tigers,82,365,1,player,0,.048,.196,2026
2026-08-10T21:33:44-04:00,2026,player,hitting,ytd,,,,27,20,74,18.50,.216,.261,50,7,0,0,.---,4,8,5,12,34,0,15,2,0,,14,0.70,1,16,4,.048,0,.216,104,NL,49,9,7,325,.289,.721,3.916,83,Nelson,Nelson Velázquez,676369,N Velázquez,Velázquez,Nelson Velázquez,Nelson,0,1,Outfielder,LF,LF,224,12,0,10,0,1,.432,.---,0,25,.301,62,STL,138,St. Louis Cardinals,Cardinals,32,164,0,player,0,.084,.280,2026
2026-08-10T21:33:44-04:00,2026,player,hitting,ytd,,,,25,137,420,24.71,.243,.258,347,32,0,4,.364,18,38,18,78,114,7,61,32,7,,108,0.79,2,102,17,.037,0,.179,103,AL,168,52,32,1704,.299,.720,3.737,456,Brooks,Brooks Lee,686797,B Lee,Lee,Brooks Lee,Brooks,0,27,Third Base,3B,3B,226,61,5,52,1,1,.421,.636,7,75,.164,188,MIN,142,Minnesota Twins,Twins,177,895,3,player,0,.070,.427,2026
2026-08-10T21:33:44-04:00,2026,player,hitting,ytd,,,,28,102,301,33.44,.262,.287,255,16,0,0,.000,20,30,13,72,98,7,49,25,7,,74,0.73,0,79,9,.028,0,.163,103,AL,143,41,19,1174,.295,.720,3.623,324,Michael,Michael Massey,686681,M Massey,Massey,Michael Massey,Michael,0,11,Second Base,2B,2B,226,39,1,39,2,5,.425,1.000,2,53,.164,117,KC,118,Kansas City Royals,Royals,128,607,1,player,0,.049,.302,2026
2026-08-10T21:33:44-04:00,2026,player,hitting,ytd,,,,25,15,82,20.50,.220,.286,53,6,0,0,.000,5,9,7,7,29,2,20,5,2,,20,1.33,3,18,4,.043,0,.207,104,NL,54,5,4,333,.293,.720,3.620,92,Everson,Everson Pereira,677592,E Pereira,Pereira,Everson Pereira,Everson,1,4,Outfielder,LF,RF,226,11,0,9,0,1,.427,1.000,1,30,.326,67,STL,138,St. Louis Cardinals,Cardinals,35,182,0,player,0,.065,.200,2026
2026-08-10T21:33:44-04:00,2026,player,hitting,ytd,,,,21,35,136,68.00,.272,.330,108,18,0,2,.167,5,8,5,20,44,7,28,12,7,,36,1.03,1,37,2,.013,0,.096,104,NL,72,20,13,624,.352,.720,3.925,159,Cooper,Cooper Pratt,806198,C Pratt,Pratt,Cooper Pratt,Cooper,0,2,Shortstop,SS,SS,226,17,1,20,0,4,.368,.833,10,32,.201,73,MIL,158,Milwaukee Brewers,Brewers,50,282,1,player,0,.113,.563,2026
2026-08-10T21:33:44-04:00,2026,player,hitting,ytd,,,,31,73,173,28.83,.249,.272,142,23,0,0,.---,5,11,9,45,52,5,27,14,5,,26,0.36,2,43,6,.030,0,.133,104,NL,74,20,21,858,.338,.720,4.269,201,William,Will Smith,669257,W Smith,Smith,Will Smith,Will,0,7,Catcher,C,C,226,23,0,23,0,3,.382,.---,0,34,.169,58,LAD,119,Los Angeles Dodgers,Dodgers,66,354,0,player,0,.114,.676,2026
2026-08-10T21:33:44-04:00,2026,player,hitting,ytd,,,,27,48,165,41.25,.242,.321,117,19,1,0,.---,9,13,11,25,64,5,24,10,5,,29,0.60,8,40,4,.021,0,.127,104,NL,71,19,9,802,.349,.719,4.134,194,Miguel,Miguel Amaya,665804,M Amaya,Amaya,Miguel Amaya,Miguel,0,14,Catcher,C,C,231,21,4,29,1,0,.370,.---,0,49,.253,95,CHC,112,Chicago Cubs,Cubs,61,361,0,player,0,.098,.388,2026
2026-08-10T21:33:44-04:00,2026,player,hitting,ytd,,,,32,158,462,38.50,.249,.278,382,57,0,1,.250,23,36,20,79,116,12,86,39,12,,109,0.69,8,115,12,.023,2,.132,104,NL,241,54,37,2107,.338,.719,3.961,532,Alexander,Alex Bregman,608324,A Bregman,Bregman,Alex Bregman,Alex,2,42,Third Base,3B,3B,231,53,3,63,0,5,.381,.750,3,85,.160,140,CHC,112,Chicago Cubs,Cubs,176,866,1,player,0,.107,.671,2026
2026-08-10T21:33:44-04:00,2026,player,hitting,ytd,,,,30,170,450,50.00,.284,.299,407,15,0,1,.200,28,38,27,89,116,7,75,44,7,,109,0.64,2,128,9,.019,0,.127,103,AL,165,57,43,1461,.308,.719,3.102,471,Ernie,Ernie Clement,676391,E Clement,Clement,Ernie Clement,Ernie,0,38,Second Base,2B,2B,231,39,5,49,0,4,.411,.800,4,47,.100,141,TOR,141,Toronto Blue Jays,Blue Jays,185,842,1,player,1,.032,.319,2026
2026-08-10T21:33:44-04:00,2026,player,hitting,ytd,,,,31,133,424,42.40,.269,.293,366,28,3,2,.250,23,35,18,69,113,6,53,34,6,,119,0.89,2,114,10,.022,0,.134,104,NL,154,61,35,1682,.316,.719,3.664,459,Mauricio,Mauricio Dubón,643289,M Dubón,Dubón,Mauricio Dubón,Mauricio,1,29,Outfielder,LF,LF,231,60,7,54,1,1,.403,.750,6,60,.131,142,ATL,144,Atlanta Braves,Braves,171,889,2,player,0,.061,.467,2026
2026-08-10T21:33:44-04:00,2026,player,hitting,ytd,,,,28,133,420,38.18,.264,.288,358,39,0,2,.667,17,29,18,71,109,12,72,40,12,,114,0.86,4,111,11,.024,4,.124,104,NL,197,53,32,1644,.329,.717,3.513,468,William,William Contreras,661388,W Contreras,Contreras,William Contreras,William,0,30,Catcher,C,C,235,59,3,56,0,5,.388,.333,1,67,.143,158,MIL,158,Milwaukee Brewers,Brewers,163,770,1,player,2,.083,.582,2026
2026-08-10T21:33:44-04:00,2026,player,hitting,ytd,,,,33,77,293,26.64,.249,.315,208,27,0,0,.000,12,23,16,50,83,11,53,31,11,,58,0.75,2,73,11,.034,1,.154,104,NL,138,26,12,1302,.314,.717,4.006,325,Teoscar,Teoscar Hernández,606192,T Hernández,Hernández,Teoscar Hernández,Teoscar,0,15,Outfielder,LF,LF,235,41,1,47,0,3,.403,1.000,2,88,.271,192,LAD,119,Los Angeles Dodgers,Dodgers,118,611,0,player,0,.083,.307,2026
2026-08-10T21:33:44-04:00,2026,player,hitting,ytd,,,,23,151,450,30.00,.247,.277,361,28,0,5,.313,23,43,31,99,118,6,83,27,6,,99,0.66,6,111,15,.031,1,.173,104,NL,221,53,29,1742,.297,.717,3.570,488,Daylen,Daylen Lile,695734,D Lile,Lile,Daylen Lile,Daylen,0,23,Outfielder,LF,LF,235,61,1,60,0,4,.420,.688,11,93,.191,230,WSH,120,Washington Nationals,Nationals,189,965,5,player,0,.057,.301,2026
2026-08-10T21:33:44-04:00,2026,player,hitting,ytd,,,,27,80,243,48.60,.243,.269,210,27,0,0,.000,19,25,11,48,81,6,46,21,6,,71,0.89,5,59,5,.018,0,.148,103,AL,106,27,21,1034,.326,.717,3.654,283,Nicholas,Nick Loftin,679845,N Loftin,Loftin,Nick Loftin,Nick,0,11,Third Base,3B,3B,235,35,1,31,4,4,.391,1.000,1,41,.145,66,KC,118,Kansas City Royals,Royals,95,423,1,player,1,.095,.659,2026
2026-08-10T21:33:44-04:00,2026,player,hitting,ytd,,,,33,125,429,18.65,.212,.224,327,55,0,3,.600,20,43,24,70,116,12,65,19,12,,111,0.89,0,91,23,.047,3,.207,104,NL,190,47,35,1953,.297,.717,3.970,492,Manuel,Manny Machado,592518,M Machado,Machado,Manny Machado,Manny,1,20,Third Base,3B,3B,235,70,5,60,1,7,.420,.400,2,110,.224,245,SD,135,San Diego Padres,Padres,180,931,0,player,2,.112,.500,2026
2026-08-10T21:33:44-04:00,2026,player,hitting,ytd,,,,30,101,412,21.68,.238,.288,293,34,0,0,.000,17,36,21,60,113,5,61,35,5,,94,0.93,3,98,19,.042,0,.180,103,AL,191,42,17,1660,.299,.716,3.681,451,Jacob,Jake Burger,669394,J Burger,Burger,Jake Burger,Jake,0,24,First Base,1B,1B,240,66,1,49,0,2,.417,1.000,2,121,.268,288,TEX,140,Texas Rangers,Rangers,172,837,0,player,0,.075,.281,2026
2026-08-10T21:33:44-04:00,2026,player,hitting,ytd,,,,26,57,305,33.89,.256,.332,217,18,0,1,.250,15,27,13,32,79,5,41,34,5,,82,1.44,3,78,9,.028,1,.157,103,AL,128,30,20,1279,.303,.716,3.911,327,Heliot,Heliot Ramos,671218,H Ramos,Ramos,Heliot Ramos,Heliot,1,5,Outfielder,LF,LF,240,34,2,36,0,1,.413,.750,3,89,.272,196,NYY,147,New York Yankees,Yankees,126,673,3,player,0,.055,.202,2026
2026-08-10T21:33:44-04:00,2026,player,hitting,ytd,,,,31,75,245,30.62,.265,.284,210,20,0,0,.---,6,15,13,47,94,6,45,16,6,,70,0.93,2,65,8,.029,1,.131,104,NL,108,36,16,1048,.320,.716,3.839,273,Dominic,Dominic Smith,642086,D Smith,Smith,Dominic Smith,Dominic,0,12,Designated Hitter,DH,DH,240,44,2,38,1,5,.396,.---,0,41,.150,107,ATL,144,Atlanta Braves,Braves,97,516,1,player,1,.073,.488,2026
2026-08-10T21:33:44-04:00,2026,player,hitting,ytd,,,,28,18,78,-.--,.256,.328,63,14,0,0,.---,5,6,3,9,23,1,15,4,1,,25,1.39,0,20,0,.000,0,.090,103,AL,37,13,4,363,.370,.716,3.862,94,Nicholas,Nick Sogard,686765,N Sogard,Sogard,Nick Sogard,Nick,0,5,Second Base,2B,2B,240,3,1,11,2,0,.346,.---,0,17,.181,31,BOS,111,Boston Red Sox,Red Sox,27,146,1,player,0,.149,.824,2026
2026-08-10T21:33:44-04:00,2026,player,hitting,ytd,,,,32,123,433,61.86,.242,.305,328,87,0,3,.429,20,28,14,75,117,7,57,26,7,,100,0.81,6,105,7,.013,2,.099,103,AL,156,63,26,2192,.374,.716,4.144,529,Joseph,Taylor Ward,621493,T Ward,Ward,Taylor Ward,Taylor,2,22,Outfielder,RF,LF,240,30,2,65,0,3,.342,.571,4,108,.204,148,SEA,136,Seattle Mariners,Mariners,148,755,1,player,0,.164,.806,2026
2026-08-10T21:33:44-04:00,2026,player,hitting,ytd,,,,23,1,7,-.--,.286,.500,4,0,0,0,.---,1,1,1,0,3,0,0,1,0,,1,1.00,0,2,0,.000,0,.143,104,NL,1,0,1,34,.286,.715,4.857,7,Deyvison,Deyvison De Los Santos,691277,D De Los Santos,De Los Santos,Deyvison De Los Santos,Deyvison,0,0,First Base,1B,1B,245,0,0,0,0,0,.429,.---,0,3,.429,6,MIA,146,Miami Marlins,Marlins,3,19,0,player,0,.000,.---,2026
2026-08-10T21:33:44-04:00,2026,player,hitting,ytd,,,,25,8,25,25.00,.200,.235,18,6,0,0,.---,1,2,3,7,12,0,3,1,0,,5,0.63,0,5,1,.032,0,.160,104,NL,9,1,1,131,.355,.715,4.226,31,Rafael,Rafael Flores Jr.,804668,R Flores Jr.,Flores,Rafael Flores Jr.,Rafael,0,0,Catcher,C,C,245,2,0,2,0,0,.360,.---,0,7,.226,15,PIT,134,Pittsburgh Pirates,Pirates,9,47,0,player,0,.194,.857,2026
2026-08-10T21:33:44-04:00,2026,player,hitting,ytd,,,,23,42,209,19.00,.234,.271,155,14,0,0,.---,7,18,14,25,72,6,34,14,6,,64,1.52,2,49,11,.048,0,.191,104,NL,91,21,9,901,.289,.715,3.934,229,Joseph,Joe Mack,691788,J Mack,Mack,Joe Mack,Joe,0,8,Catcher,C,C,245,34,0,31,4,0,.426,.---,0,58,.253,106,MIA,146,Miami Marlins,Marlins,89,420,0,player,0,.061,.241,2026
2026-08-10T21:33:44-04:00,2026,player,hitting,ytd,,,,31,60,199,19.90,.216,.262,136,24,0,0,.000,8,18,18,38,76,4,27,6,4,,33,0.55,2,43,10,.044,0,.191,103,AL,85,19,9,911,.307,.714,4.049,225,Tyler,Tyler O'Neill,641933,T O'Neill,O'Neill,Tyler O'Neill,Tyler,0,13,Outfielder,RF,RF,248,22,1,28,0,0,.407,1.000,1,63,.280,133,BAL,110,Baltimore Orioles,Orioles,81,427,0,player,0,.107,.381,2026
2026-08-10T21:33:44-04:00,2026,player,hitting,ytd,,,,23,130,371,61.83,.261,.297,313,44,0,6,.300,16,23,11,79,111,6,65,35,6,,86,0.66,13,97,6,.014,1,.097,103,AL,152,50,25,1645,.355,.713,3.782,435,Luke,Luke Keaschall,807712,L Keaschall,Keaschall,Luke Keaschall,Luke,1,26,Second Base,2B,2B,249,34,6,56,1,6,.358,.700,14,65,.149,116,MIN,142,Minnesota Twins,Twins,133,685,1,player,0,.101,.677,2026
2026-08-10T21:33:44-04:00,2026,player,hitting,ytd,,,,27,42,136,45.33,.250,.284,113,13,0,0,.000,11,14,6,28,41,3,24,10,3,,37,0.88,1,34,3,.020,0,.147,103,AL,44,18,10,559,.316,.713,3.654,153,Anthony,Anthony Seigler,678011,A Seigler,Seigler,Anthony Seigler,Anthony,0,4,Second Base,2B,2B,249,12,1,19,1,2,.397,1.000,2,26,.170,57,BOS,111,Boston Red Sox,Red Sox,54,259,0,player,0,.085,.500,2026
2026-08-10T21:33:44-04:00,2026,player,hitting,ytd,,,,30,86,327,21.80,.214,.232,252,45,0,0,.000,15,30,16,42,110,11,46,19,11,,96,1.12,4,70,15,.040,0,.183,104,NL,129,34,19,1619,.315,.713,4.283,378,Gavin,Gavin Sheets,657757,G Sheets,Sheets,Gavin Sheets,Gavin,1,25,First Base,1B,1B,249,44,0,44,0,2,.398,1.000,4,77,.204,139,SD,135,San Diego Padres,Padres,130,695,0,player,1,.119,.584,2026
2026-08-10T21:33:44-04:00,2026,player,hitting,ytd,,,,36,96,336,28.00,.235,.262,268,38,3,2,.182,14,28,17,55,89,8,48,27,8,,93,0.97,3,79,12,.031,0,.161,103,AL,151,35,20,1538,.317,.713,4.037,381,George,George Springer,543807,G Springer,Springer,George Springer,George,0,21,Designated Hitter,DH,DH,249,36,6,42,0,1,.396,.818,9,69,.181,168,TOR,141,Toronto Blue Jays,Blue Jays,133,737,2,player,0,.100,.551,2026
2026-08-10T21:33:44-04:00,2026,player,hitting,ytd,,,,30,29,158,17.56,.234,.318,100,11,0,4,.250,3,12,12,14,87,2,24,12,2,,34,1.17,1,37,9,.052,0,.190,104,NL,86,13,10,679,.288,.712,3.925,173,Derek,Derek Hill,656537,D Hill,Hill,Derek Hill,Derek,0,5,Outfielder,RF,CF,253,22,2,26,3,0,.424,.750,12,61,.353,115,PHI,143,Philadelphia Phillies,Phillies,67,334,0,player,1,.064,.180,2026
2026-08-10T21:33:44-04:00,2026,player,hitting,ytd,,,,30,50,177,59.00,.260,.355,124,24,0,0,.000,8,11,5,27,82,4,26,21,4,,28,0.56,3,46,3,.015,0,.096,104,NL,77,20,10,836,.354,.710,4.058,206,Dane,Dane Myers,667472,D Myers,Myers,Dane Myers,Dane,0,13,Outfielder,CF,CF,254,18,1,22,0,2,.356,1.000,7,55,.267,72,CIN,113,Cincinnati Reds,Reds,63,345,0,player,1,.117,.436,2026
2026-08-10T21:33:44-04:00,2026,player,hitting,ytd,,,,30,89,294,29.40,.228,.279,214,40,0,3,.300,17,27,11,41,102,4,33,20,4,,58,0.65,2,67,10,.030,0,.160,104,NL,112,36,18,1385,.322,.710,4.098,338,Lane,Lane Thomas,657041,L Thomas,Thomas,Lane Thomas,Lane,0,30,Outfielder,LF,CF,254,38,2,33,0,2,.388,.700,7,82,.243,125,ATL,144,Atlanta Braves,Braves,114,573,0,player,1,.118,.488,2026
2026-08-10T21:33:44-04:00,2026,player,hitting,ytd,,,,26,7,33,33.00,.273,.296,29,2,0,0,.---,1,2,2,5,17,0,4,2,0,,13,1.86,0,9,1,.028,0,.121,103,AL,12,5,1,108,.314,.708,3.000,36,Raynel,Raynel Delgado,669384,R Delgado,Delgado,Raynel Delgado,Raynel,0,1,Second Base,2B,2B,256,4,0,3,1,0,.394,.---,0,5,.139,16,HOU,117,Houston Astros,Astros,13,58,0,player,0,.056,.400,2026
2026-08-10T21:33:44-04:00,2026,player,hitting,ytd,,,,30,47,182,18.20,.231,.258,134,12,0,0,.000,5,16,11,22,69,1,14,10,1,,45,0.96,0,42,10,.051,0,.203,103,AL,64,20,16,736,.274,.708,3.736,197,German,Amed Rosario,642708,A Rosario,Rosario,Amed Rosario,Amed,1,9,Third Base,3B,3B,256,28,2,23,0,3,.434,1.000,1,51,.259,108,NYY,147,New York Yankees,Yankees,79,399,1,player,0,.061,.235,2026
2026-08-10T21:33:44-04:00,2026,player,hitting,ytd,,,,27,4,35,-.--,.257,.321,28,10,0,0,.---,1,1,1,2,16,2,6,4,2,,15,3.75,0,9,0,.000,1,.029,104,NL,13,4,1,176,.422,.708,3.911,45,William,Will Wagner,695238,W Wagner,Wagner,Will Wagner,Will,0,1,Designated Hitter,DH,DH,256,0,1,5,0,0,.286,.---,0,7,.156,11,SD,135,San Diego Padres,Padres,10,69,0,player,0,.222,1.429,2026
2026-08-10T21:33:44-04:00,2026,player,hitting,ytd,,,,24,72,275,18.33,.211,.265,177,21,0,0,.000,10,28,21,41,93,3,35,15,3,,47,0.65,3,58,15,.050,0,.222,103,AL,129,22,13,1213,.273,.706,4.043,300,Coby,Coby Mayo,691723,C Mayo,Mayo,Coby Mayo,Coby,0,18,Third Base,3B,3B,259,42,2,39,0,1,.433,1.000,2,99,.330,180,BAL,110,Baltimore Orioles,Orioles,119,569,3,player,0,.070,.212,2026
2026-08-10T21:33:44-04:00,2026,player,hitting,ytd,,,,28,97,335,55.83,.239,.302,253,45,0,5,.455,19,28,15,54,106,4,39,22,4,,76,0.78,6,80,6,.015,0,.128,103,AL,153,41,22,1517,.338,.705,3.890,390,Isaac,Isaac Collins,686555,I Collins,Collins,Isaac Collins,Isaac,2,21,Outfielder,LF,LF,260,35,2,40,2,2,.367,.545,6,86,.221,130,KC,118,Kansas City Royals,Royals,123,601,3,player,0,.115,.523,2026
2026-08-10T21:33:44-04:00,2026,player,hitting,ytd,,,,31,35,119,59.50,.277,.313,102,12,0,2,.222,4,6,6,10,47,3,23,13,3,,34,0.97,0,33,2,.015,0,.084,103,AL,57,14,12,471,.344,.705,3.568,132,Isiah,Isiah Kiner-Falefa,643396,I Kiner-Falefa,Kiner-Falefa,Isiah Kiner-Falefa,Isiah,0,13,Second Base,2B,2B,260,13,1,19,1,0,.361,.778,7,18,.136,40,BOS,111,Boston Red Sox,Red Sox,43,229,0,player,0,.091,.667,2026
2026-08-10T21:33:44-04:00,2026,player,hitting,ytd,,,,23,131,451,25.06,.244,.290,338,31,0,2,.080,18,38,26,71,116,7,76,33,7,,97,0.74,1,110,18,.037,2,.169,104,NL,186,51,38,1927,.293,.705,3.957,487,Jackson,Jackson Merrill,701538,J Merrill,Merrill,Jackson Merrill,Jackson,0,22,Outfielder,CF,CF,260,59,0,60,3,1,.412,.920,23,117,.240,281,SD,135,San Diego Padres,Padres,186,1062,2,player,1,.064,.265,2026
2026-08-10T21:33:44-04:00,2026,player,hitting,ytd,,,,32,54,146,29.20,.240,.261,121,8,0,1,.500,10,16,5,30,59,3,30,11,3,,32,0.59,1,35,5,.032,0,.185,104,NL,67,19,9,555,.280,.705,3.513,158,Brett,Brett Sullivan,664954,B Sullivan,Sullivan,Brett Sullivan,Brett,0,15,Catcher,C,C,260,20,0,16,1,2,.425,.500,1,28,.177,54,COL,115,Colorado Rockies,Rockies,62,287,1,player,0,.051,.286,2026
2026-08-10T21:33:44-04:00,2026,player,hitting,ytd,,,,23,36,179,44.75,.235,.290,135,21,0,2,.667,10,16,5,22,50,4,19,22,4,,57,1.58,3,42,4,.020,0,.145,103,AL,79,15,8,764,.324,.704,3.745,204,Braden,Braden Montgomery,695731,B Montgomery,Montgomery,Braden Montgomery,Braden,0,6,Outfielder,RF,RF,264,24,1,27,0,1,.380,.333,1,45,.221,118,CWS,145,Chicago White Sox,White Sox,68,392,2,player,1,.103,.467,2026
2026-08-10T21:33:44-04:00,2026,player,hitting,ytd,,,,24,43,169,33.80,.260,.325,125,11,0,0,.---,8,13,5,22,58,6,21,15,6,,38,0.88,0,44,5,.028,0,.136,103,AL,76,24,14,698,.306,.702,3.878,180,Yohendrick,Yohendrick Piñango,682818,Y Piñango,Pinango,Yohendrick Piñango,Yohendrick,0,7,Outfielder,LF,LF,265,20,0,12,0,0,.396,.---,0,44,.244,91,TOR,141,Toronto Blue Jays,Blue Jays,67,355,0,player,0,.061,.250,2026
2026-08-10T21:33:44-04:00,2026,player,hitting,ytd,,,,36,84,367,28.23,.243,.277,288,33,0,2,.500,15,29,17,43,94,15,56,29,15,,115,1.37,1,89,13,.032,1,.153,103,AL,175,43,22,1449,.306,.701,3.596,403,Jose,Jose Altuve,514888,J Altuve,Altuve,Jose Altuve,Jose,0,19,Second Base,2B,2B,266,34,5,54,1,1,.395,.500,2,81,.201,151,HOU,117,Houston Astros,Astros,145,682,1,player,0,.082,.407,2026
2026-08-10T21:33:44-04:00,2026,player,hitting,ytd,,,,25,50,194,24.25,.232,.289,137,22,0,0,.000,7,15,11,24,68,2,26,10,2,,42,0.84,0,45,8,.037,0,.160,103,AL,86,24,15,886,.309,.701,4.064,218,Brandon,Brandon Valenzuela,678218,B Valenzuela,Valenzuela,Brandon Valenzuela,Brandon,0,11,Catcher,C,C,266,21,1,22,1,1,.392,1.000,1,59,.271,114,TOR,141,Toronto Blue Jays,Blue Jays,76,439,0,player,1,.101,.373,2026
2026-08-10T21:33:44-04:00,2026,player,hitting,ytd,,,,26,101,319,35.44,.241,.271,263,25,0,3,.188,15,27,18,54,105,5,52,21,5,,85,0.84,7,77,9,.025,0,.150,104,NL,135,38,36,1325,.309,.701,3.722,356,Jacob,Jacob Young,696285,J Young,Young,Jacob Young,Jacob,0,11,Outfielder,CF,CF,266,42,5,44,3,2,.392,.813,13,61,.171,122,WSH,120,Washington Nationals,Nationals,125,569,3,player,0,.070,.410,2026
2026-08-10T21:33:44-04:00,2026,player,hitting,ytd,,,,25,81,261,37.29,.249,.278,216,21,1,0,.---,15,22,12,44,76,10,50,22,10,,70,0.86,5,65,7,.024,0,.138,103,AL,130,30,25,1104,.313,.700,3.781,292,Vaughn,Vaughn Grissom,687093,V Grissom,Grissom,Vaughn Grissom,Vaughn,1,12,Second Base,2B,2B,269,46,3,29,0,4,.387,.---,0,49,.168,120,LAA,108,Los Angeles Angels,Angels,101,543,0,player,0,.072,.429,2026
2026-08-10T21:33:44-04:00,2026,player,hitting,ytd,,,,29,129,430,43.00,.263,.285,372,37,1,5,.179,17,27,22,62,111,16,61,31,16,,130,1.01,5,113,10,.021,2,.109,103,AL,202,58,31,1553,.328,.700,3.276,474,Joshua-Douglas,Josh Naylor,647304,J Naylor,Naylor,Josh Naylor,Josh,2,36,First Base,1B,1B,269,42,4,44,0,1,.372,.821,23,59,.124,140,SEA,136,Seattle Mariners,Mariners,160,796,0,player,1,.078,.627,2026
2026-08-10T21:33:44-04:00,2026,player,hitting,ytd,,,,30,36,158,52.67,.247,.321,119,16,0,1,.250,10,13,8,20,60,6,26,11,6,,44,1.22,5,39,3,.016,0,.120,103,AL,63,19,8,712,.333,.700,3.870,184,Connor,Connor Wong,657136,C Wong,Wong,Connor Wong,Connor,1,8,Catcher,C,C,269,19,0,17,4,1,.367,.750,3,44,.239,82,BOS,111,Boston Red Sox,Red Sox,58,327,0,player,0,.087,.364,2026
2026-08-10T21:33:44-04:00,2026,player,hitting,ytd,,,,29,113,338,26.00,.213,.225,275,48,1,1,.125,17,32,18,62,98,5,45,18,5,,90,0.80,0,72,13,.033,0,.178,103,AL,130,35,24,1555,.308,.699,3.987,390,Trenton,Trent Grisham,663757,T Grisham,Grisham,Trent Grisham,Trent,1,27,Outfielder,CF,CF,272,44,3,56,0,3,.391,.875,7,66,.169,108,NYY,147,New York Yankees,Yankees,132,610,2,player,0,.123,.727,2026
2026-08-10T21:33:44-04:00,2026,player,hitting,ytd,,,,31,68,243,22.09,.226,.240,194,17,0,0,.---,14,25,15,40,71,6,32,11,6,,71,1.04,2,55,11,.042,0,.193,103,AL,127,29,14,975,.279,.699,3.679,265,Jonah,Jonah Heim,641680,J Heim,Heim,Jonah Heim,Jonah,0,14,Catcher,C,C,272,39,3,25,0,3,.420,.---,0,52,.196,120,ATH,133,Athletics,Athletics,102,493,0,player,0,.064,.327,2026
2026-08-10T21:33:44-04:00,2026,player,hitting,ytd,,,,24,73,268,22.33,.235,.266,210,8,0,3,.250,14,27,16,39,79,5,41,17,5,,74,1.01,5,63,12,.042,0,.194,103,AL,121,30,21,1042,.270,.699,3.618,288,Angel,Angel Martínez,682657,A Martínez,Martínez,Angel Martínez,Angel,0,13,Outfielder,LF,LF,272,42,1,32,6,1,.429,.750,9,65,.226,116,CLE,114,Cleveland Guardians,Guardians,115,561,1,player,0,.028,.123,2026
2026-08-10T21:33:44-04:00,2026,player,hitting,ytd,,,,35,78,265,33.12,.230,.285,194,29,0,0,.000,15,24,14,47,101,2,31,19,2,,55,0.71,4,61,8,.027,0,.155,104,NL,112,28,19,1263,.313,.698,4.210,300,Michael,Mike Yastrzemski,573262,M Yastrzemski,Yastrzemski,Mike Yastrzemski,Mike,0,12,Outfielder,LF,LF,275,33,2,39,0,2,.385,1.000,1,73,.243,126,ATL,144,Atlanta Braves,Braves,102,529,1,player,1,.097,.397,2026
2026-08-10T21:33:44-04:00,2026,player,hitting,ytd,,,,33,81,253,19.46,.182,.224,160,46,0,0,.000,13,26,15,39,91,4,20,7,4,,33,0.41,3,46,13,.042,0,.206,103,AL,125,24,11,1287,.310,.697,4.206,306,Rhys,Rhys Hoskins,656555,R Hoskins,Hoskins,Rhys Hoskins,Rhys,0,31,First Base,1B,1B,276,38,1,33,0,4,.387,1.000,1,97,.317,177,CLE,114,Cleveland Guardians,Guardians,98,546,0,player,0,.150,.474,2026
2026-08-10T21:33:44-04:00,2026,player,hitting,ytd,,,,25,104,408,-.--,.304,.332,381,20,0,11,.262,12,18,1,54,110,4,61,77,4,,153,1.47,0,124,0,.000,0,.059,103,AL,138,46,40,1445,.333,.696,3.284,440,Chandler,Chandler Simpson,802415,C Simpson,Simpson,Chandler Simpson,Chandler,0,10,Outfielder,LF,LF,277,23,3,48,7,5,.363,.738,31,39,.089,69,TB,139,Tampa Bay Rays,Rays,148,673,6,player,0,.045,.513,2026
2026-08-10T21:33:44-04:00,2026,player,hitting,ytd,,,,27,118,414,59.14,.261,.289,356,47,0,3,.300,19,26,10,56,111,16,87,45,16,,130,1.10,4,108,7,.015,5,.097,103,AL,162,53,37,1678,.338,.695,3.570,470,Vladimir,Vladimir Guerrero Jr.,665489,V Guerrero Jr.,Guerrero,Vladimir Guerrero Jr.,Vladimir,0,25,First Base,1B,1B,278,46,3,59,0,5,.357,.700,7,63,.134,160,TOR,141,Toronto Blue Jays,Blue Jays,148,800,0,player,0,.100,.746,2026
2026-08-10T21:33:44-04:00,2026,player,hitting,ytd,,,,33,131,480,28.24,.248,.288,371,30,0,3,.150,20,38,25,71,116,8,61,53,8,,121,0.92,3,119,17,.033,0,.152,104,NL,179,41,40,1946,.295,.695,3.771,516,Trea,Trea Turner,607208,T Turner,Turner,Trea Turner,Trea,0,20,Shortstop,SS,SS,278,47,4,80,0,3,.400,.850,17,112,.217,274,PHI,143,Philadelphia Phillies,Phillies,192,1002,1,player,0,.058,.268,2026
2026-08-10T21:33:44-04:00,2026,player,hitting,ytd,,,,30,126,436,22.95,.222,.273,305,34,0,2,.333,24,44,36,67,113,3,32,23,3,,82,0.65,2,97,19,.040,0,.190,104,NL,192,38,23,1857,.281,.694,3.926,473,Willy,Willy Adames,642715,W Adames,Adames,Willy Adames,Willy,0,36,Shortstop,SS,SS,280,48,5,58,0,1,.413,.667,4,132,.279,260,SF,137,San Francisco Giants,Giants,180,899,1,player,0,.072,.258,2026
2026-08-10T21:33:44-04:00,2026,player,hitting,ytd,,,,29,69,245,61.25,.273,.300,217,7,0,0,.---,14,18,9,28,85,6,31,32,6,,81,1.17,8,67,4,.015,0,.106,103,AL,106,26,16,892,.314,.694,3.379,264,Nicholas,Nick Fortes,663743,N Fortes,Fortes,Nick Fortes,Nick,0,25,Catcher,C,C,280,28,0,28,3,1,.380,.---,0,32,.121,79,TB,139,Tampa Bay Rays,Rays,93,462,0,player,0,.027,.219,2026
2026-08-10T21:33:44-04:00,2026,player,hitting,ytd,,,,29,24,72,36.00,.194,.245,51,12,0,2,.400,6,8,3,16,41,0,8,4,0,,13,0.54,3,14,2,.023,0,.167,103,AL,28,7,4,358,.333,.694,4.115,87,Maxwell,Max Schuemann,680474,M Schuemann,Schuemann,Max Schuemann,Max,0,4,Outfielder,LF,LF,280,8,0,17,0,0,.361,.600,3,21,.241,42,NYY,147,New York Yankees,Yankees,26,151,0,player,0,.138,.571,2026
2026-08-10T21:33:44-04:00,2026,player,hitting,ytd,,,,28,25,85,28.33,.259,.279,73,2,0,0,.000,5,8,4,16,34,2,15,8,2,,26,1.04,0,22,3,.033,0,.165,104,NL,30,10,5,297,.270,.694,3.264,91,Braden,Braden Shewmake,669699,B Shewmake,Shewmake,Braden Shewmake,Braden,0,4,Third Base,3B,SS,280,10,0,12,2,2,.424,1.000,1,16,.176,43,MIL,158,Milwaukee Brewers,Brewers,36,181,0,player,0,.022,.125,2026
2026-08-10T21:33:44-04:00,2026,player,hitting,ytd,,,,26,85,268,89.33,.261,.302,225,24,0,3,.375,17,22,6,42,69,6,32,31,6,,70,0.82,0,70,3,.010,0,.112,103,AL,100,33,27,1130,.320,.693,3.844,294,Maikel,Maikel Garcia,672580,M Garcia,Garcia,Maikel Garcia,Maikel,0,16,Third Base,3B,3B,284,30,0,32,0,2,.373,.625,5,45,.153,63,KC,118,Kansas City Royals,Royals,100,443,2,player,1,.082,.533,2026
2026-08-10T21:33:44-04:00,2026,player,hitting,ytd,,,,28,131,377,188.50,.265,.296,337,56,1,2,.200,14,18,10,65,109,8,48,31,8,,106,0.81,4,100,2,.004,1,.064,103,AL,132,59,46,1779,.364,.693,3.998,445,Steven,Steven Kwan,680757,S Kwan,Kwan,Steven Kwan,Steven,0,20,Outfielder,LF,LF,284,22,4,48,4,3,.329,.800,8,47,.106,57,CLE,114,Cleveland Guardians,Guardians,124,644,2,player,0,.126,1.191,2026
2026-08-10T21:33:44-04:00,2026,player,hitting,ytd,,,,24,79,308,44.00,.269,.288,272,12,0,0,.000,15,23,12,45,76,6,44,30,6,,110,1.39,2,83,7,.022,0,.123,103,AL,130,41,25,1099,.300,.693,3.392,324,Jacob,Jacob Wilson,805779,J Wilson,Wilson,Jacob Wilson,Jacob,0,9,Shortstop,SS,SS,284,36,6,35,1,1,.393,1.000,4,38,.117,92,ATH,133,Athletics,Athletics,121,617,1,player,0,.037,.316,2026
2026-08-10T21:33:44-04:00,2026,player,hitting,ytd,,,,28,70,231,17.77,.208,.240,159,18,2,0,.---,5,20,19,43,81,2,30,10,2,,41,0.59,5,48,13,.050,0,.208,103,AL,104,19,14,1017,.276,.692,3.927,259,Kerry,Kerry Carpenter,681481,K Carpenter,Carpenter,Kerry Carpenter,Kerry,0,13,Outfielder,RF,RF,287,36,3,27,0,3,.416,.---,0,75,.290,144,DET,116,Detroit Tigers,Tigers,96,511,2,player,0,.069,.240,2026
2026-08-10T21:33:44-04:00,2026,player,hitting,ytd,,,,33,79,307,43.86,.235,.293,229,37,0,2,1.000,18,26,13,34,84,6,45,26,6,,78,0.99,5,72,7,.020,1,.134,104,NL,124,32,18,1419,.324,.692,4.031,352,Matt,Matt Chapman,656305,M Chapman,Chapman,Matt Chapman,Matt,1,27,Third Base,3B,3B,287,42,3,35,0,3,.368,.000,0,81,.230,146,SF,137,San Francisco Giants,Giants,113,631,1,player,0,.105,.457,2026
2026-08-10T21:33:44-04:00,2026,player,hitting,ytd,,,,25,135,405,45.00,.254,.281,347,31,0,5,.250,17,28,14,73,116,7,76,38,7,,109,0.81,9,103,9,.020,0,.119,103,AL,188,49,36,1733,.319,.692,3.834,452,Brayan,Brayan Rocchio,677587,B Rocchio,Rocchio,Brayan Rocchio,Brayan,2,26,Shortstop,SS,SS,287,50,4,44,4,3,.373,.750,15,65,.144,193,CLE,114,Cleveland Guardians,Guardians,151,864,2,player,2,.069,.477,2026
2026-08-10T21:33:44-04:00,2026,player,hitting,ytd,,,,32,23,74,37.00,.216,.259,56,14,0,0,.---,4,6,2,11,27,0,10,7,0,,17,0.74,0,16,2,.023,0,.135,103,AL,22,7,8,398,.341,.692,4.523,88,LaMonte,LaMonte Wade Jr.,664774,L Wade Jr.,Wade,LaMonte Wade Jr.,LaMonte,0,4,Outfielder,LF,LF,287,15,1,10,0,0,.351,.---,0,18,.205,31,HOU,117,Houston Astros,Astros,26,155,0,player,0,.159,.778,2026
2026-08-10T21:33:44-04:00,2026,player,hitting,ytd,,,,28,87,384,22.59,.216,.280,253,43,0,6,.167,14,33,20,50,109,5,45,29,5,,83,0.95,1,83,17,.039,3,.180,103,AL,166,31,16,1771,.295,.691,4.109,431,Jasrado,Jazz Chisholm Jr.,665862,J Chisholm Jr.,Chisholm,Jazz Chisholm Jr.,Jazz,3,21,Second Base,2B,2B,291,47,1,54,0,3,.396,.833,30,134,.311,251,NYY,147,New York Yankees,Yankees,152,793,2,player,0,.100,.321,2026
2026-08-10T21:33:44-04:00,2026,player,hitting,ytd,,,,25,31,118,23.60,.212,.303,71,15,0,0,.000,4,10,5,21,45,0,12,9,0,,15,0.48,0,25,5,.038,1,.178,103,AL,38,10,5,571,.301,.691,4.293,133,Spencer,Spencer Jones,682987,S Jones,Jones,Spencer Jones,Spencer,1,5,Outfielder,CF,CF,291,15,2,11,0,0,.390,1.000,4,47,.353,117,NYY,147,New York Yankees,Yankees,46,302,1,player,0,.113,.319,2026
2026-08-10T21:33:44-04:00,2026,player,hitting,ytd,,,,25,37,210,42.00,.238,.328,142,20,0,2,.400,11,18,7,18,90,6,22,15,6,,55,1.49,2,50,5,.022,0,.143,104,NL,102,28,10,933,.310,.691,4.022,232,José,José Tena,677588,J Tena,Tena,José Tena,José,0,9,Designated Hitter,DH,DH,291,20,0,29,0,0,.381,.600,3,68,.293,156,WSH,120,Washington Nationals,Nationals,80,453,2,player,0,.086,.294,2026
2026-08-10T21:33:44-04:00,2026,player,hitting,ytd,,,,31,24,82,41.00,.232,.309,57,8,0,0,.000,7,9,5,10,28,1,10,3,1,,14,0.58,0,19,2,.022,0,.159,103,AL,42,11,5,379,.300,.690,4.211,90,Jake,Jake Fraley,641584,J Fraley,Fraley,Jake Fraley,Jake,0,9,Outfielder,RF,RF,294,5,0,6,0,0,.390,1.000,3,25,.278,37,TB,139,Tampa Bay Rays,Rays,32,170,0,player,0,.089,.320,2026
2026-08-10T21:33:44-04:00,2026,player,hitting,ytd,,,,31,70,278,46.33,.266,.297,238,17,0,1,.500,11,17,12,35,85,7,44,31,7,,94,1.34,5,74,6,.020,0,.104,103,AL,91,31,21,1208,.319,.690,3.974,304,Nathan,Nathan Lukes,664770,N Lukes,Lukes,Nathan Lukes,Nathan,0,14,Outfielder,RF,RF,294,21,3,30,3,1,.371,.500,1,44,.145,102,TOR,141,Toronto Blue Jays,Blue Jays,103,610,0,player,0,.056,.386,2026
2026-08-10T21:33:44-04:00,2026,player,hitting,ytd,,,,29,4,14,-.--,.286,.333,12,1,0,0,.---,1,1,0,2,8,0,3,3,0,,4,1.00,0,4,0,.000,0,.071,103,AL,7,1,2,54,.333,.690,3.600,15,Ryan,Ryan Mountcastle,663624,R Mountcastle,Mountcastle,Ryan Mountcastle,Ryan,0,0,Unknown,X,1B,294,1,0,0,0,0,.357,.---,0,2,.133,3,BAL,110,Baltimore Orioles,Orioles,5,34,0,player,0,.067,.500,2026
2026-08-10T21:33:44-04:00,2026,player,hitting,ytd,,,,33,29,114,57.00,.281,.326,94,3,0,1,.500,6,8,7,12,32,3,20,11,3,,33,1.14,1,32,2,.017,0,.105,103,AL,61,14,8,390,.303,.689,3.277,119,Ednel,Javier Báez,595879,J Báez,Báez,Javier Báez,Javier,0,9,Shortstop,SS,SS,297,14,0,16,0,1,.386,.500,1,21,.176,60,DET,116,Detroit Tigers,Tigers,44,226,0,player,0,.025,.143,2026
2026-08-10T21:33:44-04:00,2026,player,hitting,ytd,,,,32,111,393,23.12,.214,.241,296,44,0,1,.059,15,35,22,67,114,5,56,25,5,,101,0.91,1,84,17,.038,0,.183,104,NL,201,36,22,1712,.292,.689,3.865,443,James,Dansby Swanson,621020,D Swanson,Swanson,Dansby Swanson,Dansby,1,22,Shortstop,SS,SS,297,63,7,74,1,4,.397,.941,16,102,.230,246,CHC,112,Chicago Cubs,Cubs,156,810,3,player,1,.099,.431,2026
2026-08-10T21:33:44-04:00,2026,player,hitting,ytd,,,,25,14,69,34.50,.232,.304,48,5,0,0,.---,4,6,4,8,27,3,8,7,3,,18,1.29,3,16,2,.026,0,.145,104,NL,35,5,6,312,.312,.689,4.052,77,Sterlin,Sterlin Thompson,694514,S Thompson,Thompson,Sterlin Thompson,Sterlin,0,0,Outfielder,LF,RF,297,10,0,7,0,0,.377,.---,0,21,.273,47,COL,115,Colorado Rockies,Rockies,26,156,0,player,1,.065,.238,2026
2026-08-10T21:33:44-04:00,2026,player,hitting,ytd,,,,22,36,242,48.40,.256,.354,167,19,1,7,.350,9,14,9,22,75,4,32,36,4,,69,1.92,10,62,5,.018,0,.099,103,AL,90,17,10,995,.333,.688,3.618,275,Henry,Henry Bolte,703607,H Bolte,Bolte,Henry Bolte,Henry,0,4,Outfielder,CF,CF,300,22,3,26,1,2,.355,.650,13,78,.284,168,ATH,133,Athletics,Athletics,86,502,0,player,0,.069,.244,2026
2026-08-10T21:33:44-04:00,2026,player,hitting,ytd,,,,28,128,474,43.09,.264,.303,387,32,0,0,.000,19,31,17,75,119,14,82,50,14,,134,1.05,2,125,11,.021,0,.114,104,NL,187,58,43,1895,.309,.687,3.680,515,Bo,Bo Bichette,666182,B Bichette,Bichette,Bo Bichette,Bo,0,10,Third Base,3B,3B,301,60,0,58,0,7,.378,1.000,1,94,.183,196,NYM,121,New York Mets,Mets,179,1010,1,player,0,.062,.340,2026
2026-08-10T21:33:44-04:00,2026,player,hitting,ytd,,,,29,78,322,26.83,.242,.289,242,21,0,8,.222,12,24,14,35,100,9,56,32,9,,86,1.10,5,78,12,.034,0,.149,103,AL,134,32,19,1429,.296,.687,4.048,353,José,José Caballero,676609,J Caballero,Caballero,José Caballero,José,0,24,Shortstop,SS,SS,301,41,2,38,2,3,.391,.778,28,85,.241,197,NYY,147,New York Yankees,Yankees,126,709,0,player,1,.059,.247,2026
2026-08-10T21:33:44-04:00,2026,player,hitting,ytd,,,,29,8,88,-.--,.284,.410,62,10,0,0,.000,4,4,2,5,31,0,10,15,0,,29,3.63,0,25,0,.000,0,.045,104,NL,33,8,1,424,.357,.687,4.283,99,Brandon,Brandon Lockridge,663604,B Lockridge,Lockridge,Brandon Lockridge,Brandon,0,2,Outfielder,LF,LF,301,12,1,10,1,0,.330,1.000,6,27,.273,52,MIL,158,Milwaukee Brewers,Brewers,29,185,0,player,0,.101,.370,2026
2026-08-10T21:33:44-04:00,2026,player,hitting,ytd,,,,27,48,223,27.88,.256,.272,188,8,0,1,1.000,9,17,9,24,60,6,37,21,6,,83,1.73,1,57,8,.034,0,.148,103,AL,103,26,14,754,.282,.686,3.222,234,Yainer,Yainer Diaz,673237,Y Diaz,Diaz,Yainer Diaz,Yainer,1,10,Catcher,C,C,304,28,2,25,0,2,.404,.000,0,37,.158,95,HOU,117,Houston Astros,Astros,90,432,0,player,0,.034,.216,2026
2026-08-10T21:33:44-04:00,2026,player,hitting,ytd,,,,34,68,306,19.12,.203,.277,182,32,0,1,1.000,13,29,23,33,86,4,30,14,4,,52,0.76,3,62,16,.047,1,.199,104,NL,162,25,18,1409,.284,.686,4.120,342,Eugenio,Eugenio Suárez,553993,E Suárez,Suárez,Eugenio Suárez,Eugenio,0,17,Designated Hitter,DH,DH,304,43,2,29,0,1,.402,.000,0,125,.365,234,CIN,113,Cincinnati Reds,Reds,123,662,0,player,0,.094,.256,2026
2026-08-10T21:33:44-04:00,2026,player,hitting,ytd,,,,23,4,21,21.00,.238,.364,12,2,0,1,1.000,0,1,1,2,20,1,3,1,1,,3,0.75,0,5,1,.043,0,.143,104,NL,15,3,2,100,.304,.685,4.348,23,Kevin,Kevin Alcántara,682634,K Alcántara,Alcantara,Kevin Alcántara,Kevin,0,0,Designated Hitter,DH,DH,306,5,0,4,0,0,.381,.000,0,9,.391,14,CHC,112,Chicago Cubs,Cubs,8,40,0,player,0,.087,.222,2026
2026-08-10T21:33:44-04:00,2026,player,hitting,ytd,,,,29,70,240,48.00,.233,.277,190,34,0,5,.333,9,16,7,30,87,4,34,15,4,,64,0.91,3,56,5,.018,0,.117,103,AL,118,33,19,1089,.335,.685,3.903,279,Richard,Richie Palacios,680700,R Palacios,Palacios,Richie Palacios,Richie,1,21,Second Base,2B,2B,306,34,1,33,1,1,.350,.667,10,52,.186,110,TB,139,Tampa Bay Rays,Rays,84,493,2,player,0,.122,.654,2026
2026-08-10T21:33:44-04:00,2026,player,hitting,ytd,,,,27,43,150,37.50,.253,.268,131,17,0,0,.---,4,8,5,23,45,3,20,13,3,,50,1.16,0,38,4,.024,2,.107,103,AL,51,20,9,632,.324,.684,3.718,170,Alejandro,Alejandro Kirk,672386,A Kirk,Kirk,Alejandro Kirk,Alejandro,0,11,Catcher,C,C,308,19,1,11,0,3,.360,.---,0,22,.129,49,TOR,141,Toronto Blue Jays,Blue Jays,54,279,0,player,0,.100,.773,2026
2026-08-10T21:33:44-04:00,2026,player,hitting,ytd,,,,25,76,312,24.00,.215,.289,200,36,0,0,.---,10,24,21,46,102,5,36,15,5,,57,0.75,6,67,13,.037,0,.163,103,AL,158,31,13,1459,.306,.684,4.098,356,Kyle,Kyle Manzardo,700932,K Manzardo,Manzardo,Kyle Manzardo,Kyle,0,17,First Base,1B,1B,308,39,1,40,0,2,.378,.---,0,114,.320,208,CLE,114,Cleveland Guardians,Guardians,118,679,1,player,0,.101,.316,2026
2026-08-10T21:33:44-04:00,2026,player,hitting,ytd,,,,32,29,144,28.80,.236,.274,111,10,0,0,.000,6,12,7,21,74,2,29,14,2,,48,1.66,1,34,5,.032,0,.160,103,AL,70,13,6,608,.288,.684,3.897,156,Elijah,Eli White,642201,E White,White,Eli White,Eli,0,2,Outfielder,RF,RF,308,18,5,20,0,1,.396,1.000,4,34,.218,88,BOS,111,Boston Red Sox,Red Sox,57,310,1,player,0,.064,.294,2026
2026-08-10T21:33:44-04:00,2026,player,hitting,ytd,,,,34,51,314,44.86,.232,.311,220,35,0,1,.091,18,27,15,29,81,4,42,31,4,,96,1.88,4,73,7,.020,3,.137,104,NL,145,27,17,1508,.315,.684,4.236,356,Christian,Christian Yelich,592885,C Yelich,Yelich,Christian Yelich,Christian,0,5,Designated Hitter,DH,DH,308,38,0,48,1,2,.369,.909,10,97,.272,202,MIL,158,Milwaukee Brewers,Brewers,116,673,2,player,0,.098,.361,2026
2026-08-10T21:33:44-04:00,2026,player,hitting,ytd,,,,29,169,466,66.57,.260,.273,425,39,0,3,.143,25,33,14,77,117,8,66,39,8,,135,0.80,5,121,7,.014,0,.103,104,NL,202,67,58,1827,.320,.683,3.548,515,Nicholas,Nico Hoerner,663538,N Hoerner,Hoerner,Nico Hoerner,Nico,1,34,Second Base,2B,2B,312,55,6,50,0,5,.363,.857,18,46,.089,105,CHC,112,Chicago Cubs,Cubs,169,845,1,player,1,.076,.848,2026
2026-08-10T21:33:44-04:00,2026,player,hitting,ytd,,,,27,76,276,92.00,.239,.289,221,43,0,7,.389,16,19,7,44,107,6,40,28,6,,79,1.04,7,66,3,.009,0,.091,103,AL,102,31,21,1283,.353,.683,3.900,329,Christopher,Austin Martin,668885,A Martin,Martin,Austin Martin,Austin,0,11,Outfielder,RF,RF,312,23,4,40,0,3,.330,.611,11,58,.176,98,MIN,142,Minnesota Twins,Twins,91,506,0,player,0,.131,.741,2026
2026-08-10T21:33:44-04:00,2026,player,hitting,ytd,,,,27,43,166,27.67,.235,.273,132,14,0,3,.500,8,14,9,25,62,5,29,15,5,,50,1.16,0,39,6,.032,0,.157,104,NL,77,15,8,746,.290,.682,3.968,188,Timothy,Tim Tawa,694374,T Tawa,Tawa,Tim Tawa,Tim,0,10,Outfielder,LF,LF,314,26,2,21,5,3,.392,.500,3,42,.223,102,AZ,109,Arizona Diamondbacks,D-backs,65,359,0,player,0,.074,.333,2026
2026-08-10T21:33:44-04:00,2026,player,hitting,ytd,,,,27,29,124,62.00,.258,.333,94,5,0,1,1.000,10,12,8,12,56,2,18,11,2,,33,1.14,2,32,2,.015,0,.129,103,AL,53,13,9,512,.295,.682,3.821,134,Alexander,Alika Williams,675961,A Williams,Williams,Alika Williams,Alika,0,8,Shortstop,SS,SS,314,10,0,14,2,1,.387,.000,0,33,.246,61,ATH,133,Athletics,Athletics,48,275,0,player,0,.037,.152,2026
2026-08-10T21:33:44-04:00,2026,player,hitting,ytd,,,,32,56,215,19.54,.195,.220,152,31,0,0,.000,7,18,14,34,59,6,32,13,6,,54,0.96,2,42,11,.044,3,.186,103,AL,96,15,15,933,.300,.681,3.732,250,Corey,Corey Seager,608369,C Seager,Seager,Corey Seager,Corey,0,7,Shortstop,SS,SS,316,28,0,32,0,2,.381,1.000,1,65,.260,170,TEX,140,Texas Rangers,Rangers,82,477,0,player,0,.124,.477,2026
2026-08-10T21:33:44-04:00,2026,player,hitting,ytd,,,,23,95,381,25.40,.220,.260,280,35,1,2,.167,15,32,17,56,116,9,56,27,9,,101,1.06,6,84,15,.035,0,.168,103,AL,180,39,22,1742,.293,.681,4.080,427,Cameron,Cam Smith,701358,C Smith,Smith,Cam Smith,Cam,1,17,Outfielder,RF,RF,316,42,3,49,0,4,.388,.833,10,105,.246,240,HOU,117,Houston Astros,Astros,148,836,2,player,0,.082,.333,2026
2026-08-10T21:33:44-04:00,2026,player,hitting,ytd,,,,29,14,44,-.--,.273,.293,41,7,0,1,.500,1,1,0,9,15,1,5,6,1,,15,1.07,1,12,0,.000,0,.023,103,AL,14,6,4,208,.385,.680,4.000,52,Nicklaus,Nick Madrigal,663611,N Madrigal,Madrigal,Nick Madrigal,Nick,0,1,Second Base,2B,3B,318,2,1,7,0,0,.295,.500,1,3,.058,9,LAA,108,Los Angeles Angels,Angels,13,103,0,player,0,.135,2.333,2026
2026-08-10T21:33:44-04:00,2026,player,hitting,ytd,,,,28,27,102,25.50,.225,.253,80,9,0,0,.000,1,7,5,14,49,0,19,7,0,,30,1.11,0,23,4,.035,0,.167,104,NL,44,11,11,459,.286,.678,4.062,113,Bryan,Bryan Torres,663494,B Torres,Torres,Bryan Torres,Bryan,0,2,Outfielder,LF,LF,319,14,1,13,1,1,.392,1.000,1,24,.212,45,STL,138,St. Louis Cardinals,Cardinals,40,209,2,player,0,.080,.375,2026
2026-08-10T21:33:44-04:00,2026,player,hitting,ytd,,,,31,37,122,122.00,.246,.293,100,18,0,1,.500,6,7,3,21,65,2,19,14,2,,33,0.89,4,30,1,.007,0,.074,104,NL,62,12,4,641,.356,.676,4.390,146,Alex,Alex Call,669743,A Call,Call,Alex Call,Alex,1,12,Outfielder,LF,LF,320,16,2,19,0,2,.320,.500,1,24,.164,42,LAD,119,Los Angeles Dodgers,Dodgers,39,272,0,player,0,.123,.750,2026
2026-08-10T21:33:44-04:00,2026,player,hitting,ytd,,,,30,5,44,22.00,.250,.310,31,1,0,1,1.000,1,3,1,3,13,1,10,3,1,,15,3.00,0,11,2,.044,1,.159,104,NL,26,7,2,170,.267,.676,3.778,45,Austin,Austin Hays,669720,A Hays,Hays,Austin Hays,Austin,0,0,Designated Hitter,DH,LF,320,9,0,4,0,0,.409,.000,0,13,.289,33,SD,135,San Diego Padres,Padres,18,90,0,player,0,.022,.077,2026
2026-08-10T21:33:44-04:00,2026,player,hitting,ytd,,,,25,136,476,26.44,.212,.246,356,47,0,4,.308,19,41,20,74,118,7,80,42,7,,119,0.88,9,101,18,.034,2,.170,103,AL,194,39,37,2102,.294,.676,3.936,534,Gunnar,Gunnar Henderson,683002,G Henderson,Henderson,Gunnar Henderson,Gunnar,0,25,Shortstop,SS,SS,320,47,3,68,0,2,.382,.692,9,122,.228,244,BAL,110,Baltimore Orioles,Orioles,182,1005,4,player,0,.088,.385,2026
2026-08-10T21:33:44-04:00,2026,player,hitting,ytd,,,,36,48,165,23.57,.218,.261,118,19,0,0,.---,4,11,9,24,58,5,22,6,5,,34,0.71,2,36,7,.038,0,.152,103,AL,73,21,12,765,.306,.676,4.113,186,Kyle,Kyle Higashioka,543309,K Higashioka,Higashioka,Kyle Higashioka,Kyle,0,12,Catcher,C,C,320,18,2,20,0,0,.370,.---,0,47,.253,88,TEX,140,Texas Rangers,Rangers,61,333,0,player,0,.102,.404,2026
2026-08-10T21:33:44-04:00,2026,player,hitting,ytd,,,,21,16,65,-.--,.231,.294,51,11,0,1,.333,5,6,1,10,24,0,5,4,0,,20,1.25,0,15,0,.000,0,.108,104,NL,32,10,6,368,.338,.676,4.779,77,Luis,Luis Lara,800325,L Lara,Lara,Luis Lara,Luis,0,0,Outfielder,RF,RF,320,11,0,8,0,1,.338,.667,2,15,.195,28,MIL,158,Milwaukee Brewers,Brewers,22,129,1,player,0,.143,.733,2026
2026-08-10T21:33:44-04:00,2026,player,hitting,ytd,,,,28,42,175,58.33,.229,.282,134,28,0,1,.500,9,13,8,28,53,4,25,13,4,,52,1.24,0,40,3,.015,2,.114,104,NL,81,19,11,840,.333,.676,4.118,204,Lars,Lars Nootbaar,663457,L Nootbaar,Nootbaar,Lars Nootbaar,Lars,0,3,Designated Hitter,DH,LF,320,17,1,23,0,1,.343,.500,1,42,.206,57,AZ,109,Arizona Diamondbacks,D-backs,60,306,1,player,0,.137,.667,2026
2026-08-10T21:33:44-04:00,2026,player,hitting,ytd,,,,27,126,445,27.81,.234,.280,330,19,0,0,.000,18,35,22,66,117,12,73,28,12,,100,0.79,16,104,16,.033,0,.153,103,AL,190,54,29,1880,.288,.675,3.892,483,Jordon,Jo Adell,666176,J Adell,Adell,Jo Adell,Jo,0,31,Outfielder,RF,RF,326,62,2,49,0,3,.387,1.000,3,118,.244,283,CLE,114,Cleveland Guardians,Guardians,172,1010,1,player,1,.039,.161,2026
2026-08-10T21:33:44-04:00,2026,player,hitting,ytd,,,,22,22,109,109.00,.229,.320,76,20,0,0,.000,5,7,2,15,30,0,18,8,0,,29,1.32,1,25,1,.008,1,.092,103,AL,40,15,6,546,.354,.675,4.200,130,Roman,Roman Anthony,701350,R Anthony,Anthony,Roman Anthony,Roman,0,1,Outfielder,LF,LF,326,5,0,12,0,0,.321,1.000,2,33,.254,57,BOS,111,Boston Red Sox,Red Sox,35,203,1,player,0,.154,.606,2026
2026-08-10T21:33:44-04:00,2026,player,hitting,ytd,,,,31,81,307,30.70,.212,.244,235,50,0,3,.750,11,21,13,33,87,5,39,25,5,,89,1.10,5,65,10,.027,0,.134,103,AL,105,27,26,1560,.330,.675,4.286,364,John,J.P. Crawford,641487,J Crawford,Crawford,J.P. Crawford,J.P.,0,22,Shortstop,SS,SS,326,30,1,38,0,2,.345,.250,1,74,.203,107,SEA,136,Seattle Mariners,Mariners,106,597,0,player,1,.137,.676,2026
2026-08-10T21:33:44-04:00,2026,player,hitting,ytd,,,,24,44,140,28.00,.236,.264,112,8,0,1,.500,6,11,5,28,51,4,27,8,4,,35,0.80,3,33,5,.033,0,.150,104,NL,51,20,9,592,.289,.675,3.869,153,Jacob,Jacob Gonzalez,694378,J Gonzalez,Gonzalez,Jacob Gonzalez,Jacob,0,7,Shortstop,SS,SS,326,26,0,16,1,1,.386,.500,1,30,.196,71,PIT,134,Pittsburgh Pirates,Pirates,54,336,0,player,1,.052,.267,2026
2026-08-10T21:33:44-04:00,2026,player,hitting,ytd,,,,28,49,194,38.80,.237,.279,152,13,0,3,.429,8,16,10,24,75,6,41,22,6,,57,1.16,1,46,5,.024,0,.149,103,AL,91,14,10,766,.288,.675,3.683,208,Ryan,Ryan Kreidler,668952,R Kreidler,Kreidler,Ryan Kreidler,Ryan,0,15,Shortstop,SS,SS,326,25,1,26,0,0,.387,.571,4,42,.202,120,MIN,142,Minnesota Twins,Twins,75,402,3,player,0,.063,.310,2026
2026-08-10T21:33:44-04:00,2026,player,hitting,ytd,,,,29,114,354,44.25,.237,.280,279,33,0,0,.000,19,29,14,58,105,4,63,31,4,,81,0.71,2,84,8,.021,2,.133,103,AL,157,39,30,1487,.305,.675,3.813,390,Daulton,Daulton Varsho,662139,D Varsho,Varsho,Daulton Varsho,Daulton,0,26,Outfielder,CF,CF,326,28,1,41,0,1,.370,1.000,10,76,.195,158,HOU,117,Houston Astros,Astros,131,787,2,player,1,.085,.434,2026
2026-08-10T21:33:44-04:00,2026,player,hitting,ytd,,,,33,133,315,24.23,.229,.224,276,25,0,2,.667,11,24,16,81,81,12,67,15,12,,71,0.53,1,72,13,.038,2,.159,104,NL,155,41,36,1257,.287,.674,3.675,342,Markus,Mookie Betts,605141,M Betts,Betts,Mookie Betts,Mookie,0,16,Shortstop,SS,SS,332,36,4,44,0,1,.387,.333,1,40,.117,65,LAD,119,Los Angeles Dodgers,Dodgers,122,526,0,player,0,.073,.625,2026
2026-08-10T21:33:44-04:00,2026,player,hitting,ytd,,,,35,44,136,27.20,.235,.270,107,4,0,0,.---,9,14,9,21,54,2,24,8,2,,31,0.70,1,32,5,.035,1,.176,103,AL,59,15,9,535,.261,.673,3.715,144,Elias,Elias Díaz,553869,E Díaz,Díaz,Elias Díaz,Elias,0,14,Catcher,C,C,333,19,1,14,2,1,.412,.---,0,32,.222,83,TEX,140,Texas Rangers,Rangers,56,294,0,player,0,.028,.125,2026
2026-08-10T21:33:44-04:00,2026,player,hitting,ytd,,,,23,37,203,25.38,.227,.288,140,14,0,0,.000,10,18,12,26,57,5,33,12,5,,57,1.54,1,46,8,.037,0,.167,104,NL,102,22,9,818,.279,.673,3.735,219,Brady,Brady House,691781,B House,House,Brady House,Brady,0,2,Third Base,3B,3B,333,27,2,27,0,1,.394,1.000,1,64,.292,146,WSH,120,Washington Nationals,Nationals,80,430,0,player,0,.064,.219,2026
2026-08-10T21:33:44-04:00,2026,player,hitting,ytd,,,,24,26,122,61.00,.238,.303,91,15,0,1,.250,5,8,2,12,36,5,20,11,5,,36,1.38,2,29,2,.014,1,.107,104,NL,62,16,5,545,.329,.673,3.893,140,Agustín,Agustín Ramírez,682663,A Ramírez,Ramírez,Agustín Ramírez,Agustín,0,9,Catcher,C,C,333,14,0,15,0,1,.344,.750,3,32,.229,83,MIA,146,Miami Marlins,Marlins,42,262,1,player,0,.107,.469,2026
2026-08-10T21:33:44-04:00,2026,player,hitting,ytd,,,,26,29,95,31.67,.211,.309,59,9,0,0,.000,4,9,7,18,40,0,16,5,0,,10,0.34,1,20,3,.028,0,.179,104,NL,48,8,6,424,.283,.672,3.963,107,Tyler,Tyler Callihan,682997,T Callihan,Callihan,Tyler Callihan,Tyler,0,5,Outfielder,RF,LF,336,15,0,13,1,1,.389,1.000,1,38,.355,80,PIT,134,Pittsburgh Pirates,Pirates,37,231,2,player,0,.084,.237,2026
2026-08-10T21:33:44-04:00,2026,player,hitting,ytd,,,,25,74,242,60.50,.236,.272,201,25,0,3,.750,10,17,8,32,94,5,32,18,5,,70,0.95,6,57,4,.014,2,.116,104,NL,112,30,20,1047,.321,.672,3.793,276,Andrew,Drew Gilbert,687551,D Gilbert,Gilbert,Drew Gilbert,Drew,1,22,Outfielder,CF,CF,336,22,2,30,2,1,.351,.250,1,44,.159,96,SF,137,San Francisco Giants,Giants,85,437,3,player,0,.091,.568,2026
2026-08-10T21:33:44-04:00,2026,player,hitting,ytd,,,,31,55,180,18.00,.200,.243,117,19,0,0,.000,4,14,12,36,48,3,21,14,3,,26,0.47,2,36,10,.049,1,.189,103,AL,81,10,14,729,.281,.670,3.591,203,Terry,Brent Rooker,667670,B Rooker,Rooker,Brent Rooker,Brent,0,5,Designated Hitter,DH,DH,338,29,1,20,0,2,.389,1.000,2,65,.320,139,ATH,133,Athletics,Athletics,70,362,0,player,1,.094,.292,2026
2026-08-10T21:33:44-04:00,2026,player,hitting,ytd,,,,27,79,218,43.60,.239,.255,191,22,2,0,.000,11,16,8,39,82,8,35,16,8,,60,0.76,1,52,5,.020,0,.119,104,NL,96,28,20,1029,.309,.667,4.166,247,José,José Fermín,665877,J Fermín,Fermín,José Fermín,José,0,20,Outfielder,LF,LF,339,26,4,21,2,2,.358,1.000,4,31,.126,54,STL,138,St. Louis Cardinals,Cardinals,78,403,0,player,0,.089,.710,2026
2026-08-10T21:33:44-04:00,2026,player,hitting,ytd,,,,24,1,3,-.--,.333,.500,2,0,0,0,.---,0,0,0,1,5,0,0,1,0,,0,0.00,0,1,0,.000,0,.000,103,AL,2,0,0,12,.333,.666,4.000,3,Omar,Omar Martinez,683079,O Martinez,Martinez,Omar Martinez,Omar,0,0,Catcher,C,C,340,0,0,0,0,0,.333,.---,0,1,.333,1,LAA,108,Los Angeles Angels,Angels,1,5,0,player,0,.000,.---,2026
2026-08-10T21:33:44-04:00,2026,player,hitting,ytd,,,,31,33,129,32.25,.240,.321,88,8,0,1,.091,6,10,10,17,67,2,16,10,2,,24,0.73,0,31,4,.029,0,.140,104,NL,58,11,13,530,.285,.665,3.869,137,Jorge,Jorge Mateo,622761,J Mateo,Mateo,Jorge Mateo,Jorge,0,3,Shortstop,SS,SS,341,11,0,29,0,0,.380,.909,10,41,.299,88,ATL,144,Atlanta Braves,Braves,49,284,0,player,0,.058,.195,2026
2026-08-10T21:33:44-04:00,2026,player,hitting,ytd,,,,27,38,120,30.00,.192,.284,72,17,0,1,1.000,5,10,5,26,56,0,15,8,0,,11,0.29,5,23,4,.028,0,.158,104,NL,53,10,4,615,.315,.665,4.271,144,Mervyl,MJ Melendez,669004,M Melendez,Melendez,MJ Melendez,MJ,0,8,Designated Hitter,DH,DH,341,11,0,14,1,1,.350,.000,0,50,.347,99,NYM,121,New York Mets,Mets,42,286,1,player,1,.118,.340,2026
2026-08-10T21:33:44-04:00,2026,player,hitting,ytd,,,,23,39,173,34.60,.220,.317,109,14,0,2,.400,8,15,9,19,54,4,24,16,4,,32,0.82,4,38,5,.026,0,.156,103,AL,71,13,10,773,.289,.665,3.985,194,Maxwell,Max Muncy,691777,M Muncy,Muncy,Max Muncy,Max,0,10,Third Base,3B,3B,341,21,1,24,0,3,.376,.600,3,67,.345,133,ATH,133,Athletics,Athletics,65,394,2,player,1,.072,.209,2026
2026-08-10T21:33:44-04:00,2026,player,hitting,ytd,,,,22,69,322,161.00,.264,.324,261,21,0,3,.158,14,20,10,35,110,2,39,40,2,,107,1.55,3,85,2,.006,0,.087,104,NL,129,35,23,1289,.313,.664,3.672,351,Justin,Justin Crawford,702222,J Crawford,Crawford,Justin Crawford,Justin,0,11,Outfielder,CF,CF,344,30,2,36,3,2,.351,.842,16,66,.188,127,PHI,143,Philadelphia Phillies,Phillies,113,682,4,player,2,.060,.318,2026
2026-08-10T21:33:44-04:00,2026,player,hitting,ytd,,,,34,71,316,26.33,.203,.274,202,35,0,0,.---,16,29,15,40,86,10,44,13,10,,67,0.94,6,64,12,.033,0,.171,103,AL,159,36,19,1456,.291,.664,4.033,361,Jorge,Jorge Soler,624585,J Soler,Soler,Jorge Soler,Jorge,0,12,Designated Hitter,DH,DH,344,49,3,36,0,4,.373,.---,0,118,.327,254,LAA,108,Los Angeles Angels,Angels,118,688,1,player,0,.097,.297,2026
2026-08-10T21:33:44-04:00,2026,player,hitting,ytd,,,,25,44,144,48.00,.243,.294,114,8,0,2,.500,8,12,6,27,53,4,24,9,4,,35,0.80,3,35,3,.019,0,.132,104,NL,68,20,10,590,.289,.664,3.665,161,Daniel,Daniel Susac,691740,D Susac,Susac,Daniel Susac,Daniel,0,7,Catcher,C,C,344,22,1,11,2,4,.375,.500,2,36,.224,78,SF,137,San Francisco Giants,Giants,54,320,1,player,0,.050,.222,2026
2026-08-10T21:33:44-04:00,2026,player,hitting,ytd,,,,28,109,293,48.83,.232,.268,237,37,0,0,.000,11,19,10,52,79,3,42,19,3,,60,0.55,2,68,6,.018,3,.113,103,AL,129,39,25,1359,.318,.663,4.045,336,Vincent,Vinnie Pasquantino,686469,V Pasquantino,Pasquantino,Vinnie Pasquantino,Vinnie,0,32,First Base,1B,1B,347,33,2,34,0,4,.345,1.000,4,60,.179,101,KC,118,Kansas City Royals,Royals,101,620,2,player,0,.110,.617,2026
2026-08-10T21:33:44-04:00,2026,player,hitting,ytd,,,,29,112,424,30.29,.222,.302,279,37,0,1,.125,17,32,20,63,118,9,53,32,9,,73,0.65,10,94,14,.030,0,.144,104,NL,200,42,22,1907,.297,.663,4.023,474,Michael,Austin Riley,663586,A Riley,Riley,Austin Riley,Austin,0,27,Third Base,3B,3B,347,57,2,48,0,3,.366,.875,7,148,.312,302,ATL,144,Atlanta Braves,Braves,155,914,1,player,0,.078,.250,2026
2026-08-10T21:33:44-04:00,2026,player,hitting,ytd,,,,24,29,121,30.25,.223,.267,90,13,0,0,.000,3,8,7,14,39,0,10,10,0,,34,1.17,0,27,4,.030,0,.140,104,NL,48,10,11,547,.299,.663,4.082,134,Thomas,Tommy Troy,694371,T Troy,Troy,Tommy Troy,Tommy,0,4,Outfielder,LF,LF,347,9,2,22,0,0,.364,1.000,1,31,.231,59,AZ,109,Arizona Diamondbacks,D-backs,44,235,1,player,0,.097,.419,2026
2026-08-10T21:33:44-04:00,2026,player,hitting,ytd,,,,29,30,112,28.00,.214,.270,78,7,0,0,.---,4,8,9,18,44,1,13,8,1,,24,0.80,8,24,4,.031,0,.143,103,AL,57,7,5,490,.305,.662,3.828,128,Joseph,Joey Bart,663698,J Bart,Bart,Joey Bart,Joey,0,7,Catcher,C,C,350,13,1,13,0,1,.357,.---,0,35,.273,68,CWS,145,Chicago White Sox,White Sox,40,233,0,player,0,.055,.200,2026
2026-08-10T21:33:44-04:00,2026,player,hitting,ytd,,,,27,69,250,50.00,.240,.279,206,25,0,4,.333,10,17,8,37,97,8,45,29,8,,77,1.12,0,60,5,.018,0,.116,104,NL,127,23,21,1087,.306,.662,3.855,282,Joseph,Joey Ortiz,687401,J Ortiz,Ortiz,Joey Ortiz,Joey,0,11,Shortstop,SS,SS,350,29,1,29,4,3,.356,.667,8,51,.181,87,MIL,158,Milwaukee Brewers,Brewers,89,477,2,player,0,.089,.490,2026
2026-08-10T21:33:44-04:00,2026,player,hitting,ytd,,,,31,42,182,26.00,.203,.268,119,20,0,2,.222,6,15,12,25,53,1,19,9,1,,40,0.95,2,37,7,.034,0,.170,104,NL,61,16,10,847,.286,.660,4.112,206,Ramón,Ramón Laureano,657656,R Laureano,Laureano,Ramón Laureano,Ramón,0,7,Outfielder,LF,LF,352,21,0,23,0,2,.374,.778,7,65,.316,133,SD,135,San Diego Padres,Padres,68,428,2,player,0,.097,.308,2026
2026-08-10T21:33:44-04:00,2026,player,hitting,ytd,,,,26,15,129,25.80,.240,.394,71,7,0,0,.000,3,8,5,8,43,1,15,13,1,,25,1.67,0,31,5,.037,1,.140,104,NL,66,13,3,516,.279,.659,3.794,136,Gabriel,Gabriel Arias,672356,G Arias,Arias,Gabriel Arias,Gabriel,0,4,Shortstop,SS,3B,353,11,0,13,0,0,.380,1.000,4,58,.426,127,NYM,121,New York Mets,Mets,49,269,0,player,0,.051,.121,2026
2026-08-10T21:33:44-04:00,2026,player,hitting,ytd,,,,23,14,55,55.00,.218,.275,41,5,0,0,.---,3,5,2,4,25,2,7,4,2,,15,1.07,1,12,1,.016,0,.145,103,AL,19,6,3,226,.295,.659,3.705,61,Cameron,Cam Cauley,695508,C Cauley,Cauley,Cam Cauley,Cam,0,7,Outfielder,CF,CF,353,1,1,9,0,0,.364,.---,0,14,.230,33,TEX,140,Texas Rangers,Rangers,20,105,1,player,0,.082,.357,2026
2026-08-10T21:33:44-04:00,2026,player,hitting,ytd,,,,24,75,252,28.00,.218,.260,186,20,0,0,.000,10,19,17,39,68,3,32,19,3,,56,0.75,7,55,9,.032,0,.147,104,NL,112,19,25,1002,.294,.659,3.591,279,Dylan,Dylan Crews,686611,D Crews,Crews,Dylan Crews,Dylan,0,11,Outfielder,RF,RF,353,25,1,38,0,0,.365,1.000,7,66,.237,156,WSH,120,Washington Nationals,Nationals,92,516,0,player,0,.072,.303,2026
2026-08-10T21:33:44-04:00,2026,player,hitting,ytd,,,,30,22,66,33.00,.258,.288,54,4,0,0,.---,0,2,2,6,20,1,7,6,1,,15,0.68,1,17,2,.028,0,.091,103,AL,28,9,13,301,.310,.658,4.239,71,Jhonny,Jhonny Pereda,640902,J Pereda,Pereda,Jhonny Pereda,Jhonny,0,3,Catcher,C,C,356,4,0,8,0,0,.348,.---,0,12,.169,26,SEA,136,Seattle Mariners,Mariners,23,147,0,player,0,.056,.333,2026
2026-08-10T21:33:44-04:00,2026,player,hitting,ytd,,,,29,14,56,56.00,.268,.341,42,1,0,1,1.000,2,3,3,6,32,2,9,5,2,,13,0.93,2,15,1,.017,0,.089,103,AL,23,7,3,219,.300,.657,3.650,60,Ali,Ali Sánchez,645305,A Sánchez,Sánchez,Ali Sánchez,Ali,0,5,Catcher,C,C,357,7,1,5,0,1,.357,.000,0,15,.250,21,NYY,147,New York Yankees,Yankees,20,104,0,player,0,.017,.067,2026
2026-08-10T21:33:44-04:00,2026,player,hitting,ytd,,,,33,23,91,22.75,.242,.265,74,1,0,0,.---,3,7,5,12,32,1,19,14,1,,29,1.26,0,22,4,.043,0,.165,104,NL,41,3,6,312,.250,.657,3.319,94,Jose,Jose Trevino,624431,J Trevino,Trevino,Jose Trevino,Jose,0,5,Catcher,C,C,357,12,2,10,2,0,.407,.---,0,19,.202,38,CIN,113,Cincinnati Reds,Reds,37,161,0,player,0,.011,.053,2026
2026-08-10T21:33:44-04:00,2026,player,hitting,ytd,,,,35,77,293,36.62,.225,.264,228,24,0,0,.000,14,22,15,45,87,7,44,17,7,,85,1.10,9,66,8,.024,0,.130,104,NL,136,34,26,1287,.301,.656,3.912,329,Jacob,J.T. Realmuto,592663,J Realmuto,Realmuto,J.T. Realmuto,J.T.,0,6,Catcher,C,C,359,38,1,36,0,3,.355,1.000,3,68,.207,144,PHI,143,Philadelphia Phillies,Phillies,104,606,0,player,0,.073,.353,2026
2026-08-10T21:33:44-04:00,2026,player,hitting,ytd,,,,25,67,214,71.33,.238,.267,185,27,1,1,.500,8,12,7,32,88,3,37,18,3,,67,1.00,4,51,3,.012,0,.089,104,NL,98,26,21,894,.329,.656,3.548,252,Jorbit,Jorbit Vivas,678391,J Vivas,Vivas,Jorbit Vivas,Jorbit,0,14,Third Base,3B,3B,359,18,3,25,2,4,.327,.500,1,35,.139,77,WSH,120,Washington Nationals,Nationals,70,444,1,player,0,.107,.771,2026
2026-08-10T21:33:44-04:00,2026,player,hitting,ytd,,,,31,12,48,48.00,.271,.308,40,2,0,1,1.000,1,2,1,7,19,3,6,7,3,,15,1.25,0,13,1,.020,0,.083,103,AL,19,5,3,168,.300,.654,3.360,50,Orlando,Orlando Arcia,606115,O Arcia,Arcia,Orlando Arcia,Orlando,0,2,Shortstop,SS,SS,361,2,0,6,0,0,.354,.000,0,8,.160,18,MIN,142,Minnesota Twins,Twins,17,85,0,player,0,.040,.250,2026
2026-08-10T21:33:44-04:00,2026,player,hitting,ytd,,,,31,60,257,25.70,.214,.278,173,22,0,2,.400,11,21,15,40,98,6,29,13,6,,58,0.97,2,55,10,.035,0,.160,103,AL,109,27,13,1155,.280,.654,4.081,283,Ryan,Ryan McMahon,641857,R McMahon,McMahon,Ryan McMahon,Ryan,0,7,Third Base,3B,3B,361,28,1,28,1,1,.374,.600,3,86,.304,167,NYY,147,New York Yankees,Yankees,96,529,0,player,2,.078,.256,2026
2026-08-10T21:33:44-04:00,2026,player,hitting,ytd,,,,22,50,178,29.67,.225,.256,139,18,0,0,.000,6,12,5,24,65,1,26,17,1,,49,0.98,0,40,6,.030,0,.135,103,AL,69,18,17,741,.293,.653,3.742,198,Moisés,Moisés Ballesteros,694208,M Ballesteros,Ballesteros,Moisés Ballesteros,Moisés,0,9,Designated Hitter,DH,C,363,23,0,16,0,2,.360,1.000,1,41,.207,98,LAA,108,Los Angeles Angels,Angels,64,362,0,player,0,.091,.439,2026
2026-08-10T21:33:44-04:00,2026,player,hitting,ytd,,,,24,55,193,96.50,.238,.319,141,22,0,5,.500,12,14,7,30,65,2,31,17,2,,40,0.73,2,46,2,.009,0,.093,103,AL,83,22,12,929,.321,.653,4.242,219,Dylan,Dylan Beavers,687637,D Beavers,Beavers,Dylan Beavers,Dylan,0,13,Outfielder,RF,RF,363,19,0,23,1,1,.332,.500,5,54,.247,94,BAL,110,Baltimore Orioles,Orioles,64,386,0,player,1,.100,.407,2026
2026-08-10T21:33:44-04:00,2026,player,hitting,ytd,,,,32,80,274,39.14,.226,.263,216,30,0,0,.---,9,16,11,40,88,6,45,23,6,,74,0.93,10,62,7,.022,1,.109,103,AL,145,27,31,1229,.317,.653,3.817,322,Victor,Victor Caratini,605170,V Caratini,Caratini,Victor Caratini,Victor,1,9,Catcher,C,C,363,37,2,25,0,8,.336,.---,0,66,.205,113,MIN,142,Minnesota Twins,Twins,92,511,0,player,0,.093,.455,2026
2026-08-10T21:33:44-04:00,2026,player,hitting,ytd,,,,30,45,195,48.75,.231,.275,155,15,0,0,.000,12,16,8,21,71,1,25,19,1,,65,1.44,4,45,4,.019,0,.123,104,NL,81,18,17,841,.299,.653,3.894,216,Luis,Luis Torrens,620443,L Torrens,Torrens,Luis Torrens,Luis,0,7,Catcher,C,C,363,27,0,26,2,0,.354,1.000,1,42,.194,85,NYM,121,New York Mets,Mets,69,399,0,player,0,.069,.357,2026
2026-08-10T21:33:44-04:00,2026,player,hitting,ytd,,,,26,60,243,27.00,.210,.280,160,37,0,2,.200,4,13,11,42,105,2,29,19,2,,49,0.82,1,51,9,.032,0,.128,103,AL,119,21,11,1226,.314,.651,4.317,284,Colton,Colton Cowser,681297,C Cowser,Cowser,Colton Cowser,Colton,0,7,Outfielder,CF,CF,367,30,0,31,1,2,.337,.800,8,86,.303,177,BAL,110,Baltimore Orioles,Orioles,82,527,0,player,2,.130,.430,2026
2026-08-10T21:33:44-04:00,2026,player,hitting,ytd,,,,31,17,56,56.00,.268,.292,51,1,0,0,.---,3,4,2,9,36,5,14,3,5,,19,1.12,0,15,1,.017,0,.107,104,NL,27,10,6,224,.276,.651,3.733,60,Santiago,Santiago Espinal,669289,S Espinal,Espinal,Santiago Espinal,Santiago,0,2,Third Base,3B,3B,367,7,0,5,2,1,.375,.---,0,8,.133,19,LAD,119,Los Angeles Dodgers,Dodgers,21,110,0,player,0,.017,.125,2026
2026-08-10T21:33:44-04:00,2026,player,hitting,ytd,,,,23,41,137,137.00,.255,.283,121,5,0,0,.---,7,11,6,18,43,5,20,12,5,,45,1.10,1,35,1,.007,0,.117,104,NL,62,17,15,529,.279,.651,3.599,147,Blaze,Blaze Jordan,691458,B Jordan,Jordan,Blaze Jordan,Blaze,0,8,Third Base,3B,3B,367,22,0,12,0,4,.372,.---,0,20,.136,56,STL,138,St. Louis Cardinals,Cardinals,51,286,3,player,0,.034,.250,2026
2026-08-10T21:33:44-04:00,2026,player,hitting,ytd,,,,27,24,116,116.00,.259,.337,87,12,1,1,.167,3,5,2,15,43,2,18,8,2,,33,1.38,0,30,1,.008,0,.069,104,NL,52,20,6,515,.323,.651,3.931,131,Hyeseong,Hyeseong Kim,808975,H Kim,Kim,Hyeseong Kim,Hyeseong,0,3,Shortstop,SS,SS,367,11,1,16,0,2,.328,.833,5,31,.237,64,LAD,119,Los Angeles Dodgers,Dodgers,38,242,1,player,0,.092,.387,2026
2026-08-10T21:33:44-04:00,2026,player,hitting,ytd,,,,23,60,200,33.33,.230,.270,154,9,1,1,.125,12,18,7,27,53,1,24,19,1,,48,0.80,2,46,6,.028,0,.150,103,AL,81,20,16,786,.270,.650,3.708,212,Jasson,Jasson Domínguez,691176,J Domínguez,Domínguez,Jasson Domínguez,Jasson,0,17,Outfielder,RF,RF,371,14,2,21,0,0,.380,.875,7,46,.217,96,NYY,147,New York Yankees,Yankees,76,399,0,player,0,.042,.196,2026
2026-08-10T21:33:44-04:00,2026,player,hitting,ytd,,,,27,3,4,-.--,.250,.250,4,1,0,0,.---,0,0,0,2,1,0,1,1,0,,0,0.00,0,1,0,.000,0,.000,103,AL,2,0,0,15,.400,.650,3.000,5,Kenneth,Kenny Piper,700652,K Piper,Piper,Kenny Piper,Kenny,0,1,Catcher,C,C,371,0,0,1,0,0,.250,.---,0,0,.000,0,TB,139,Tampa Bay Rays,Rays,1,8,0,player,0,.200,.---,2026
2026-08-10T21:33:44-04:00,2026,player,hitting,ytd,,,,27,89,315,52.50,.222,.291,235,35,0,3,.231,12,23,9,46,103,7,56,30,7,,76,0.85,1,70,6,.017,0,.127,103,AL,128,31,23,1435,.301,.650,3.975,361,Leody,Leody Taveras,665750,L Taveras,Taveras,Leody Taveras,Leody,0,20,Outfielder,CF,CF,371,42,2,43,9,1,.349,.769,10,90,.249,173,BAL,110,Baltimore Orioles,Orioles,110,660,5,player,0,.097,.389,2026
2026-08-10T21:33:44-04:00,2026,player,hitting,ytd,,,,26,8,18,-.--,.278,.278,18,1,0,0,.000,1,1,0,3,5,1,4,3,1,,5,0.63,0,5,0,.000,0,.056,104,NL,10,2,2,60,.316,.649,3.158,19,Ronny,Ronny Simon,682927,R Simon,Simon,Ronny Simon,Ronny,0,3,Outfielder,RF,2B,374,2,0,3,0,0,.333,1.000,1,0,.000,3,PIT,134,Pittsburgh Pirates,Pirates,6,40,0,player,0,.053,.---,2026
2026-08-10T21:33:44-04:00,2026,player,hitting,ytd,,,,29,120,423,32.54,.227,.238,362,31,0,0,.000,17,30,17,64,114,16,68,32,16,,146,1.22,7,96,13,.028,1,.132,104,NL,182,47,36,1692,.288,.647,3.631,466,Alec,Alec Bohm,664761,A Bohm,Bohm,Alec Bohm,Alec,0,20,Third Base,3B,3B,375,63,6,39,0,5,.359,1.000,2,66,.142,131,PHI,143,Philadelphia Phillies,Phillies,152,783,0,player,1,.067,.470,2026
2026-08-10T21:33:44-04:00,2026,player,hitting,ytd,,,,27,22,102,102.00,.216,.296,73,14,1,1,.500,7,9,5,14,39,2,14,9,2,,29,1.32,1,22,1,.008,1,.118,103,AL,47,8,6,475,.314,.647,3.958,120,Mario,Joey Loperfido,694388,J Loperfido,Loperfido,Joey Loperfido,Joey,0,2,Outfielder,LF,LF,375,12,1,13,1,1,.333,.500,1,31,.258,70,HOU,117,Houston Astros,Astros,34,231,1,player,0,.117,.452,2026
2026-08-10T21:33:44-04:00,2026,player,hitting,ytd,,,,25,45,171,171.00,.240,.317,127,22,0,4,.364,9,11,5,22,56,0,25,14,0,,41,0.91,0,41,1,.005,0,.082,103,AL,73,22,13,775,.325,.647,3.995,194,Anthony,Anthony Volpe,683011,A Volpe,Volpe,Anthony Volpe,Anthony,0,10,Shortstop,SS,SS,375,19,1,20,0,1,.322,.636,7,45,.232,89,NYY,147,New York Yankees,Yankees,55,342,1,player,0,.113,.489,2026
2026-08-10T21:33:44-04:00,2026,player,hitting,ytd,,,,28,67,240,80.00,.238,.314,187,27,1,6,.222,9,14,7,43,87,1,43,31,1,,63,0.94,1,57,3,.011,0,.092,104,NL,96,19,16,1133,.317,.646,4.032,281,David,David Hamilton,666152,D Hamilton,Hamilton,David Hamilton,David,0,8,Third Base,3B,3B,378,16,3,36,12,0,.329,.778,21,65,.231,115,MIL,158,Milwaukee Brewers,Brewers,79,491,2,player,0,.096,.415,2026
2026-08-10T21:33:44-04:00,2026,player,hitting,ytd,,,,31,144,338,26.00,.207,.229,267,32,3,8,.308,8,23,13,71,101,3,46,27,3,,53,0.37,7,70,13,.034,0,.151,103,AL,173,29,24,1524,.287,.645,3.928,388,Boyce,Cedric Mullins,656775,C Mullins,Mullins,Cedric Mullins,Cedric,1,49,Outfielder,CF,CF,379,36,5,44,5,3,.358,.692,18,79,.204,174,TB,139,Tampa Bay Rays,Rays,121,749,2,player,0,.082,.405,2026
2026-08-10T21:33:44-04:00,2026,player,hitting,ytd,,,,24,7,22,22.00,.182,.231,14,2,0,0,.---,1,2,2,5,9,0,3,1,0,,3,0.43,1,4,1,.040,0,.182,103,AL,9,1,0,108,.280,.644,4.320,25,Collin,CJ Kayfus,692216,C Kayfus,Kayfus,CJ Kayfus,CJ,0,2,Outfielder,LF,LF,380,2,0,4,0,0,.364,.---,0,8,.320,22,CLE,114,Cleveland Guardians,Guardians,8,58,0,player,0,.080,.250,2026
2026-08-10T21:33:44-04:00,2026,player,hitting,ytd,,,,23,50,192,192.00,.255,.302,161,19,0,2,.286,5,6,4,20,76,3,31,19,3,,62,1.24,8,49,1,.005,0,.042,103,AL,91,25,20,790,.347,.644,3.591,220,Tadeo,Alejandro Osuna,696030,A Osuna,Osuna,Alejandro Osuna,Alejandro,1,10,Outfielder,LF,LF,380,24,1,25,1,0,.297,.714,5,32,.145,62,TEX,140,Texas Rangers,Rangers,57,370,0,player,0,.086,.594,2026
2026-08-10T21:33:44-04:00,2026,player,hitting,ytd,,,,26,70,237,21.54,.211,.234,178,12,0,0,.---,9,20,15,41,73,11,29,18,11,,58,0.83,3,50,11,.043,0,.177,104,NL,125,16,14,913,.256,.644,3.594,254,Mark,Mark Vientos,668901,M Vientos,Vientos,Mark Vientos,Mark,1,15,First Base,1B,1B,380,35,0,25,0,2,.388,.---,0,61,.240,157,NYM,121,New York Mets,Mets,92,498,0,player,0,.047,.197,2026
2026-08-10T21:33:44-04:00,2026,player,hitting,ytd,,,,28,28,96,32.00,.188,.273,58,16,1,1,.500,3,7,5,22,51,0,8,6,0,,12,0.43,1,18,3,.026,1,.146,104,NL,54,7,2,472,.310,.643,4.140,114,William,Will Benson,666181,W Benson,Benson,Will Benson,Will,0,4,Outfielder,RF,RF,383,6,1,11,0,0,.333,.500,1,38,.333,73,CIN,113,Cincinnati Reds,Reds,32,205,1,player,0,.140,.421,2026
2026-08-10T21:33:44-04:00,2026,player,hitting,ytd,,,,25,87,305,33.89,.236,.269,244,18,0,4,.364,9,19,11,39,100,5,56,32,5,,85,0.98,3,72,9,.027,0,.125,104,NL,129,29,23,1263,.282,.643,3.816,331,Nathan,Nathan Church,701675,N Church,Church,Nathan Church,Nathan,0,25,Outfielder,CF,CF,383,37,1,38,1,4,.361,.636,7,66,.199,161,STL,138,St. Louis Cardinals,Cardinals,110,712,1,player,1,.054,.273,2026
2026-08-10T21:33:44-04:00,2026,player,hitting,ytd,,,,29,45,149,74.50,.235,.317,109,15,0,0,.---,7,10,7,26,65,2,15,12,2,,29,0.64,1,35,2,.012,0,.101,104,NL,64,16,14,704,.307,.643,4.166,169,Hunter,Hunter Feduccia,676439,H Feduccia,Feduccia,Hunter Feduccia,Hunter,0,5,Catcher,C,C,383,12,0,16,3,1,.336,.---,0,44,.260,71,LAD,119,Los Angeles Dodgers,Dodgers,50,307,1,player,0,.089,.341,2026
2026-08-10T21:33:44-04:00,2026,player,hitting,ytd,,,,27,97,356,44.50,.239,.277,288,12,0,3,.158,18,27,15,49,114,6,56,29,6,,106,1.09,11,85,8,.021,1,.124,103,AL,150,39,25,1449,.281,.643,3.754,386,Andrés,Andrés Giménez,665926,A Giménez,Giménez,Andrés Giménez,Andrés,2,23,Shortstop,SS,SS,383,48,0,31,2,5,.362,.842,16,75,.194,200,TOR,141,Toronto Blue Jays,Blue Jays,129,804,1,player,1,.031,.160,2026
2026-08-10T21:33:44-04:00,2026,player,hitting,ytd,,,,22,42,165,55.00,.255,.320,129,7,0,2,.222,7,10,4,13,55,2,26,19,2,,45,1.07,1,42,3,.017,0,.097,104,NL,60,19,10,688,.289,.641,3.887,177,Jose,Jose Fernandez,699912,J Fernandez,Fernandez,Jose Fernandez,Jose,0,19,Designated Hitter,DH,DH,387,15,3,23,4,0,.352,.778,7,40,.226,79,AZ,109,Arizona Diamondbacks,D-backs,58,322,0,player,0,.040,.175,2026
2026-08-10T21:33:44-04:00,2026,player,hitting,ytd,,,,26,54,223,31.86,.238,.264,182,7,0,1,.333,10,17,11,32,82,11,43,20,11,,75,1.39,2,53,7,.030,0,.139,103,AL,113,22,13,810,.264,.641,3.432,236,Jeremiah,Jeremiah Jackson,669236,J Jackson,Jackson,Jeremiah Jackson,Jeremiah,0,9,Second Base,2B,2B,387,39,3,25,1,3,.377,.667,2,45,.191,124,BAL,110,Baltimore Orioles,Orioles,84,472,0,player,0,.030,.156,2026
2026-08-10T21:33:44-04:00,2026,player,hitting,ytd,,,,26,90,298,29.80,.195,.246,207,39,0,2,.133,15,25,17,55,93,3,37,10,3,,59,0.66,4,58,10,.029,0,.151,104,NL,136,30,15,1376,.295,.641,4.000,344,Matthew,Matt McLain,680574,M McLain,McLain,Matt McLain,Matt,1,20,Second Base,2B,2B,387,28,0,38,2,1,.346,.867,13,94,.273,165,CIN,113,Cincinnati Reds,Reds,103,582,0,player,0,.113,.415,2026
2026-08-10T21:33:44-04:00,2026,player,hitting,ytd,,,,26,9,36,-.--,.250,.346,26,2,0,0,.000,1,2,2,4,12,0,4,3,0,,8,0.89,1,9,0,.000,0,.083,103,AL,21,4,3,163,.308,.641,4.179,39,Parker,Parker Meadows,678009,P Meadows,Meadows,Parker Meadows,Parker,0,2,Outfielder,CF,CF,387,2,0,3,0,0,.333,1.000,3,10,.256,15,DET,116,Detroit Tigers,Tigers,12,74,1,player,0,.051,.200,2026
2026-08-10T21:33:44-04:00,2026,player,hitting,ytd,,,,25,52,247,82.33,.247,.301,197,20,0,1,.111,10,14,2,21,84,6,33,27,6,,84,1.62,2,61,3,.011,0,.085,103,AL,98,32,22,1047,.309,.641,3.878,270,Benjamin,Ben Williamson,810938,B Williamson,Williamson,Ben Williamson,Ben,0,9,Second Base,2B,2B,387,26,0,31,1,0,.332,.889,8,51,.189,77,TB,139,Tampa Bay Rays,Rays,82,448,1,player,0,.074,.392,2026
2026-08-10T21:33:44-04:00,2026,player,hitting,ytd,,,,30,36,143,23.83,.182,.233,92,25,0,0,.---,4,10,9,21,71,4,17,4,4,,30,0.83,0,26,6,.036,1,.154,103,AL,65,12,3,751,.304,.640,4.470,168,David,David Fry,681807,D Fry,Fry,David Fry,David,1,12,Unknown,X,RF,392,13,0,16,0,0,.336,.---,0,51,.304,100,CLE,114,Cleveland Guardians,Guardians,48,321,0,player,0,.149,.490,2026
2026-08-10T21:33:44-04:00,2026,player,hitting,ytd,,,,31,37,180,180.00,.278,.331,157,9,0,3,.429,3,5,3,18,65,5,30,27,5,,70,1.89,2,50,1,.005,0,.044,103,AL,72,20,14,742,.318,.640,3.710,200,Nicholas,Nicky Lopez,670032,N Lopez,Lopez,Nicky Lopez,Nicky,0,5,Second Base,2B,2B,392,20,1,18,8,1,.322,.571,4,32,.160,71,TEX,140,Texas Rangers,Rangers,58,377,1,player,0,.045,.281,2026
2026-08-10T21:33:44-04:00,2026,player,hitting,ytd,,,,34,110,319,79.75,.251,.276,280,25,0,2,.286,13,17,8,51,103,10,58,28,10,,90,0.82,4,80,4,.011,1,.078,103,AL,137,42,39,1286,.311,.640,3.653,352,Jeffrey,Jeff McNeil,643446,J McNeil,McNeil,Jeff McNeil,Jeff,2,20,Second Base,2B,2B,392,35,1,31,1,3,.329,.714,5,43,.122,117,ATH,133,Athletics,Athletics,105,726,0,player,0,.071,.581,2026
2026-08-10T21:33:44-04:00,2026,player,hitting,ytd,,,,24,118,395,98.75,.241,.294,313,41,0,2,.167,16,22,9,52,111,9,67,36,9,,100,0.85,7,95,4,.009,0,.081,104,NL,180,49,39,1767,.318,.640,3.927,450,Masyn,Masyn Winn,691026,M Winn,Winn,Masyn Winn,Masyn,1,27,Shortstop,SS,SS,392,47,3,45,0,7,.322,.833,10,89,.198,168,STL,138,St. Louis Cardinals,Cardinals,127,746,2,player,1,.091,.461,2026
2026-08-10T21:33:44-04:00,2026,player,hitting,ytd,,,,26,55,200,50.00,.205,.291,131,24,0,3,.333,12,16,11,38,65,5,34,16,5,,35,0.64,8,41,4,.017,0,.120,104,NL,91,14,6,892,.313,.638,3.828,233,Connor,Connor Norby,681393,C Norby,Norby,Connor Norby,Connor,0,11,First Base,1B,1B,396,16,1,17,0,1,.325,.667,6,70,.300,144,MIA,146,Miami Marlins,Marlins,65,441,0,player,0,.103,.343,2026
2026-08-10T21:33:44-04:00,2026,player,hitting,ytd,,,,25,123,378,63.00,.206,.262,286,58,0,12,.387,14,24,9,60,114,3,56,26,3,,85,0.69,9,78,6,.013,0,.106,104,NL,144,41,30,1783,.325,.637,3.953,451,Jakob,Jakob Marsee,805300,J Marsee,Marsee,Jakob Marsee,Jakob,2,33,Outfielder,CF,CF,397,28,3,57,5,1,.312,.613,19,98,.217,133,MIA,146,Miami Marlins,Marlins,118,706,4,player,1,.129,.592,2026
2026-08-10T21:33:44-04:00,2026,player,hitting,ytd,,,,31,98,283,70.75,.223,.254,239,32,0,5,.833,13,20,8,59,93,4,43,19,4,,78,0.80,2,63,4,.012,1,.110,103,AL,114,36,25,1219,.304,.636,3.786,322,Zachary,Zach McKinstry,656716,Z McKinstry,McKinstry,Zach McKinstry,Zach,0,14,Second Base,2B,2B,398,24,10,31,3,2,.332,.167,1,49,.152,93,DET,116,Detroit Tigers,Tigers,94,583,3,player,0,.099,.653,2026
2026-08-10T21:33:44-04:00,2026,player,hitting,ytd,,,,26,56,284,40.57,.232,.317,194,11,0,2,.143,11,20,8,35,98,8,36,26,8,,72,1.29,7,66,7,.023,0,.127,103,AL,134,32,12,1125,.277,.636,3.701,304,Oswald,Oswald Peraza,672724,O Peraza,Peraza,Oswald Peraza,Oswald,0,9,Second Base,2B,2B,398,24,5,27,1,1,.359,.857,12,92,.303,187,LAA,108,Los Angeles Angels,Angels,102,628,2,player,2,.036,.120,2026
2026-08-10T21:33:44-04:00,2026,player,hitting,ytd,,,,23,89,278,34.75,.194,.238,208,42,0,2,.125,9,19,10,51,99,1,49,22,1,,65,0.73,4,54,8,.024,0,.133,103,AL,133,22,16,1366,.308,.635,4.114,332,Evan,Evan Carter,694497,E Carter,Carter,Evan Carter,Evan,0,22,Outfielder,CF,CF,400,31,1,39,7,1,.327,.875,14,78,.235,153,TEX,140,Texas Rangers,Rangers,91,540,2,player,0,.127,.538,2026
2026-08-10T21:33:44-04:00,2026,player,hitting,ytd,,,,26,14,43,-.--,.233,.270,38,6,0,0,.000,1,2,0,8,17,0,4,1,0,,14,1.00,1,10,0,.000,0,.070,103,AL,20,9,4,189,.333,.635,3.635,52,Dustin,Dustin Harris,687957,D Harris,Harris,Dustin Harris,Dustin,0,2,Outfielder,LF,LF,400,5,0,6,1,1,.302,1.000,4,7,.135,11,HOU,117,Houston Astros,Astros,13,80,1,player,0,.115,.857,2026
2026-08-10T21:33:44-04:00,2026,player,hitting,ytd,,,,36,138,426,26.62,.216,.235,339,18,0,0,.---,17,34,23,79,110,15,64,22,15,,109,0.79,11,92,16,.035,2,.157,103,AL,197,47,34,1708,.262,.635,3.705,461,Salvador,Salvador Perez,521692,S Perez,Perez,Salvador Perez,Salvador,0,25,Designated Hitter,DH,DH,400,49,3,41,0,6,.373,.---,0,93,.202,245,KC,118,Kansas City Royals,Royals,159,967,1,player,0,.039,.194,2026
2026-08-10T21:33:44-04:00,2026,player,hitting,ytd,,,,27,33,104,104.00,.260,.321,84,7,0,0,.000,4,5,6,13,64,2,15,15,2,,24,0.73,1,27,1,.009,0,.067,103,AL,32,6,8,418,.307,.634,3.603,116,Nicholas,Nick Allen,669397,N Allen,Allen,Nick Allen,Nick,0,12,Shortstop,SS,SS,403,11,1,17,2,2,.327,1.000,2,24,.207,51,HOU,117,Houston Astros,Astros,34,188,0,player,0,.060,.292,2026
2026-08-10T21:33:44-04:00,2026,player,hitting,ytd,,,,33,96,390,43.33,.221,.254,312,53,0,1,.059,11,20,15,57,113,7,60,37,7,,130,1.35,3,86,9,.020,1,.097,104,NL,158,34,29,1768,.316,.634,3.929,450,Xander,Xander Bogaerts,593428,X Bogaerts,Bogaerts,Xander Bogaerts,Xander,0,10,Shortstop,SS,SS,403,41,5,46,0,4,.318,.941,16,82,.182,169,SD,135,San Diego Padres,Padres,124,739,0,player,2,.118,.646,2026
2026-08-10T21:33:44-04:00,2026,player,hitting,ytd,,,,35,124,360,25.71,.214,.241,276,30,0,2,.200,9,24,20,66,101,10,46,22,10,,75,0.60,1,77,14,.035,0,.147,104,NL,154,35,34,1504,.273,.634,3.798,396,Marcus,Marcus Semien,543760,M Semien,Semien,Marcus Semien,Marcus,0,24,Second Base,2B,2B,403,41,4,41,1,4,.361,.800,8,89,.225,185,NYM,121,New York Mets,Mets,130,752,1,player,0,.076,.337,2026
2026-08-10T21:33:44-04:00,2026,player,hitting,ytd,,,,29,9,31,-.--,.290,.360,25,3,0,0,.---,0,0,1,4,12,1,8,5,1,,7,0.78,0,9,0,.000,0,.000,103,AL,12,3,3,130,.343,.633,3.714,35,Eloy,Eloy Jiménez,650391,E Jiménez,Jiménez,Eloy Jiménez,Eloy,0,2,Designated Hitter,DH,DH,406,3,0,2,0,1,.290,.---,0,7,.200,20,TOR,141,Toronto Blue Jays,Blue Jays,9,67,0,player,0,.086,.429,2026
2026-08-10T21:33:44-04:00,2026,player,hitting,ytd,,,,25,36,126,63.00,.198,.267,95,14,0,0,.000,11,14,7,23,84,1,18,6,1,,34,0.94,1,25,2,.013,0,.151,104,NL,48,12,5,636,.282,.631,4.268,149,Jorge,Jorge Barrosa,678489,J Barrosa,Barrosa,Jorge Barrosa,Jorge,0,8,Outfielder,CF,CF,407,11,2,25,7,1,.349,1.000,1,39,.262,71,AZ,109,Arizona Diamondbacks,D-backs,44,266,1,player,0,.094,.359,2026
2026-08-10T21:33:44-04:00,2026,player,hitting,ytd,,,,27,72,255,85.00,.247,.275,228,11,0,4,.400,6,10,5,41,79,15,59,25,15,,93,1.29,15,63,3,.010,0,.067,104,NL,117,33,20,1024,.317,.631,3.556,288,Tyler,Tyler Freeman,671289,T Freeman,Freeman,Tyler Freeman,Tyler,0,11,Outfielder,RF,RF,407,23,2,29,7,0,.314,.600,6,34,.118,63,COL,115,Colorado Rockies,Rockies,80,504,1,player,0,.038,.324,2026
2026-08-10T21:33:44-04:00,2026,player,hitting,ytd,,,,26,83,276,69.00,.236,.250,249,25,6,2,.250,14,18,13,38,90,4,54,25,4,,101,1.22,2,65,4,.013,1,.094,104,NL,131,27,23,1195,.301,.631,3.818,313,Salvatore,Sal Frelick,686217,S Frelick,Frelick,Sal Frelick,Sal,0,22,Outfielder,RF,RF,407,34,9,33,1,3,.330,.750,6,31,.099,50,MIL,158,Milwaukee Brewers,Brewers,91,510,0,player,0,.080,.806,2026
2026-08-10T21:33:44-04:00,2026,player,hitting,ytd,,,,28,38,141,28.20,.213,.253,104,16,0,3,.600,3,8,6,21,40,4,19,13,4,,36,0.95,0,30,5,.032,0,.128,104,NL,71,11,7,602,.291,.631,3.810,158,Luis,Luis Robert Jr.,673357,L Robert Jr.,Robert,Luis Robert Jr.,Luis,0,10,Outfielder,CF,CF,407,16,2,17,0,1,.340,.400,2,38,.241,85,NYM,121,New York Mets,Mets,48,299,0,player,1,.101,.421,2026
2026-08-10T21:33:44-04:00,2026,player,hitting,ytd,,,,22,41,154,30.80,.227,.278,113,10,1,1,.333,4,9,6,22,46,2,21,14,2,,37,0.90,1,35,5,.030,0,.123,103,AL,64,15,14,604,.279,.630,3.639,166,Denzer,Denzer Guzman,694203,D Guzman,Guzman,Denzer Guzman,Denzer,0,5,Third Base,3B,3B,411,16,2,14,0,0,.351,.667,2,41,.247,72,LAA,108,Los Angeles Angels,Angels,54,314,0,player,0,.060,.244,2026
2026-08-10T21:33:44-04:00,2026,player,hitting,ytd,,,,37,34,144,72.00,.250,.321,108,8,0,2,.500,5,7,3,14,56,2,15,17,2,,38,1.12,4,36,2,.013,0,.076,103,AL,67,15,13,598,.304,.630,3.785,158,Starling,Starling Marte,516782,S Marte,Marte,Starling Marte,Starling,1,7,Outfielder,RF,RF,411,14,0,15,0,2,.326,.500,2,38,.241,88,KC,118,Kansas City Royals,Royals,47,313,0,player,0,.051,.211,2026
2026-08-10T21:33:44-04:00,2026,player,hitting,ytd,,,,28,28,116,29.00,.198,.271,74,12,0,2,.400,6,10,5,15,70,3,18,5,3,,23,0.82,0,23,4,.031,0,.155,103,AL,70,13,6,477,.273,.626,3.727,128,Jahmai,Jahmai Jones,663330,J Jones,Jones,Jahmai Jones,Jahmai,0,7,Designated Hitter,DH,DH,413,12,1,15,0,0,.353,.600,3,42,.328,83,BOS,111,Boston Red Sox,Red Sox,41,235,0,player,0,.094,.286,2026
2026-08-10T21:33:44-04:00,2026,player,hitting,ytd,,,,29,67,259,129.50,.239,.270,227,29,0,3,.333,11,13,3,34,79,3,44,27,3,,98,1.46,3,62,2,.007,1,.066,104,NL,142,31,24,1144,.321,.626,3.865,296,Luis,Luis Rengifo,650859,L Rengifo,Rengifo,Luis Rengifo,Luis,1,9,Outfielder,LF,LF,413,27,1,33,3,2,.305,.667,6,37,.125,112,SD,135,San Diego Padres,Padres,79,556,0,player,0,.098,.784,2026
2026-08-10T21:33:44-04:00,2026,player,hitting,ytd,,,,25,3,8,-.--,.250,.333,6,0,0,0,.---,1,1,0,1,3,0,0,0,0,,1,0.33,0,2,0,.000,0,.125,104,NL,4,2,1,38,.250,.625,4.750,8,Eddys,Eddys Leonard,678760,E Leonard,Leonard,Eddys Leonard,Eddys,0,1,Outfielder,LF,SS,415,0,0,0,0,0,.375,.---,0,2,.250,8,SF,137,San Francisco Giants,Giants,3,22,0,player,0,.000,.---,2026
2026-08-10T21:33:44-04:00,2026,player,hitting,ytd,,,,29,18,48,24.00,.167,.182,35,8,0,0,.---,1,3,3,8,17,0,4,1,0,,9,0.50,2,8,2,.034,0,.146,103,AL,21,3,2,237,.310,.623,4.086,58,Jonathan,Jonathan India,663697,J India,India,Jonathan India,Jonathan,1,8,Second Base,2B,2B,416,8,1,8,0,0,.313,.---,0,13,.224,21,KC,118,Kansas City Royals,Royals,15,92,0,player,0,.138,.615,2026
2026-08-10T21:33:44-04:00,2026,player,hitting,ytd,,,,33,39,94,47.00,.213,.250,74,10,0,0,.---,6,8,3,21,30,3,19,7,3,,15,0.38,0,20,2,.019,1,.128,104,NL,51,10,10,396,.283,.623,3.736,106,Maximilian,Max Kepler,596146,M Kepler,Kepler,Max Kepler,Max,0,8,Outfielder,LF,LF,416,15,0,8,0,2,.340,.---,0,22,.208,50,AZ,109,Arizona Diamondbacks,D-backs,32,210,0,player,1,.094,.455,2026
2026-08-10T21:33:44-04:00,2026,player,hitting,ytd,,,,24,11,35,11.67,.171,.167,21,1,0,1,1.000,0,3,1,6,22,0,3,2,0,,4,0.36,0,6,3,.083,0,.257,103,AL,23,3,1,139,.194,.623,3.861,36,Junior,Junior Perez,678577,J Perez,Perez,Junior Perez,Junior,0,4,Outfielder,LF,CF,416,6,0,5,0,0,.429,.000,0,14,.389,27,CWS,145,Chicago White Sox,White Sox,15,70,0,player,0,.028,.071,2026
2026-08-10T21:33:44-04:00,2026,player,hitting,ytd,,,,24,38,195,65.00,.231,.333,132,22,0,0,.000,7,10,7,27,72,5,29,13,5,,49,1.29,1,45,3,.013,0,.082,104,NL,84,25,6,909,.309,.622,4.076,223,Alexander,Alex Freeland,690976,A Freeland,Freeland,Alex Freeland,Alex,0,5,Second Base,2B,2B,419,19,1,24,3,2,.313,1.000,2,68,.305,111,LAD,119,Los Angeles Dodgers,Dodgers,61,368,0,player,0,.099,.324,2026
2026-08-10T21:33:44-04:00,2026,player,hitting,ytd,,,,28,50,236,236.00,.242,.315,180,22,2,1,.100,12,13,8,25,85,6,40,20,6,,73,1.46,4,57,1,.004,0,.064,104,NL,117,29,21,993,.317,.622,3.747,265,Jared,Jared Triolo,669707,J Triolo,Triolo,Jared Triolo,Jared,0,4,Shortstop,SS,SS,419,21,6,23,1,0,.305,.900,9,57,.215,97,PIT,134,Pittsburgh Pirates,Pirates,72,434,0,player,0,.083,.386,2026
2026-08-10T21:33:44-04:00,2026,player,hitting,ytd,,,,24,14,58,-.--,.241,.350,42,11,0,0,.---,1,1,1,7,26,2,5,7,2,,14,1.00,0,14,0,.000,0,.017,104,NL,19,6,4,277,.362,.621,3.901,71,Drew,Drew Cavanaugh,701852,D Cavanaugh,Cavanaugh,Drew Cavanaugh,Drew,0,3,Catcher,C,C,421,4,0,3,2,0,.259,.---,0,18,.254,30,SF,137,San Francisco Giants,Giants,15,123,0,player,0,.155,.611,2026
2026-08-10T21:33:44-04:00,2026,player,hitting,ytd,,,,24,10,27,13.50,.185,.158,21,1,0,0,.---,0,2,2,4,9,1,7,2,1,,6,0.60,0,5,2,.071,0,.222,103,AL,20,1,3,102,.214,.621,3.643,28,Charles,Charles McAdoo,807727,C McAdoo,McAdoo,Charles McAdoo,Charles,0,3,First Base,1B,2B,421,4,0,3,0,0,.407,.---,0,6,.214,11,TOR,141,Toronto Blue Jays,Blue Jays,11,55,0,player,0,.036,.167,2026
2026-08-10T21:33:44-04:00,2026,player,hitting,ytd,,,,29,51,180,60.00,.233,.287,144,11,0,0,.000,7,11,6,19,62,6,28,20,6,,51,1.00,3,42,3,.015,0,.100,103,AL,78,16,17,720,.286,.619,3.582,201,Kyle,Kyle Isbel,664728,K Isbel,Isbel,Kyle Isbel,Kyle,0,15,Outfielder,CF,CF,423,13,1,17,5,2,.333,1.000,5,43,.214,64,KC,118,Kansas City Royals,Royals,60,329,1,player,1,.055,.256,2026
2026-08-10T21:33:44-04:00,2026,player,hitting,ytd,,,,31,34,104,34.67,.183,.232,73,16,0,0,.000,4,8,6,21,42,1,9,4,1,,20,0.59,1,19,3,.024,0,.144,103,AL,42,9,6,502,.290,.617,4.016,125,Jacob,Jake Rogers,668670,J Rogers,Rogers,Jake Rogers,Jake,0,7,Catcher,C,C,424,11,0,15,1,3,.327,1.000,1,35,.280,59,BOS,111,Boston Red Sox,Red Sox,34,205,1,player,0,.128,.457,2026
2026-08-10T21:33:44-04:00,2026,player,hitting,ytd,,,,26,89,339,42.38,.215,.283,238,32,1,1,.167,13,22,9,57,109,3,39,24,3,,76,0.85,3,73,8,.021,0,.115,104,NL,132,40,18,1501,.286,.616,3.960,379,Brett,Brett Baty,683146,B Baty,Baty,Brett Baty,Brett,0,14,Third Base,3B,3B,425,38,3,42,0,4,.330,.833,5,105,.277,210,NYM,121,New York Mets,Mets,112,739,1,player,0,.084,.305,2026
2026-08-10T21:33:44-04:00,2026,player,hitting,ytd,,,,25,64,307,43.86,.202,.259,220,41,0,3,.250,13,21,13,34,110,4,44,20,4,,94,1.47,1,62,7,.020,1,.117,103,AL,122,28,23,1443,.297,.616,4.111,351,Lawrence,Lawrence Butler,671732,L Butler,Butler,Lawrence Butler,Lawrence,1,7,Outfielder,RF,RF,425,30,3,43,1,1,.319,.750,9,89,.254,182,ATH,133,Athletics,Athletics,98,664,1,player,0,.117,.461,2026
2026-08-10T21:33:44-04:00,2026,player,hitting,ytd,,,,31,20,94,31.33,.202,.276,61,10,0,1,.200,3,6,4,13,45,1,11,8,1,,22,1.10,1,19,3,.029,0,.128,103,AL,48,7,2,445,.286,.616,4.238,105,Weston,Weston Wilson,642215,W Wilson,Wilson,Weston Wilson,Weston,0,5,Third Base,3B,3B,425,10,0,11,0,0,.330,.800,4,33,.314,73,SEA,136,Seattle Mariners,Mariners,31,205,0,player,0,.095,.303,2026
2026-08-10T21:33:44-04:00,2026,player,hitting,ytd,,,,25,20,96,96.00,.229,.276,80,6,0,1,1.000,5,7,5,11,32,0,19,9,0,,38,1.90,1,22,1,.009,0,.104,104,NL,39,8,7,389,.282,.615,3.670,106,James,Jim Jarvis,805347,J Jarvis,Jarvis,Jim Jarvis,Jim,0,2,Shortstop,SS,SS,428,11,2,10,3,0,.333,.000,0,19,.179,31,ATL,144,Atlanta Braves,Braves,32,174,1,player,0,.057,.316,2026
2026-08-10T21:33:44-04:00,2026,player,hitting,ytd,,,,27,52,236,78.67,.208,.284,165,39,0,3,.375,9,13,9,24,88,6,28,19,6,,64,1.23,1,49,3,.011,0,.085,104,NL,89,21,24,1138,.322,.614,4.123,276,Edouard,Edouard Julien,666397,E Julien,Julien,Edouard Julien,Edouard,0,4,Second Base,2B,2B,429,20,2,37,0,0,.292,.625,5,71,.257,110,COL,115,Colorado Rockies,Rockies,69,463,1,player,0,.141,.549,2026
2026-08-10T21:33:44-04:00,2026,player,hitting,ytd,,,,30,34,107,-.--,.243,.299,88,9,0,1,1.000,5,6,4,22,34,2,18,11,2,,28,0.82,1,26,0,.000,0,.065,103,AL,40,11,7,443,.305,.613,3.723,119,Michael,Mickey Gasper,681508,M Gasper,Gasper,Mickey Gasper,Mickey,0,5,Catcher,C,C,430,7,1,11,1,1,.308,.000,0,21,.176,34,BOS,111,Boston Red Sox,Red Sox,33,184,1,player,0,.076,.429,2026
2026-08-10T21:33:44-04:00,2026,player,hitting,ytd,,,,35,72,251,31.38,.203,.264,171,27,0,0,.---,7,15,12,36,70,5,28,10,5,,48,0.67,2,51,8,.029,1,.124,104,NL,137,29,16,1240,.286,.613,4.429,280,Marcell,Marcell Ozuna,542303,M Ozuna,Ozuna,Marcell Ozuna,Marcell,0,20,Designated Hitter,DH,DH,430,29,2,22,0,0,.327,.---,0,80,.286,159,PIT,134,Pittsburgh Pirates,Pirates,82,528,0,player,0,.096,.338,2026
2026-08-10T21:33:44-04:00,2026,player,hitting,ytd,,,,28,9,42,21.00,.190,.207,31,4,0,0,.---,0,2,2,3,23,1,3,1,1,,14,1.56,1,8,2,.043,0,.143,104,NL,20,5,5,199,.277,.610,4.234,47,Eric,Eric Wagaman,676572,E Wagaman,Wagaman,Eric Wagaman,Eric,0,1,Unknown,X,1B,432,4,0,4,0,0,.333,.---,0,11,.234,25,NYM,121,New York Mets,Mets,14,82,0,player,0,.085,.364,2026
2026-08-10T21:33:44-04:00,2026,player,hitting,ytd,,,,29,103,426,26.62,.200,.244,301,31,0,3,.150,11,30,21,44,111,4,43,29,4,,113,1.10,4,85,16,.034,2,.153,103,AL,167,33,30,1732,.256,.608,3.685,470,Jarren,Jarren Duran,680776,J Duran,Duran,Jarren Duran,Jarren,2,29,Outfielder,LF,LF,433,60,4,52,2,7,.352,.850,17,134,.285,300,BOS,111,Boston Red Sox,Red Sox,150,872,3,player,1,.066,.231,2026
2026-08-10T21:33:44-04:00,2026,player,hitting,ytd,,,,24,41,118,118.00,.237,.287,97,13,0,0,.000,3,4,4,19,47,1,16,13,1,,28,0.68,1,28,1,.007,0,.051,103,AL,61,10,14,519,.318,.606,3.873,134,Darell,Darell Hernaiz,687231,D Hernaiz,Hernaiz,Darell Hernaiz,Darell,1,8,Shortstop,SS,SS,434,7,0,12,2,0,.288,1.000,3,23,.172,59,ATH,133,Athletics,Athletics,34,261,0,player,0,.097,.565,2026
2026-08-10T21:33:44-04:00,2026,player,hitting,ytd,,,,26,3,11,-.--,.182,.333,6,3,0,0,.---,1,1,0,1,7,1,2,1,1,,1,0.33,0,2,0,.000,0,.091,103,AL,7,1,2,76,.333,.606,5.067,15,Johnathan,Johnathan Rodríguez,671286,J Rodríguez,Rodríguez,Johnathan Rodríguez,Johnathan,0,0,Outfielder,RF,RF,434,2,0,0,0,1,.273,.---,0,6,.400,10,BAL,110,Baltimore Orioles,Orioles,3,36,0,player,0,.200,.500,2026
2026-08-10T21:33:44-04:00,2026,player,hitting,ytd,,,,31,26,111,37.00,.189,.286,66,17,0,0,.000,1,5,6,18,41,2,13,4,2,,19,0.73,2,21,3,.023,0,.108,103,AL,54,11,6,552,.308,.605,4.246,130,Yoán,Yoán Moncada,660162,Y Moncada,Moncada,Yoán Moncada,Yoán,0,2,Third Base,3B,3B,436,10,0,9,0,0,.297,1.000,1,45,.346,62,LAA,108,Los Angeles Angels,Angels,33,215,1,player,0,.131,.378,2026
2026-08-10T21:33:44-04:00,2026,player,hitting,ytd,,,,23,17,88,88.00,.239,.364,56,3,0,1,.100,6,7,2,12,27,2,14,9,2,,18,1.06,0,21,1,.011,0,.102,103,AL,33,10,3,339,.264,.605,3.725,91,Kahlil,Kahlil Watson,696135,K Watson,Watson,Kahlil Watson,Kahlil,0,2,Outfielder,RF,RF,436,11,0,6,0,0,.341,.900,9,32,.352,65,CLE,114,Cleveland Guardians,Guardians,30,183,0,player,1,.033,.094,2026
2026-08-10T21:33:44-04:00,2026,player,hitting,ytd,,,,26,11,28,28.00,.214,.238,23,2,0,0,.---,0,1,1,6,13,0,1,5,0,,6,0.55,1,6,1,.030,1,.107,103,AL,10,0,1,103,.281,.602,3.121,33,Tanner,Tanner Murray,695020,T Murray,Murray,Tanner Murray,Tanner,0,4,Outfielder,LF,LF,438,3,2,2,1,1,.321,.---,0,7,.212,16,CWS,145,Chicago White Sox,White Sox,9,49,0,player,0,.061,.286,2026
2026-08-10T21:33:44-04:00,2026,player,hitting,ytd,,,,24,7,39,-.--,.256,.385,26,4,0,2,1.000,1,1,2,6,14,1,5,3,1,,9,1.29,0,10,0,.000,0,.026,103,AL,19,5,1,165,.318,.600,3.750,44,Tsung-Che,Tsung-Che Cheng,691907,T Cheng,Cheng,Tsung-Che Cheng,Tsung-Che,0,0,Shortstop,SS,SS,439,5,0,7,0,1,.282,.000,0,14,.318,28,BOS,111,Boston Red Sox,Red Sox,11,78,0,player,0,.091,.286,2026
2026-08-10T21:33:44-04:00,2026,player,hitting,ytd,,,,33,17,74,18.50,.162,.190,49,6,0,0,.---,3,7,4,6,29,1,14,4,1,,20,1.18,1,12,4,.048,0,.203,104,NL,42,4,5,318,.235,.600,3.786,84,Eric,Eric Haase,606992,E Haase,Haase,Eric Haase,Eric,0,6,Catcher,C,C,439,9,0,8,3,0,.365,.---,0,28,.333,59,SF,137,San Francisco Giants,Giants,27,154,0,player,0,.071,.214,2026
2026-08-10T21:33:44-04:00,2026,player,hitting,ytd,,,,20,46,214,26.75,.196,.260,140,15,0,1,.250,6,15,9,23,66,3,22,12,3,,52,1.13,2,42,8,.034,0,.150,103,AL,95,21,11,927,.253,.599,3.962,234,Colt,Colt Emerson,806068,C Emerson,Emerson,Colt Emerson,Colt,0,12,Shortstop,SS,SS,441,23,0,24,1,2,.346,.750,3,77,.329,165,SEA,136,Seattle Mariners,Mariners,74,487,1,player,1,.064,.195,2026
2026-08-10T21:33:44-04:00,2026,player,hitting,ytd,,,,33,61,231,33.00,.195,.266,150,21,0,0,.000,8,16,8,27,67,2,29,15,2,,44,0.72,4,45,7,.027,0,.134,104,NL,98,22,21,1082,.270,.599,4.178,259,Jose,Adolis García,666969,A García,García,Adolis García,Adolis,0,13,Outfielder,RF,RF,441,21,1,21,0,3,.329,1.000,3,84,.324,170,PHI,143,Philadelphia Phillies,Phillies,76,491,1,player,0,.081,.250,2026
2026-08-10T21:33:44-04:00,2026,player,hitting,ytd,,,,25,31,135,67.50,.215,.257,107,13,0,0,.000,4,6,4,17,53,6,22,12,6,,47,1.52,6,29,2,.013,0,.074,104,NL,58,13,12,634,.310,.599,4.090,155,Leonardo,Leo Jiménez,677870,L Jiménez,Jimenez,Leo Jiménez,Leo,0,2,Third Base,3B,3B,441,13,0,15,0,1,.289,1.000,1,29,.187,67,MIA,146,Miami Marlins,Marlins,39,277,0,player,0,.084,.448,2026
2026-08-10T21:33:44-04:00,2026,player,hitting,ytd,,,,26,16,61,61.00,.213,.343,36,8,0,1,1.000,2,3,4,10,26,0,7,6,0,,7,0.44,0,13,1,.014,0,.082,103,AL,22,3,6,272,.304,.599,3.942,69,Jarred,Jarred Kelenic,672284,J Kelenic,Kelenic,Jarred Kelenic,Jarred,0,0,Outfielder,LF,RF,441,4,0,5,0,0,.295,.000,0,25,.362,49,TEX,140,Texas Rangers,Rangers,18,125,0,player,0,.116,.320,2026
2026-08-10T21:33:44-04:00,2026,player,hitting,ytd,,,,28,64,207,25.88,.198,.243,146,17,0,0,.000,5,13,12,41,75,0,26,12,0,,41,0.64,1,41,8,.035,1,.140,103,AL,87,17,11,955,.261,.599,4.189,228,Joshua,Josh Lowe,666139,J Lowe,Lowe,Josh Lowe,Josh,0,12,Outfielder,LF,LF,441,22,1,19,2,1,.338,1.000,4,64,.281,167,LAA,108,Los Angeles Angels,Angels,70,535,0,player,0,.075,.266,2026
2026-08-10T21:33:44-04:00,2026,player,hitting,ytd,,,,34,18,89,89.00,.202,.288,62,9,0,0,.---,5,7,3,13,44,1,9,7,1,,26,1.44,1,18,1,.010,0,.112,103,AL,36,8,4,397,.283,.598,3.931,101,Adam,Adam Frazier,624428,A Frazier,Frazier,Adam Frazier,Adam,0,1,Second Base,2B,2B,446,6,1,15,2,0,.315,.---,0,29,.287,54,LAA,108,Los Angeles Angels,Angels,28,206,1,player,0,.089,.310,2026
2026-08-10T21:33:44-04:00,2026,player,hitting,ytd,,,,29,38,108,108.00,.213,.262,87,17,0,4,.267,4,5,3,19,56,3,15,12,3,,26,0.68,0,23,1,.008,0,.065,104,NL,42,8,6,526,.320,.598,4.142,127,Sung-Mun,Sung-Mun Song,823550,S Song,Song,Sung-Mun Song,Sung-Mun,0,13,Second Base,2B,2B,446,15,1,18,2,0,.278,.733,11,23,.181,46,SD,135,San Diego Padres,Padres,30,219,0,player,0,.134,.739,2026
2026-08-10T21:33:44-04:00,2026,player,hitting,ytd,,,,31,71,202,67.33,.218,.240,177,15,0,1,.125,11,15,10,40,107,2,30,13,2,,62,0.87,1,44,3,.013,0,.109,103,AL,88,21,17,847,.271,.598,3.781,224,Myles,Myles Straw,664702,M Straw,Straw,Myles Straw,Myles,0,14,Outfielder,LF,RF,446,18,0,33,3,3,.327,.875,7,31,.138,45,TOR,141,Toronto Blue Jays,Blue Jays,66,343,1,player,0,.067,.484,2026
2026-08-10T21:33:44-04:00,2026,player,hitting,ytd,,,,26,63,201,28.71,.194,.260,130,25,0,1,1.000,4,11,9,39,62,1,23,13,1,,28,0.44,0,39,7,.031,2,.124,104,NL,98,17,14,947,.279,.597,4.135,229,Nolan,Nolan Gorman,669357,N Gorman,Gorman,Nolan Gorman,Nolan,0,10,Third Base,3B,3B,449,26,0,19,0,3,.318,.000,0,74,.323,184,STL,138,St. Louis Cardinals,Cardinals,64,473,0,player,0,.109,.338,2026
2026-08-10T21:33:44-04:00,2026,player,hitting,ytd,,,,33,10,39,39.00,.179,.261,24,6,0,0,.000,2,3,3,5,21,1,5,1,1,,7,0.70,0,7,1,.022,0,.128,103,AL,22,3,4,210,.289,.597,4.667,45,Connor,Connor Joe,656582,C Joe,Joe,Connor Joe,Connor,0,1,Outfielder,RF,RF,449,3,1,2,0,0,.308,1.000,2,15,.333,21,SEA,136,Seattle Mariners,Mariners,12,85,0,player,0,.133,.400,2026
2026-08-10T21:33:44-04:00,2026,player,hitting,ytd,,,,35,67,199,39.80,.216,.247,163,15,0,0,.000,7,12,7,35,69,2,29,17,2,,53,0.79,0,43,5,.023,1,.111,103,AL,83,19,20,842,.270,.597,3.845,219,Christian,Christian Vázquez,543877,C Vázquez,Vázquez,Christian Vázquez,Christian,0,12,Catcher,C,C,449,23,1,18,4,1,.327,1.000,1,41,.187,80,HOU,117,Houston Astros,Astros,65,397,0,player,0,.068,.366,2026
2026-08-10T21:33:44-04:00,2026,player,hitting,ytd,,,,35,34,126,31.50,.175,.247,77,22,0,0,.000,3,7,7,22,50,2,10,5,2,,21,0.62,1,22,4,.027,0,.119,103,AL,66,10,8,632,.302,.596,4.242,149,Mitchell,Mitch Garver,641598,M Garver,Garver,Mitch Garver,Mitch,0,4,Catcher,C,C,452,15,4,17,0,0,.294,1.000,1,49,.329,88,SEA,136,Seattle Mariners,Mariners,37,261,0,player,0,.148,.449,2026
2026-08-10T21:33:44-04:00,2026,player,hitting,ytd,,,,29,59,252,42.00,.206,.279,171,24,0,2,.250,11,17,13,37,83,5,37,15,5,,60,1.02,0,52,6,.022,0,.115,103,AL,107,24,14,1104,.275,.596,4.000,276,Daniel,Daniel Schneemann,682177,D Schneemann,Schneemann,Daniel Schneemann,Daniel,0,8,Outfielder,CF,CF,452,28,1,28,0,0,.321,.750,6,81,.293,172,CLE,114,Cleveland Guardians,Guardians,81,546,0,player,0,.087,.296,2026
2026-08-10T21:33:44-04:00,2026,player,hitting,ytd,,,,30,48,177,35.40,.215,.244,141,6,2,0,.000,5,11,5,20,63,5,31,12,5,,55,1.15,5,38,5,.026,0,.124,104,NL,81,21,16,721,.257,.596,3.716,194,Edmundo,Edmundo Sosa,624641,E Sosa,Sosa,Edmundo Sosa,Edmundo,0,12,Outfielder,LF,LF,452,26,6,19,1,3,.339,1.000,3,40,.206,114,PHI,143,Philadelphia Phillies,Phillies,60,441,1,player,0,.031,.150,2026
2026-08-10T21:33:44-04:00,2026,player,hitting,ytd,,,,32,21,57,28.50,.158,.159,46,6,0,1,1.000,3,5,4,12,25,1,9,2,1,,16,0.76,4,9,2,.029,0,.158,104,NL,26,3,3,237,.279,.595,3.485,68,Ramón,Ramón Urías,602104,R Urías,Urías,Ramón Urías,Ramón,0,6,Third Base,3B,3B,455,5,1,9,0,1,.316,.000,0,12,.176,27,STL,138,St. Louis Cardinals,Cardinals,18,114,0,player,0,.088,.500,2026
2026-08-10T21:33:44-04:00,2026,player,hitting,ytd,,,,23,54,205,68.33,.220,.261,164,16,1,0,.000,10,13,7,34,70,5,33,20,5,,65,1.20,3,45,3,.013,0,.093,103,AL,102,18,7,836,.282,.594,3.667,228,Marcelo,Marcelo Mayer,691785,M Mayer,Mayer,Marcelo Mayer,Marcelo,0,13,Second Base,2B,2B,456,22,3,19,0,3,.312,1.000,3,44,.193,110,BOS,111,Boston Red Sox,Red Sox,64,418,0,player,0,.070,.364,2026
2026-08-10T21:33:44-04:00,2026,player,hitting,ytd,,,,30,45,141,47.00,.213,.250,111,10,0,2,.667,7,10,5,27,54,3,18,11,3,,36,0.80,1,30,3,.020,0,.113,103,AL,58,14,8,546,.268,.594,3.569,153,Jacob,Jake Meyers,676694,J Meyers,Meyers,Jake Meyers,Jake,0,10,Outfielder,CF,CF,456,11,4,15,0,1,.326,.333,1,31,.203,61,HOU,117,Houston Astros,Astros,46,280,0,player,0,.065,.323,2026
2026-08-10T21:33:44-04:00,2026,player,hitting,ytd,,,,26,60,161,23.00,.180,.176,132,14,0,1,.250,4,12,7,35,53,1,28,12,1,,43,0.72,0,29,7,.040,0,.168,103,AL,81,10,8,653,.246,.594,3.731,175,Wenceel,Wenceel Pérez,672761,W Pérez,Pérez,Wenceel Pérez,Wenceel,0,17,Outfielder,RF,RF,456,17,0,22,0,0,.348,.750,3,29,.166,56,DET,116,Detroit Tigers,Tigers,56,309,1,player,0,.080,.483,2026
2026-08-10T21:33:44-04:00,2026,player,hitting,ytd,,,,32,25,68,68.00,.235,.263,59,3,0,0,.000,3,4,3,17,28,0,7,8,0,,18,0.72,0,16,1,.014,0,.088,103,AL,30,5,2,253,.268,.592,3.514,72,Joshua,Josh Rojas,668942,J Rojas,Rojas,Josh Rojas,Josh,0,6,Third Base,3B,3B,459,8,1,6,1,0,.324,1.000,1,10,.139,30,KC,118,Kansas City Royals,Royals,22,129,0,player,0,.042,.300,2026
2026-08-10T21:33:44-04:00,2026,player,hitting,ytd,,,,32,59,222,74.00,.216,.271,171,24,0,1,.125,6,9,5,28,67,3,35,22,3,,64,1.08,5,48,3,.012,0,.068,104,NL,100,21,19,1026,.307,.591,4.055,253,Jacob,Jake Cronenworth,630105,J Cronenworth,Cronenworth,Jake Cronenworth,Jake,0,12,Second Base,2B,2B,460,17,2,27,2,0,.284,.875,7,53,.209,102,SD,135,San Diego Padres,Padres,63,465,0,player,1,.095,.453,2026
2026-08-10T21:33:44-04:00,2026,player,hitting,ytd,,,,30,49,173,43.25,.225,.313,117,10,0,0,.000,5,9,5,23,66,2,31,11,2,,29,0.59,1,39,4,.021,0,.098,103,AL,94,23,17,730,.267,.591,3.883,188,Tristan,Tristan Gray,656484,T Gray,Gray,Tristan Gray,Tristan,0,9,Shortstop,SS,SS,460,29,1,16,1,3,.324,1.000,2,60,.319,139,MIN,142,Minnesota Twins,Twins,56,408,0,player,0,.053,.167,2026
2026-08-10T21:33:44-04:00,2026,player,hitting,ytd,,,,29,100,266,53.20,.207,.230,223,19,0,2,.333,13,21,13,50,92,5,45,15,5,,68,0.68,0,55,5,.017,0,.128,103,AL,131,27,25,1098,.255,.590,3.773,291,Matthew,Matt Vierling,663837,M Vierling,Vierling,Matt Vierling,Matt,0,25,Outfielder,CF,CF,462,31,1,24,1,5,.335,.667,4,49,.168,96,DET,116,Detroit Tigers,Tigers,89,526,3,player,1,.065,.388,2026
2026-08-10T21:33:44-04:00,2026,player,hitting,ytd,,,,28,49,153,76.50,.216,.270,118,18,0,1,.200,3,6,6,32,52,3,26,13,3,,36,0.73,1,33,2,.011,1,.072,103,AL,62,14,8,669,.301,.589,3.845,174,Josh,Josh Smith,669701,J Smith,Smith,Josh Smith,Josh,0,9,Third Base,3B,2B,463,9,1,11,1,1,.288,.800,4,37,.213,78,TOR,141,Toronto Blue Jays,Blue Jays,44,321,1,player,0,.103,.486,2026
2026-08-10T21:33:44-04:00,2026,player,hitting,ytd,,,,31,59,175,43.75,.194,.222,143,17,0,1,1.000,9,13,8,36,72,3,22,7,3,,50,0.85,3,34,4,.020,0,.120,104,NL,82,19,12,773,.274,.588,3.846,201,Freddy,Freddy Fermin,666023,F Fermin,Fermin,Freddy Fermin,Freddy,0,11,Catcher,C,C,464,16,4,18,4,2,.314,.000,0,38,.189,95,SD,135,San Diego Padres,Padres,55,390,0,player,0,.085,.447,2026
2026-08-10T21:33:44-04:00,2026,player,hitting,ytd,,,,33,17,65,-.--,.231,.333,45,8,0,0,.000,3,3,2,8,28,1,7,9,1,,13,0.76,0,15,0,.000,0,.046,103,AL,25,4,5,292,.311,.588,3.946,74,Austin,Austin Slater,596103,A Slater,Slater,Austin Slater,Austin,0,4,Outfielder,RF,RF,464,3,1,6,0,1,.277,1.000,4,21,.284,38,TB,139,Tampa Bay Rays,Rays,18,133,0,player,0,.108,.381,2026
2026-08-10T21:33:44-04:00,2026,player,hitting,ytd,,,,24,14,63,31.50,.190,.294,36,6,0,0,.---,2,4,4,6,19,1,10,2,1,,10,0.71,1,12,2,.029,0,.127,103,AL,34,6,7,295,.271,.588,4.214,70,Kyle,Kyle Teel,691019,K Teel,Teel,Kyle Teel,Kyle,0,1,Catcher,C,C,464,14,1,9,0,0,.317,.---,0,27,.386,52,CWS,145,Chicago White Sox,White Sox,20,143,0,player,0,.086,.222,2026
2026-08-10T21:33:44-04:00,2026,player,hitting,ytd,,,,26,12,75,75.00,.213,.349,44,7,0,0,.000,4,5,2,7,35,1,5,3,1,,16,1.33,0,16,1,.012,0,.093,103,AL,32,11,3,333,.280,.587,4.061,82,Zachary,Zach Dezenzo,701305,Z Dezenzo,Dezenzo,Zach Dezenzo,Zach,0,2,Outfielder,LF,LF,467,3,1,11,0,0,.307,1.000,1,31,.378,59,HOU,117,Houston Astros,Astros,23,154,0,player,0,.085,.226,2026
2026-08-10T21:33:44-04:00,2026,player,hitting,ytd,,,,31,37,123,41.00,.171,.225,84,13,0,1,.500,6,10,6,18,41,5,13,7,5,,26,0.70,5,21,3,.021,0,.138,103,AL,70,8,5,570,.277,.586,4.014,142,Daniel,Danny Jansen,643376,D Jansen,Jansen,Danny Jansen,Danny,0,14,Catcher,C,C,468,12,0,11,1,0,.309,.500,1,40,.282,65,TEX,140,Texas Rangers,Rangers,38,255,1,player,1,.092,.325,2026
2026-08-10T21:33:44-04:00,2026,player,hitting,ytd,,,,26,8,41,20.50,.171,.227,24,0,0,0,.---,4,6,3,5,18,1,5,0,1,,9,1.13,0,7,2,.049,0,.244,104,NL,22,4,3,150,.171,.586,3.659,41,Gage,Gage Workman,669398,G Workman,Workman,Gage Workman,Gage,0,0,Third Base,3B,3B,468,8,0,3,0,0,.415,.---,0,17,.415,30,SD,135,San Diego Padres,Padres,17,90,0,player,0,.000,.---,2026
2026-08-10T21:33:44-04:00,2026,player,hitting,ytd,,,,26,77,207,25.88,.174,.187,159,22,0,1,.333,5,13,10,30,76,4,32,12,4,,46,0.60,6,36,8,.034,0,.140,104,NL,109,14,19,878,.271,.585,3.705,237,Henry,Henry Davis,680779,H Davis,Davis,Henry Davis,Henry,0,28,Catcher,C,C,470,30,2,28,1,1,.314,.667,2,50,.211,114,PIT,134,Pittsburgh Pirates,Pirates,65,455,0,player,0,.093,.440,2026
2026-08-10T21:33:44-04:00,2026,player,hitting,ytd,,,,25,82,340,340.00,.229,.296,267,43,0,6,.130,4,8,5,40,111,5,61,36,5,,107,1.30,1,78,1,.003,0,.038,104,NL,151,36,31,1589,.316,.584,4.054,392,Nasim,Nasim Nuñez,683083,N Nuñez,Nuñez,Nasim Nuñez,Nasim,1,11,Second Base,2B,2B,471,33,6,46,6,2,.268,.870,40,81,.207,155,WSH,120,Washington Nationals,Nationals,91,725,3,player,0,.110,.531,2026
2026-08-10T21:33:44-04:00,2026,player,hitting,ytd,,,,24,30,105,26.25,.181,.231,69,7,0,0,.---,4,8,6,23,41,1,16,3,1,,20,0.67,3,19,4,.034,0,.152,104,NL,44,9,5,443,.250,.583,3.819,116,James,Jimmy Crooks,699625,J Crooks,Crooks,Jimmy Crooks,Jimmy,1,2,Catcher,C,C,472,12,0,7,0,1,.333,.---,0,37,.319,76,STL,138,St. Louis Cardinals,Cardinals,35,225,0,player,0,.060,.189,2026
2026-08-10T21:33:44-04:00,2026,player,hitting,ytd,,,,35,3,15,-.--,.267,.333,12,0,0,0,.---,1,1,0,1,12,0,1,1,0,,5,1.67,0,4,0,.000,0,.067,104,NL,7,3,1,52,.250,.583,3.250,16,James,Kyle Farmer,571657,K Farmer,Farmer,Kyle Farmer,Kyle,0,1,Unknown,X,DH,472,3,0,2,0,1,.333,.---,0,4,.250,9,ATL,144,Atlanta Braves,Braves,5,30,0,player,0,.000,.---,2026
2026-08-10T21:33:44-04:00,2026,player,hitting,ytd,,,,24,49,208,29.71,.197,.260,140,15,0,4,.500,5,13,6,28,82,3,30,20,3,,50,1.02,0,41,7,.031,0,.135,103,AL,90,15,10,935,.250,.582,4.137,226,Brice,Brice Matthews,694728,B Matthews,Matthews,Brice Matthews,Brice,0,11,Outfielder,LF,CF,474,22,1,23,2,1,.332,.500,4,71,.314,153,HOU,117,Houston Astros,Astros,69,424,1,player,0,.066,.211,2026
2026-08-10T21:33:44-04:00,2026,player,hitting,ytd,,,,37,13,44,44.00,.205,.250,33,3,0,0,.---,1,2,2,9,18,1,6,4,1,,11,0.85,2,9,1,.020,0,.091,103,AL,17,3,1,174,.286,.581,3.551,49,Travis,Travis d'Arnaud,518595,T d'Arnaud,d'Arnaud,Travis d'Arnaud,Travis,0,3,Catcher,C,C,475,3,1,5,0,0,.295,.---,0,11,.224,25,LAA,108,Los Angeles Angels,Angels,13,88,0,player,0,.061,.273,2026
2026-08-10T21:33:44-04:00,2026,player,hitting,ytd,,,,24,45,180,30.00,.200,.234,134,10,0,2,.222,7,13,6,21,57,4,25,23,4,,53,1.18,0,36,6,.031,0,.139,104,NL,87,7,10,723,.241,.580,3.785,191,Noelvi,Noelvi Marte,682622,N Marte,Marte,Noelvi Marte,Noelvi,0,14,Outfielder,RF,RF,476,15,1,19,0,1,.339,.778,7,47,.246,100,CIN,113,Cincinnati Reds,Reds,61,368,0,player,0,.052,.213,2026
2026-08-10T21:33:44-04:00,2026,player,hitting,ytd,,,,24,113,368,40.89,.204,.250,274,23,0,1,.167,19,28,18,65,109,6,55,16,6,,86,0.76,2,75,9,.022,0,.125,104,NL,202,41,23,1484,.250,.579,3.701,401,Ezequiel,Ezequiel Tovar,678662,E Tovar,Tovar,Ezequiel Tovar,Ezequiel,0,25,Shortstop,SS,SS,477,37,4,40,1,7,.329,.833,5,102,.254,267,COL,115,Colorado Rockies,Rockies,121,911,0,player,1,.057,.225,2026
2026-08-10T21:33:44-04:00,2026,player,hitting,ytd,,,,29,80,279,-.--,.211,.298,206,36,0,3,.143,14,16,5,54,95,4,37,22,4,,67,0.84,2,59,0,.000,0,.065,103,AL,110,31,8,1318,.303,.579,4.018,328,Taylor,Taylor Walls,670764,T Walls,Walls,Taylor Walls,Taylor,1,18,Shortstop,SS,SS,477,23,3,43,8,3,.276,.857,18,84,.256,134,TB,139,Tampa Bay Rays,Rays,77,554,2,player,0,.110,.429,2026
2026-08-10T21:33:44-04:00,2026,player,hitting,ytd,,,,24,6,18,-.--,.222,.308,13,2,0,0,.---,1,1,1,1,4,0,1,2,0,,3,0.50,0,4,0,.000,0,.056,103,AL,6,1,5,73,.300,.578,3.650,20,Brett,Brett Bateman,703520,B Bateman,Bateman,Brett Bateman,Brett,0,0,Outfielder,CF,CF,479,1,0,2,0,0,.278,.---,0,5,.250,7,TOR,141,Toronto Blue Jays,Blue Jays,5,33,0,player,0,.100,.400,2026
2026-08-10T21:33:44-04:00,2026,player,hitting,ytd,,,,28,26,131,131.00,.221,.326,87,12,0,2,.154,6,7,2,17,51,0,10,16,0,,32,1.23,0,29,1,.007,0,.069,103,AL,59,11,7,507,.287,.577,3.545,143,Brenton,Brenton Doyle,686668,B Doyle,Doyle,Brenton Doyle,Brenton,0,2,Outfielder,CF,CF,480,5,1,24,0,0,.290,.846,11,44,.308,80,CWS,145,Chicago White Sox,White Sox,38,265,0,player,0,.084,.273,2026
2026-08-10T21:33:44-04:00,2026,player,hitting,ytd,,,,25,28,95,95.00,.200,.261,70,5,0,1,.333,6,9,4,16,34,4,18,7,4,,23,0.82,0,19,1,.010,0,.137,104,NL,52,8,6,376,.238,.575,3.723,101,Jordan,Jordan Beck,687597,J Beck,Beck,Jordan Beck,Jordan,0,6,Outfielder,LF,LF,481,10,1,8,0,1,.337,.667,2,26,.257,58,COL,115,Colorado Rockies,Rockies,32,202,2,player,0,.050,.192,2026
2026-08-10T21:33:44-04:00,2026,player,hitting,ytd,,,,27,43,155,38.75,.206,.259,116,8,0,0,.000,6,10,7,24,64,5,20,10,5,,41,0.95,2,32,4,.023,0,.116,104,NL,72,14,8,707,.251,.574,4.135,171,Pedro,Pedro Pagés,686780,P Pagés,Pagés,Pedro Pagés,Pedro,1,11,Catcher,C,C,482,11,0,13,4,2,.323,1.000,2,45,.263,99,STL,138,St. Louis Cardinals,Cardinals,50,357,0,player,0,.047,.178,2026
2026-08-10T21:33:44-04:00,2026,player,hitting,ytd,,,,29,11,65,65.00,.185,.256,45,5,0,1,.500,3,5,2,7,19,3,15,3,3,,22,2.00,2,12,1,.014,0,.123,103,AL,41,7,1,288,.264,.572,3.945,73,Roman,Romy Gonzalez,663853,R Gonzalez,Gonzalez,Romy Gonzalez,Romy,0,3,Designated Hitter,DH,DH,483,7,0,7,1,0,.308,.500,1,21,.288,51,BOS,111,Boston Red Sox,Red Sox,20,151,1,player,0,.068,.238,2026
2026-08-10T21:33:44-04:00,2026,player,hitting,ytd,,,,26,76,234,29.25,.175,.212,165,30,0,0,.000,5,13,11,44,83,8,23,9,8,,48,0.63,2,41,8,.030,2,.124,103,AL,98,20,13,1064,.273,.572,3.970,268,Austin,Austin Wells,669224,A Wells,Wells,Austin Wells,Austin,1,19,Catcher,C,C,483,17,0,24,1,1,.299,1.000,2,71,.265,146,NYY,147,New York Yankees,Yankees,70,497,0,player,0,.112,.423,2026
2026-08-10T21:33:44-04:00,2026,player,hitting,ytd,,,,26,48,176,35.20,.199,.254,125,13,0,0,.000,6,11,7,29,59,5,24,5,5,,42,0.88,0,35,5,.026,0,.119,104,NL,74,23,7,768,.253,.571,4.000,192,Adrian,Adrian Del Castillo,680728,A Del Castillo,Del Castillo,Adrian Del Castillo,Adrian,0,12,Designated Hitter,DH,DH,485,24,2,18,2,1,.318,1.000,1,54,.281,107,AZ,109,Arizona Diamondbacks,D-backs,56,368,0,player,0,.068,.241,2026
2026-08-10T21:33:44-04:00,2026,player,hitting,ytd,,,,29,103,310,25.83,.161,.204,198,43,0,1,.333,8,20,20,63,85,5,47,9,5,,45,0.44,3,50,12,.033,0,.142,103,AL,155,21,14,1566,.267,.570,4.362,359,Caleb,Cal Raleigh,663728,C Raleigh,Raleigh,Cal Raleigh,Cal,0,26,Catcher,C,C,486,43,0,26,0,3,.303,.667,2,115,.320,251,SEA,136,Seattle Mariners,Mariners,94,803,0,player,2,.120,.374,2026
2026-08-10T21:33:44-04:00,2026,player,hitting,ytd,,,,27,15,53,-.--,.245,.317,42,3,0,0,.---,2,2,2,7,24,1,5,3,1,,14,0.93,0,13,0,.000,0,.038,103,AL,22,8,1,232,.286,.569,4.070,57,Sebastián,Sebastián Rivero,665861,S Rivero,Rivero,Sebastián Rivero,Sebastián,0,7,Catcher,C,C,487,8,0,5,1,0,.283,.---,0,12,.211,35,LAA,108,Los Angeles Angels,Angels,15,136,0,player,0,.053,.250,2026
2026-08-10T21:33:44-04:00,2026,player,hitting,ytd,,,,27,34,113,37.67,.142,.203,68,25,0,0,.000,6,9,5,23,61,1,15,4,1,,18,0.53,0,16,3,.021,0,.133,103,AL,49,7,3,633,.295,.569,4.521,140,Davis,Davis Schneider,676914,D Schneider,Schneider,Davis Schneider,Davis,0,8,Outfielder,LF,LF,487,12,1,18,1,1,.274,1.000,1,47,.336,78,TOR,141,Toronto Blue Jays,Blue Jays,31,239,0,player,0,.179,.532,2026
2026-08-10T21:33:44-04:00,2026,player,hitting,ytd,,,,22,38,131,-.--,.244,.317,103,5,0,1,.500,3,4,2,17,44,0,22,9,0,,33,0.87,3,32,0,.000,0,.038,104,NL,61,21,13,502,.286,.568,3.535,142,Edwin,Edwin Arroyo,695490,E Arroyo,Arroyo,Edwin Arroyo,Edwin,0,8,Second Base,2B,2B,489,5,3,13,2,1,.282,.500,1,31,.218,73,CIN,113,Cincinnati Reds,Reds,37,288,1,player,0,.035,.161,2026
2026-08-10T21:33:44-04:00,2026,player,hitting,ytd,,,,25,37,114,28.50,.202,.260,79,4,0,1,.500,3,7,5,22,55,3,20,7,3,,19,0.51,1,23,4,.033,0,.132,103,AL,55,10,6,442,.235,.568,3.653,121,Colby,Colby Thomas,687515,C Thomas,Thomas,Colby Thomas,Colby,1,9,Outfielder,RF,RF,489,11,1,11,2,0,.333,.500,1,37,.306,92,ATH,133,Athletics,Athletics,38,268,0,player,0,.033,.108,2026
2026-08-10T21:33:44-04:00,2026,player,hitting,ytd,,,,24,42,114,57.00,.219,.258,94,3,0,0,.000,3,6,6,30,49,1,24,8,1,,27,0.64,2,25,2,.016,0,.096,103,AL,50,10,6,424,.250,.566,3.447,123,Peter,Petey Halpin,690984,P Halpin,Halpin,Petey Halpin,Petey,1,6,Outfielder,CF,CF,491,7,0,15,3,1,.316,1.000,8,24,.195,62,CLE,114,Cleveland Guardians,Guardians,36,250,1,player,0,.024,.125,2026
2026-08-10T21:33:44-04:00,2026,player,hitting,ytd,,,,26,81,234,58.50,.209,.268,173,17,0,0,.---,8,12,8,44,75,6,31,23,6,,43,0.53,3,49,4,.016,0,.085,103,AL,109,18,19,921,.271,.566,3.598,256,Logan,Logan O'Hoppe,681351,L O'Hoppe,O'Hoppe,Logan O'Hoppe,Logan,0,18,Catcher,C,C,491,23,0,20,1,1,.295,.---,0,63,.246,137,LAA,108,Los Angeles Angels,Angels,69,473,0,player,1,.066,.270,2026
2026-08-10T21:33:44-04:00,2026,player,hitting,ytd,,,,29,12,42,42.00,.238,.250,37,0,0,0,.---,1,2,1,5,22,5,7,2,5,,15,1.25,0,10,1,.023,0,.095,103,AL,27,7,2,143,.233,.566,3.326,43,Yohel,Yohel Pozo,650968,Y Pozo,Pozo,Yohel Pozo,Yohel,0,5,Catcher,C,C,491,7,2,1,0,1,.333,.---,0,6,.140,15,BAL,110,Baltimore Orioles,Orioles,14,92,0,player,1,.000,.---,2026
2026-08-10T21:33:44-04:00,2026,player,hitting,ytd,,,,30,2,19,-.--,.158,.600,5,7,0,0,.000,0,0,0,1,15,0,1,3,0,,0,0.00,1,3,0,.000,0,.000,103,AL,15,0,1,110,.407,.565,4.074,27,Stuart,Stuart Fairchild,656413,S Fairchild,Fairchild,Stuart Fairchild,Stuart,0,0,Unknown,X,CF,494,1,0,4,0,0,.158,1.000,2,14,.519,29,SEA,136,Seattle Mariners,Mariners,3,42,0,player,0,.259,.500,2026
2026-08-10T21:33:44-04:00,2026,player,hitting,ytd,,,,29,9,32,32.00,.125,.158,20,5,0,0,.000,2,3,1,2,14,0,3,0,0,,7,0.78,2,4,1,.026,0,.156,103,AL,12,3,5,164,.282,.563,4.205,39,Nathan,Nate Eaton,681987,N Eaton,Eaton,Nate Eaton,Nate,0,2,Outfielder,LF,OF,495,5,0,3,0,0,.281,1.000,2,12,.308,27,BOS,111,Boston Red Sox,Red Sox,9,77,0,player,0,.128,.417,2026
2026-08-10T21:33:44-04:00,2026,player,hitting,ytd,,,,26,29,94,47.00,.181,.217,72,3,0,0,.000,9,11,4,14,28,3,17,5,3,,26,0.90,2,17,2,.020,0,.160,104,NL,46,8,9,352,.222,.562,3.520,100,Alek,Alek Thomas,677950,A Thomas,Thomas,Alek Thomas,Alek,0,6,Outfielder,CF,CF,496,10,0,12,1,0,.340,1.000,4,23,.230,54,AZ,109,Arizona Diamondbacks,D-backs,32,200,0,player,0,.030,.130,2026
2026-08-10T21:33:44-04:00,2026,player,hitting,ytd,,,,34,35,115,28.75,.191,.228,83,5,0,0,.000,5,9,6,25,39,1,11,1,1,,26,0.74,0,22,4,.033,1,.148,104,NL,54,15,9,477,.221,.560,3.910,122,Nicholas,Nick Castellanos,592206,N Castellanos,Castellanos,Nick Castellanos,Nick,0,1,Outfielder,RF,RF,497,20,2,9,0,2,.339,1.000,2,34,.279,91,SD,135,San Diego Padres,Padres,39,272,0,player,0,.041,.147,2026
2026-08-10T21:33:44-04:00,2026,player,hitting,ytd,,,,27,8,23,11.50,.130,.100,12,1,0,0,.---,0,2,2,5,17,0,2,0,0,,1,0.13,0,3,2,.083,0,.261,103,AL,11,1,2,92,.167,.558,3.833,24,Shay,Shay Whitcomb,694376,S Whitcomb,Whitcomb,Shay Whitcomb,Shay,0,1,Unknown,X,3B,498,5,0,2,0,0,.391,.---,0,11,.458,19,HOU,117,Houston Astros,Astros,9,45,0,player,0,.042,.091,2026
2026-08-10T21:33:44-04:00,2026,player,hitting,ytd,,,,32,26,106,21.20,.170,.191,73,4,0,0,.---,5,10,4,12,30,3,10,6,3,,29,1.12,0,18,5,.045,0,.189,104,NL,57,8,8,421,.198,.556,3.793,111,Harrison,Harrison Bader,664056,H Bader,Bader,Harrison Bader,Harrison,0,6,Outfielder,CF,CF,499,14,1,10,0,1,.358,.---,0,34,.306,72,SF,137,San Francisco Giants,Giants,38,224,0,player,0,.036,.118,2026
2026-08-10T21:33:44-04:00,2026,player,hitting,ytd,,,,29,39,116,-.--,.241,.292,97,5,0,2,.222,3,3,0,26,53,4,19,12,4,,30,0.77,3,28,0,.000,0,.026,103,AL,49,16,7,443,.288,.555,3.516,126,Victor,Victor Robles,645302,V Robles,Robles,Victor Robles,Victor,0,6,Outfielder,RF,RF,500,5,1,10,1,1,.267,.778,7,21,.167,53,SEA,136,Seattle Mariners,Mariners,31,240,0,player,1,.040,.238,2026
2026-08-10T21:33:44-04:00,2026,player,hitting,ytd,,,,24,18,76,76.00,.197,.237,60,7,0,0,.---,3,4,3,13,27,3,13,5,3,,27,1.50,2,15,1,.012,0,.079,104,NL,50,7,3,326,.279,.555,3.791,86,Nicholas,Nick Yorke,694377,N Yorke,Yorke,Nick Yorke,Nick,0,2,Third Base,3B,3B,500,6,0,6,0,1,.276,.---,0,17,.198,29,PIT,134,Pittsburgh Pirates,Pirates,21,155,0,player,1,.081,.412,2026
2026-08-10T21:33:44-04:00,2026,player,hitting,ytd,,,,29,34,156,31.20,.173,.272,86,10,0,3,.333,4,11,6,20,92,0,13,7,0,,25,0.74,2,27,5,.030,0,.147,103,AL,79,14,5,685,.232,.553,4.077,168,James,James Outman,681546,J Outman,Outman,James Outman,James,0,9,Outfielder,CF,CF,502,17,0,23,0,0,.321,.667,6,70,.417,145,DET,116,Detroit Tigers,Tigers,50,346,2,player,0,.060,.143,2026
2026-08-10T21:33:44-04:00,2026,player,hitting,ytd,,,,28,18,120,30.00,.167,.254,67,10,0,1,1.000,3,7,3,11,34,2,13,5,2,,29,1.61,5,20,4,.030,0,.125,103,AL,71,12,4,562,.259,.551,4.163,135,Matthew,Matt Wallner,670242,M Wallner,Wallner,Matt Wallner,Matt,0,3,Outfielder,RF,RF,503,10,0,14,0,0,.292,.000,0,53,.393,129,MIN,142,Minnesota Twins,Twins,35,293,0,player,0,.074,.189,2026
2026-08-10T21:33:44-04:00,2026,player,hitting,ytd,,,,24,38,177,177.00,.243,.296,145,7,0,5,.238,3,4,2,21,83,4,27,23,4,,64,1.68,1,43,1,.005,0,.034,103,AL,81,18,11,667,.273,.550,3.529,189,Luisangel,Luisangel Acuña,682668,L Acuña,Acuña,Luisangel Acuña,Luisangel,0,6,Shortstop,SS,SS,504,12,0,20,2,2,.277,.762,16,36,.190,83,CWS,145,Chicago White Sox,White Sox,49,334,0,player,0,.037,.194,2026
2026-08-10T21:33:44-04:00,2026,player,hitting,ytd,,,,27,62,225,37.50,.191,.231,168,18,0,0,.000,5,12,9,33,80,6,26,13,6,,63,1.02,0,43,6,.024,0,.111,103,AL,94,20,17,990,.248,.550,3.992,248,Patrick,Patrick Bailey,672275,P Bailey,Bailey,Patrick Bailey,Patrick,1,12,Catcher,C,C,504,23,1,21,2,3,.302,1.000,2,62,.250,135,CLE,114,Cleveland Guardians,Guardians,68,490,1,player,0,.073,.290,2026
2026-08-10T21:33:44-04:00,2026,player,hitting,ytd,,,,23,19,83,-.--,.253,.309,68,2,0,1,1.000,2,2,2,11,21,2,8,10,2,,28,1.47,0,21,0,.000,0,.024,103,AL,26,9,8,286,.271,.548,3.365,85,Thomas,Tommy White,695720,T White,White,Tommy White,Tommy,0,0,Third Base,3B,3B,506,1,0,8,0,0,.277,.000,0,15,.176,34,ATH,133,Athletics,Athletics,23,160,0,player,0,.024,.133,2026
2026-08-10T21:33:44-04:00,2026,player,hitting,ytd,,,,33,36,165,55.00,.206,.290,110,8,0,0,.000,7,10,4,19,41,6,25,13,6,,40,1.11,1,34,3,.017,0,.097,103,AL,82,17,8,655,.244,.547,3.722,176,Trevor,Trevor Story,596115,T Story,Story,Trevor Story,Trevor,0,9,Shortstop,SS,SS,507,19,4,16,0,2,.303,1.000,4,57,.324,114,BOS,111,Boston Red Sox,Red Sox,50,362,0,player,0,.045,.140,2026
2026-08-10T21:33:44-04:00,2026,player,hitting,ytd,,,,33,8,26,-.--,.231,.316,22,2,0,0,.---,1,1,1,5,14,1,6,0,1,,8,1.00,0,6,0,.000,0,.038,104,NL,12,5,1,128,.276,.545,4.000,32,Patrick,P.J. Higgins,664731,P Higgins,Higgins,P.J. Higgins,P.J.,0,2,Catcher,C,C,508,4,0,1,3,1,.269,.---,0,8,.250,13,CIN,113,Cincinnati Reds,Reds,7,50,0,player,0,.063,.250,2026
2026-08-10T21:33:44-04:00,2026,player,hitting,ytd,,,,27,16,62,62.00,.177,.294,35,6,0,0,.000,4,5,5,9,40,0,5,3,0,,8,0.50,1,11,1,.014,0,.113,104,NL,19,3,2,287,.254,.544,4.042,71,Braxton,Braxton Fulford,690924,B Fulford,Fulford,Braxton Fulford,Braxton,0,5,Catcher,C,DH,509,7,2,12,0,2,.290,1.000,4,29,.408,45,COL,115,Colorado Rockies,Rockies,18,129,0,player,0,.085,.207,2026
2026-08-10T21:33:44-04:00,2026,player,hitting,ytd,,,,25,11,51,17.00,.157,.185,30,1,0,0,.---,1,4,3,7,19,0,4,2,0,,11,1.00,1,8,3,.057,0,.196,103,AL,17,3,1,219,.189,.542,4.132,53,Zachary,Zach Cole,805904,Z Cole,Cole,Zach Cole,Zach,0,3,Outfielder,LF,LF,510,8,0,4,0,0,.353,.---,0,21,.396,41,HOU,117,Houston Astros,Astros,18,95,0,player,1,.019,.048,2026
2026-08-10T21:33:44-04:00,2026,player,hitting,ytd,,,,25,3,6,-.--,.167,.200,5,2,0,0,.---,0,0,0,1,3,0,3,0,0,,1,0.33,0,1,0,.000,0,.000,103,AL,6,1,2,33,.375,.542,4.125,8,Jace,Jace Jung,690291,J Jung,Jung,Jace Jung,Jace,0,0,Designated Hitter,DH,3B,510,0,0,1,0,0,.167,.---,0,1,.125,1,DET,116,Detroit Tigers,Tigers,1,15,0,player,0,.250,2.000,2026
2026-08-10T21:33:44-04:00,2026,player,hitting,ytd,,,,32,60,174,87.00,.207,.241,143,10,0,0,.000,8,10,6,25,47,1,21,13,1,,47,0.78,2,36,2,.011,0,.080,104,NL,77,17,17,681,.254,.541,3.603,189,Lourdes,Lourdes Gurriel Jr.,666971,L Gurriel Jr.,Gurriel,Lourdes Gurriel Jr.,Lourdes,0,18,Outfielder,LF,LF,512,21,1,12,0,3,.287,1.000,1,34,.180,86,AZ,109,Arizona Diamondbacks,D-backs,50,358,0,player,0,.053,.294,2026
2026-08-10T21:33:44-04:00,2026,player,hitting,ytd,,,,28,34,130,65.00,.185,.239,96,14,2,1,1.000,4,6,3,16,50,1,25,5,1,,38,1.12,3,24,2,.013,0,.077,104,NL,73,16,12,585,.277,.539,3.849,152,Andrew,Drew Millas,686452,D Millas,Millas,Drew Millas,Drew,0,6,Catcher,C,C,513,11,2,18,2,1,.262,.000,0,37,.243,57,WSH,120,Washington Nationals,Nationals,34,258,0,player,0,.092,.378,2026
2026-08-10T21:33:44-04:00,2026,player,hitting,ytd,,,,39,25,73,73.00,.192,.255,52,9,0,0,.---,2,3,1,18,37,0,7,6,0,,13,0.52,0,14,1,.012,0,.068,103,AL,31,7,0,356,.277,.537,4.289,83,Andrew,Andrew McCutchen,457705,A McCutchen,McCutchen,Andrew McCutchen,Andrew,0,7,Designated Hitter,DH,DH,514,5,1,8,0,1,.260,.---,0,22,.265,52,TEX,140,Texas Rangers,Rangers,19,160,0,player,0,.108,.409,2026
2026-08-10T21:33:44-04:00,2026,player,hitting,ytd,,,,30,13,30,30.00,.167,.167,26,1,0,0,.---,1,2,2,9,15,0,4,1,0,,8,0.62,2,5,1,.029,0,.133,103,AL,12,2,1,113,.235,.535,3.229,35,Michael,Michael Helman,680737,M Helman,Helman,Michael Helman,Michael,0,3,Outfielder,CF,CF,515,2,0,2,1,1,.300,.---,0,6,.171,14,TEX,140,Texas Rangers,Rangers,9,63,0,player,0,.029,.167,2026
2026-08-10T21:33:44-04:00,2026,player,hitting,ytd,,,,25,36,155,77.50,.194,.255,122,16,0,4,.308,4,6,4,17,61,3,27,12,3,,56,1.56,2,30,2,.011,0,.065,104,NL,61,14,13,683,.276,.534,3.712,184,Victor,Victor Scott II,687363,V Scott II,Scott,Victor Scott II,Victor,0,6,Outfielder,CF,CF,516,9,2,19,10,1,.258,.692,9,44,.239,79,STL,138,St. Louis Cardinals,Cardinals,40,309,0,player,0,.087,.364,2026
2026-08-10T21:33:44-04:00,2026,player,hitting,ytd,,,,25,9,37,-.--,.216,.276,29,1,0,0,.---,3,3,0,2,13,1,7,3,1,,12,1.33,0,8,0,.000,0,.081,103,AL,18,4,3,119,.237,.534,3.132,38,George,George Valera,671655,G Valera,Valera,George Valera,George,1,4,Outfielder,LF,LF,516,6,1,1,0,0,.297,.---,0,8,.211,15,CLE,114,Cleveland Guardians,Guardians,11,68,0,player,0,.026,.125,2026
2026-08-10T21:33:44-04:00,2026,player,hitting,ytd,,,,24,14,48,48.00,.167,.194,37,5,0,0,.---,2,3,1,7,15,3,6,2,3,,15,1.07,1,8,1,.019,0,.104,104,NL,29,5,2,208,.259,.530,3.852,54,LuJames,LuJames Groover,694410,L Groover,Groover,LuJames Groover,LuJames,0,5,First Base,1B,1B,518,4,0,4,0,0,.271,.---,0,11,.204,14,AZ,109,Arizona Diamondbacks,D-backs,13,87,0,player,0,.093,.455,2026
2026-08-10T21:33:44-04:00,2026,player,hitting,ytd,,,,25,34,100,100.00,.190,.243,76,5,0,1,.500,8,9,6,18,41,3,19,4,3,,23,0.68,0,19,1,.009,0,.110,104,NL,52,9,6,442,.229,.529,4.170,106,Graham,Graham Pauley,688363,G Pauley,Pauley,Graham Pauley,Graham,0,10,Third Base,3B,3B,519,12,0,9,1,0,.300,.500,1,25,.236,45,MIA,146,Miami Marlins,Marlins,30,199,0,player,0,.047,.200,2026
2026-08-10T21:33:44-04:00,2026,player,hitting,ytd,,,,28,23,82,27.33,.146,.164,59,7,0,0,.---,4,7,4,14,39,3,9,3,3,,24,1.04,1,12,3,.033,0,.159,104,NL,39,5,1,353,.222,.527,3.879,91,Rodolfo,Rodolfo Durán,660710,R Durán,Durán,Rodolfo Durán,Rodolfo,0,8,Catcher,C,C,520,8,0,8,1,0,.305,.---,0,24,.264,41,SD,135,San Diego Padres,Padres,25,159,0,player,0,.077,.292,2026
2026-08-10T21:33:44-04:00,2026,player,hitting,ytd,,,,26,17,48,-.--,.208,.238,42,7,0,0,.---,1,1,1,10,22,1,7,3,1,,15,0.88,0,10,0,.000,0,.021,103,AL,18,6,4,212,.298,.527,3.719,57,Alan,Alan Roden,702176,A Roden,Roden,Alan Roden,Alan,0,3,Outfielder,RF,RF,520,8,3,5,0,2,.229,.---,0,8,.140,15,MIN,142,Minnesota Twins,Twins,11,97,0,player,1,.123,.875,2026
2026-08-10T21:33:44-04:00,2026,player,hitting,ytd,,,,24,20,76,76.00,.184,.265,50,6,0,2,.667,2,4,2,9,32,2,5,6,2,,16,0.80,0,14,1,.012,0,.092,104,NL,38,6,8,326,.244,.520,3.976,82,Thomas,Thomas Saggese,695336,T Saggese,Saggese,Thomas Saggese,Thomas,0,3,Outfielder,LF,LF,522,4,0,9,0,0,.276,.333,1,26,.317,58,STL,138,St. Louis Cardinals,Cardinals,21,176,1,player,0,.073,.231,2026
2026-08-10T21:33:44-04:00,2026,player,hitting,ytd,,,,27,51,188,62.67,.181,.270,123,15,0,0,.000,6,9,8,31,68,6,31,9,6,,38,0.75,5,34,3,.014,0,.080,103,AL,95,17,12,886,.256,.517,4.102,216,Carlos,Carlos Narváez,665966,C Narváez,Narváez,Carlos Narváez,Carlos,0,8,Catcher,C,C,523,10,3,17,5,3,.261,1.000,1,73,.338,154,BAL,110,Baltimore Orioles,Orioles,49,458,0,player,0,.069,.205,2026
2026-08-10T21:33:44-04:00,2026,player,hitting,ytd,,,,27,10,47,-.--,.213,.345,30,3,0,1,.200,2,2,1,6,34,1,12,7,1,,10,1.00,0,10,0,.000,0,.043,103,AL,25,2,0,177,.260,.515,3.471,51,Bryce,Bryce Teodosio,669326,B Teodosio,Teodosio,Bryce Teodosio,Bryce,0,4,Outfielder,LF,LF,524,2,0,5,1,0,.255,.800,4,18,.353,37,LAA,108,Los Angeles Angels,Angels,12,92,0,player,0,.059,.167,2026
2026-08-10T21:33:44-04:00,2026,player,hitting,ytd,,,,25,4,17,-.--,.235,.333,12,1,0,0,.---,0,0,0,2,7,0,3,3,0,,4,1.00,0,4,0,.000,0,.000,103,AL,8,1,1,72,.278,.513,4.000,18,Cody,Cody Freeman,683227,C Freeman,Freeman,Cody Freeman,Cody,0,1,Outfielder,LF,3B,525,0,0,1,0,0,.235,.---,0,5,.278,8,TEX,140,Texas Rangers,Rangers,4,30,0,player,0,.056,.200,2026
2026-08-10T21:33:44-04:00,2026,player,hitting,ytd,,,,31,26,85,-.--,.188,.235,68,6,0,0,.---,5,6,0,17,32,1,12,7,1,,26,1.00,0,16,0,.000,0,.082,103,AL,46,9,5,352,.239,.510,3.826,92,Juan,J.C. Escarra,641555,J Escarra,Escarra,J.C. Escarra,J.C.,0,4,Catcher,C,C,526,7,2,8,0,1,.271,.---,0,18,.196,45,NYY,147,New York Yankees,Yankees,23,160,1,player,0,.065,.333,2026
2026-08-10T21:33:44-04:00,2026,player,hitting,ytd,,,,29,27,89,89.00,.157,.197,68,10,0,1,.250,6,7,1,14,55,1,18,3,1,,27,1.00,1,14,1,.010,0,.101,104,NL,50,10,4,419,.250,.508,4.149,101,Blake,Blake Perkins,663368,B Perkins,Perkins,Blake Perkins,Blake,0,9,Outfielder,CF,CF,527,11,3,14,1,0,.258,.750,3,22,.218,37,MIL,158,Milwaukee Brewers,Brewers,23,174,0,player,0,.099,.455,2026
2026-08-10T21:33:44-04:00,2026,player,hitting,ytd,,,,24,11,51,-.--,.176,.265,34,4,0,0,.---,4,4,2,3,15,1,4,1,1,,14,1.27,1,9,0,.000,0,.078,103,AL,26,6,2,235,.250,.505,4.196,56,Juan,Juan Brito,682877,J Brito,Brito,Juan Brito,Juan,0,6,Second Base,2B,2B,528,3,0,7,0,0,.255,.---,0,17,.304,37,CLE,114,Cleveland Guardians,Guardians,13,114,0,player,0,.071,.235,2026
2026-08-10T21:33:44-04:00,2026,player,hitting,ytd,,,,30,1,4,-.--,.250,.500,2,0,0,0,.---,0,0,0,1,1,0,0,1,0,,0,0.00,0,1,0,.000,0,.000,103,AL,2,0,0,16,.250,.500,4.000,4,Jonah,Jonah Bride,681146,J Bride,Bride,Jonah Bride,Jonah,0,0,Third Base,3B,3B,529,0,0,0,0,0,.250,.---,0,2,.500,2,TEX,140,Texas Rangers,Rangers,1,6,0,player,0,.000,.---,2026
2026-08-10T21:33:44-04:00,2026,player,hitting,ytd,,,,32,2,4,-.--,.250,.250,4,0,0,0,.000,0,0,1,1,8,0,3,0,0,,1,0.50,0,1,0,.000,0,.000,104,NL,6,0,0,15,.250,.500,3.750,4,Scott,Scott Kingery,664068,S Kingery,Kingery,Scott Kingery,Scott,0,1,Unknown,X,SS,529,0,0,2,0,0,.250,1.000,1,0,.000,1,CHC,112,Chicago Cubs,Cubs,1,8,0,player,0,.000,.---,2026
2026-08-10T21:33:44-04:00,2026,player,hitting,ytd,,,,28,11,41,-.--,.220,.375,25,2,0,1,.250,1,1,2,8,18,0,8,2,0,,5,0.45,0,9,0,.000,0,.024,103,AL,18,5,0,184,.256,.500,4.182,44,Kameron,Kameron Misner,670224,K Misner,Misner,Kameron Misner,Kameron,0,3,Outfielder,CF,CF,529,4,0,2,1,0,.244,.750,3,17,.386,36,KC,118,Kansas City Royals,Royals,10,95,0,player,0,.045,.118,2026
2026-08-10T21:33:44-04:00,2026,player,hitting,ytd,,,,23,50,175,87.50,.194,.234,141,16,0,0,.000,1,3,4,33,63,5,37,17,5,,57,1.14,3,34,2,.010,0,.040,103,AL,92,13,12,768,.266,.500,3.821,201,Edgar,Edgar Quero,700337,E Quero,Quero,Edgar Quero,Edgar,0,5,Catcher,C,C,529,16,0,12,2,5,.234,1.000,1,41,.204,84,CWS,145,Chicago White Sox,White Sox,41,381,0,player,2,.080,.390,2026
2026-08-10T21:33:44-04:00,2026,player,hitting,ytd,,,,23,0,1,-.--,.000,.000,1,1,0,0,.---,0,0,0,0,1,0,1,0,0,,1,1.00,0,0,0,.000,0,.000,104,NL,1,0,0,8,.500,.500,4.000,2,Jeferson,Jeferson Quero,691620,J Quero,Quero,Jeferson Quero,Jeferson,0,0,Catcher,C,C,529,0,0,0,0,0,.000,.---,0,0,.000,1,MIL,158,Milwaukee Brewers,Brewers,0,2,0,player,0,.500,.---,2026
2026-08-10T21:33:44-04:00,2026,player,hitting,ytd,,,,28,1,4,-.--,.250,.250,4,0,0,0,.---,0,0,0,0,4,0,2,0,0,,2,2.00,0,1,0,.000,0,.000,104,NL,2,1,1,14,.250,.500,3.500,4,Benjamin,Ben Rortvedt,666163,B Rortvedt,Rortvedt,Ben Rortvedt,Ben,0,0,Catcher,C,C,529,0,0,0,0,0,.250,.---,0,0,.000,1,LAD,119,Los Angeles Dodgers,Dodgers,1,5,0,player,0,.000,.---,2026
2026-08-10T21:33:44-04:00,2026,player,hitting,ytd,,,,22,3,13,-.--,.154,.182,11,2,0,0,.---,1,1,0,2,5,0,1,1,0,,6,2.00,0,2,0,.000,0,.077,104,NL,6,1,1,49,.267,.498,3.267,15,Héctor,Héctor Rodríguez,699302,H Rodríguez,Rodríguez,Héctor Rodríguez,Héctor,0,0,Outfielder,RF,LF,535,0,0,1,0,0,.231,.---,0,2,.133,5,CIN,113,Cincinnati Reds,Reds,3,20,0,player,0,.133,1.000,2026
2026-08-10T21:33:44-04:00,2026,player,hitting,ytd,,,,30,70,207,69.00,.164,.205,159,20,0,0,.000,6,10,5,37,67,3,28,14,3,,55,0.79,4,34,3,.013,0,.082,104,NL,75,15,15,882,.250,.496,3.722,237,Terry,TJ Friedl,670770,T Friedl,Friedl,TJ Friedl,TJ,0,18,Outfielder,CF,CF,536,11,0,19,5,1,.246,1.000,5,54,.228,96,CIN,113,Cincinnati Reds,Reds,51,378,1,player,0,.084,.370,2026
2026-08-10T21:33:44-04:00,2026,player,hitting,ytd,,,,26,39,113,113.00,.195,.239,90,1,0,0,.---,7,8,4,19,40,2,12,7,2,,29,0.74,1,22,1,.009,0,.088,103,AL,52,11,10,439,.207,.490,3.752,117,Lenyn,Lenyn Sosa,672820,L Sosa,Sosa,Lenyn Sosa,Lenyn,0,10,Second Base,2B,2B,537,9,1,11,1,1,.283,.---,0,25,.214,53,TOR,141,Toronto Blue Jays,Blue Jays,32,244,0,player,0,.009,.040,2026
2026-08-10T21:33:44-04:00,2026,player,hitting,ytd,,,,25,23,84,42.00,.167,.222,56,2,0,0,.---,4,6,2,16,29,2,9,6,2,,19,0.83,2,14,2,.022,0,.119,104,NL,35,6,3,344,.202,.488,3.865,89,Gabriel,Gabriel Rincones Jr.,687282,G Rincones Jr.,Rincones,Gabriel Rincones Jr.,Gabriel,0,4,Outfielder,RF,RF,538,7,1,7,0,1,.286,.---,0,29,.326,60,PHI,143,Philadelphia Phillies,Phillies,24,198,0,player,0,.022,.069,2026
2026-08-10T21:33:44-04:00,2026,player,hitting,ytd,,,,25,8,29,-.--,.241,.292,25,0,0,0,.---,0,0,0,2,12,0,2,6,0,,10,1.25,0,7,0,.000,0,.000,103,AL,8,1,6,97,.241,.482,3.233,30,Rikuu,Rikuu Nishida,807747,R Nishida,Nishida,Rikuu Nishida,Rikuu,0,0,Outfielder,RF,RF,539,2,1,3,1,0,.241,.---,0,5,.167,7,CWS,145,Chicago White Sox,White Sox,7,43,0,player,0,.000,.---,2026
2026-08-10T21:33:44-04:00,2026,player,hitting,ytd,,,,26,2,12,-.--,.167,.333,6,1,0,0,.---,1,1,0,2,7,0,0,1,0,,2,1.00,0,2,0,.000,0,.083,103,AL,6,1,0,53,.231,.481,4.077,13,Collin,Collin Price,805672,C Price,Price,Collin Price,Collin,0,0,Catcher,C,C,540,0,0,1,0,0,.250,.---,0,6,.462,16,HOU,117,Houston Astros,Astros,3,26,0,player,0,.077,.167,2026
2026-08-10T21:33:44-04:00,2026,player,hitting,ytd,,,,33,7,19,19.00,.158,.167,13,0,0,0,.---,0,1,1,5,8,0,1,1,0,,3,0.43,0,3,1,.053,0,.158,104,NL,10,1,2,64,.158,.474,3.368,19,Aramis,Aramis Garcia,605244,A Garcia,Garcia,Aramis Garcia,Aramis,0,0,Catcher,C,C,541,2,0,2,0,0,.316,.---,0,6,.316,12,AZ,109,Arizona Diamondbacks,D-backs,6,34,0,player,0,.000,.---,2026
2026-08-10T21:33:44-04:00,2026,player,hitting,ytd,,,,24,48,143,28.60,.126,.134,103,13,0,0,.000,5,10,7,28,47,4,18,2,4,,37,0.77,2,18,5,.031,0,.140,103,AL,68,9,8,569,.208,.474,3.556,160,Drew,Drew Romo,691011,D Romo,Romo,Drew Romo,Drew,0,12,Catcher,C,C,541,11,2,12,1,1,.266,1.000,1,42,.263,91,CWS,145,Chicago White Sox,White Sox,38,290,0,player,0,.081,.310,2026
2026-08-10T21:33:44-04:00,2026,player,hitting,ytd,,,,26,2,8,-.--,.125,.200,5,1,0,0,.000,1,1,0,1,5,0,1,0,0,,2,1.00,0,1,0,.000,0,.125,103,AL,1,1,0,42,.222,.472,4.667,9,Christian,Christian Franklin,681047,C Franklin,Franklin,Christian Franklin,Christian,0,1,Outfielder,CF,LF,543,0,0,1,0,0,.250,1.000,1,3,.333,8,BAL,110,Baltimore Orioles,Orioles,2,19,0,player,0,.111,.333,2026
2026-08-10T21:33:44-04:00,2026,player,hitting,ytd,,,,35,32,122,122.00,.180,.214,106,5,0,0,.000,2,4,6,16,54,6,27,5,6,,52,1.63,3,22,1,.007,0,.057,103,AL,50,11,8,485,.231,.469,3.540,137,Tyler,Tyler Heineman,623168,T Heineman,Heineman,Tyler Heineman,Tyler,0,8,Catcher,C,C,544,8,0,9,7,0,.238,1.000,1,23,.168,51,LAA,108,Los Angeles Angels,Angels,29,259,1,player,0,.036,.217,2026
2026-08-10T21:33:44-04:00,2026,player,hitting,ytd,,,,27,12,45,-.--,.200,.333,27,0,0,1,.167,1,2,1,6,66,0,7,5,0,,6,0.50,0,9,0,.000,0,.067,104,NL,17,3,1,149,.200,.467,3.311,45,William,Billy Cook,695257,B Cook,Cook,Billy Cook,Billy,0,5,Outfielder,CF,CF,545,2,0,11,0,0,.267,.833,5,18,.400,34,PIT,134,Pittsburgh Pirates,Pirates,12,90,1,player,0,.000,.---,2026
2026-08-10T21:33:44-04:00,2026,player,hitting,ytd,,,,23,13,36,36.00,.167,.227,23,1,0,0,.---,1,2,1,4,12,0,1,3,0,,4,0.31,0,6,1,.027,0,.111,103,AL,5,2,5,169,.189,.467,4.568,37,Sean,Sean Keys,815873,S Keys,Keys,Sean Keys,Sean,0,4,First Base,1B,DH,545,5,0,5,0,0,.278,.---,0,13,.351,28,TOR,141,Toronto Blue Jays,Blue Jays,10,83,0,player,0,.027,.077,2026
2026-08-10T21:33:44-04:00,2026,player,hitting,ytd,,,,29,3,15,15.00,.133,.100,13,0,0,0,.---,0,1,1,1,7,0,3,0,0,,8,2.67,0,2,1,.059,0,.200,104,NL,11,1,1,54,.133,.466,3.176,17,Hayden,Hayden Senger,663584,H Senger,Senger,Hayden Senger,Hayden,0,1,Catcher,C,C,547,2,0,2,2,0,.333,.---,0,4,.235,11,NYM,121,New York Mets,Mets,5,34,0,player,0,.000,.---,2026
2026-08-10T21:33:44-04:00,2026,player,hitting,ytd,,,,35,37,114,28.50,.140,.158,81,8,0,0,.---,1,5,3,21,53,2,10,4,2,,28,0.76,3,16,4,.031,1,.114,103,AL,58,9,5,519,.211,.465,4.023,129,Robert,Rob Refsnyder,608701,R Refsnyder,Refsnyder,Rob Refsnyder,Rob,0,11,Designated Hitter,DH,DH,548,11,0,9,1,3,.254,.---,0,37,.287,67,SEA,136,Seattle Mariners,Mariners,29,230,0,player,0,.062,.216,2026
2026-08-10T21:33:44-04:00,2026,player,hitting,ytd,,,,30,8,45,-.--,.178,.296,28,3,0,1,.167,2,2,4,4,32,1,3,3,1,,12,1.50,0,8,0,.000,0,.044,104,NL,17,1,0,188,.229,.451,3.837,49,Bryce,Bryce Johnson,669369,B Johnson,Johnson,Bryce Johnson,Bryce,0,4,Unknown,X,RF,549,2,0,5,1,0,.222,.833,5,18,.367,30,SD,135,San Diego Padres,Padres,10,90,0,player,0,.061,.167,2026
2026-08-10T21:33:44-04:00,2026,player,hitting,ytd,,,,31,9,29,-.--,.172,.250,21,2,0,0,.---,0,0,1,4,11,0,4,2,0,,7,0.78,2,5,0,.000,0,.000,103,AL,10,2,3,110,.273,.445,3.235,34,Reese,Reese McGuire,624512,R McGuire,McGuire,Reese McGuire,Reese,0,2,Catcher,C,C,550,3,0,1,1,0,.172,.---,0,9,.265,12,CWS,145,Chicago White Sox,White Sox,5,54,0,player,0,.059,.222,2026
2026-08-10T21:33:44-04:00,2026,player,hitting,ytd,,,,26,10,27,-.--,.185,.200,25,0,0,0,.---,2,2,1,6,12,0,6,1,0,,10,1.00,0,5,0,.000,0,.074,104,NL,12,3,3,90,.185,.444,3.333,27,Eliezer,Eliezer Alfonzo,672613,E Alfonzo,Alfonzo,Eliezer Alfonzo,Eliezer,0,1,Catcher,C,C,551,4,0,3,0,0,.259,.---,0,2,.074,6,LAD,119,Los Angeles Dodgers,Dodgers,7,48,0,player,0,.000,.---,2026
2026-08-10T21:33:44-04:00,2026,player,hitting,ytd,,,,31,4,7,-.--,.143,.125,8,1,0,0,.---,0,0,0,2,4,0,3,1,0,,3,0.75,1,1,0,.000,0,.000,104,NL,6,0,2,23,.300,.443,2.300,10,Nicholas,Nick Solak,669256,N Solak,Solak,Nick Solak,Nick,0,0,Designated Hitter,DH,1B,552,1,0,0,0,1,.143,.---,0,0,.000,0,SD,135,San Diego Padres,Padres,1,11,0,player,0,.100,.---,2026
2026-08-10T21:33:44-04:00,2026,player,hitting,ytd,,,,31,23,50,-.--,.140,.212,34,8,0,0,.---,2,2,2,14,29,0,9,3,0,,4,0.17,1,7,0,.000,0,.040,104,NL,21,2,3,272,.262,.442,4.387,62,Zachary,Zack Short,670097,Z Short,Short,Zack Short,Zack,0,6,Second Base,2B,SS,553,2,0,4,1,2,.180,.---,0,19,.306,38,NYM,121,New York Mets,Mets,9,121,0,player,0,.129,.421,2026
2026-08-10T21:33:44-04:00,2026,player,hitting,ytd,,,,25,11,50,50.00,.180,.258,32,0,0,0,.---,1,2,0,6,17,1,11,5,1,,12,1.09,0,9,1,.020,0,.080,104,NL,28,4,3,172,.180,.440,3.440,50,Ronny,Ronny Mauricio,677595,R Mauricio,Mauricio,Ronny Mauricio,Ronny,0,2,Shortstop,SS,SS,554,2,0,4,0,0,.260,.---,0,18,.360,35,NYM,121,New York Mets,Mets,13,109,0,player,1,.000,.---,2026
2026-08-10T21:33:44-04:00,2026,player,hitting,ytd,,,,24,5,20,-.--,.200,.308,13,1,0,0,.---,0,0,0,1,9,1,4,3,1,,4,0.80,0,4,0,.000,0,.000,104,NL,10,1,0,72,.238,.438,3.429,21,Luis,Luis Matos,682641,L Matos,Matos,Luis Matos,Luis,0,4,Outfielder,RF,RF,555,0,0,1,0,0,.200,.---,0,7,.333,14,MIL,158,Milwaukee Brewers,Brewers,4,43,0,player,0,.048,.143,2026
2026-08-10T21:33:44-04:00,2026,player,hitting,ytd,,,,26,33,84,42.00,.143,.164,63,6,0,0,.---,2,4,3,18,28,2,10,4,2,,18,0.55,0,12,2,.022,0,.095,103,AL,41,5,8,389,.200,.438,4.322,90,Noah,Bo Naylor,666310,B Naylor,Naylor,Bo Naylor,Bo,0,7,Catcher,C,C,555,7,0,4,0,0,.238,.---,0,21,.233,26,CLE,114,Cleveland Guardians,Guardians,20,176,0,player,0,.067,.286,2026
2026-08-10T21:33:44-04:00,2026,player,hitting,ytd,,,,30,4,14,-.--,.143,.182,11,2,0,0,.---,0,0,0,1,8,1,3,1,1,,5,1.25,1,2,0,.000,0,.000,103,AL,7,1,1,53,.294,.437,3.118,17,Daniel,Daniel Johnson,669288,D Johnson,Johnson,Daniel Johnson,Daniel,0,2,Outfielder,CF,CF,557,0,0,1,0,0,.143,.---,0,3,.176,5,HOU,117,Houston Astros,Astros,2,23,0,player,0,.118,.667,2026
2026-08-10T21:33:44-04:00,2026,player,hitting,ytd,,,,32,40,120,60.00,.142,.174,89,9,0,0,.---,5,7,2,19,33,2,18,5,2,,32,0.80,0,17,2,.015,0,.092,104,NL,62,10,12,513,.202,.435,3.946,130,Jorge,Jorge Polanco,593871,J Polanco,Polanco,Jorge Polanco,Jorge,0,9,Designated Hitter,DH,DH,558,5,1,7,1,0,.233,.---,0,32,.246,52,NYM,121,New York Mets,Mets,28,226,0,player,0,.069,.281,2026
2026-08-10T21:33:44-04:00,2026,player,hitting,ytd,,,,28,35,105,-.--,.133,.203,71,16,0,0,.000,2,3,1,21,41,1,14,4,1,,22,0.63,3,14,0,.000,0,.038,103,AL,47,9,6,558,.264,.435,4.394,127,Leonardo,Leo Rivas,660844,L Rivas,Rivas,Leo Rivas,Leo,0,8,Third Base,3B,3B,558,7,0,9,2,1,.171,1.000,2,37,.291,48,SEA,136,Seattle Mariners,Mariners,18,196,1,player,0,.126,.432,2026
2026-08-10T21:33:44-04:00,2026,player,hitting,ytd,,,,30,7,26,-.--,.192,.294,18,2,0,0,.---,0,0,0,5,13,0,3,3,0,,6,0.86,0,5,0,.000,0,.000,103,AL,5,2,2,107,.241,.433,3.567,30,Miles,Miles Mastrobuoni,670156,M Mastrobuoni,Mastrobuoni,Miles Mastrobuoni,Miles,0,0,Third Base,3B,3B,560,1,0,3,1,1,.192,.---,0,10,.333,9,SEA,136,Seattle Mariners,Mariners,5,43,0,player,0,.067,.200,2026
2026-08-10T21:33:44-04:00,2026,player,hitting,ytd,,,,23,6,37,-.--,.162,.273,22,3,0,1,1.000,1,1,0,4,14,0,8,3,0,,10,1.67,1,6,0,.000,0,.027,103,AL,17,3,2,157,.244,.433,3.829,41,Lucas,Lucas Spence,828599,L Spence,Spence,Lucas Spence,Lucas,0,0,Outfielder,CF,CF,560,3,0,4,0,0,.189,.000,0,15,.366,30,HOU,117,Houston Astros,Astros,7,77,0,player,0,.073,.200,2026
2026-08-10T21:33:44-04:00,2026,player,hitting,ytd,,,,25,11,33,33.00,.091,.095,25,7,0,0,.000,0,1,1,4,21,0,9,1,0,,11,1.00,0,3,1,.023,0,.091,104,NL,21,1,4,182,.250,.432,4.233,43,Grant,Grant McCray,687529,G McCray,McCray,Grant McCray,Grant,0,3,Outfielder,CF,CF,562,2,0,6,3,0,.182,1.000,4,11,.256,23,SF,137,San Francisco Giants,Giants,6,67,0,player,0,.163,.636,2026
2026-08-10T21:33:44-04:00,2026,player,hitting,ytd,,,,34,5,20,-.--,.150,.176,17,3,0,0,.---,0,0,0,3,9,3,5,0,3,,9,1.80,1,3,0,.000,0,.000,103,AL,9,3,0,76,.280,.430,3.040,25,Joey,Joey Meneses,608841,J Meneses,Meneses,Joey Meneses,Joey,0,2,First Base,1B,1B,563,2,0,1,0,1,.150,.---,0,4,.160,8,ATH,133,Athletics,Athletics,3,34,0,player,0,.120,.750,2026
2026-08-10T21:33:44-04:00,2026,player,hitting,ytd,,,,29,64,165,41.25,.139,.151,130,9,0,0,.000,2,7,4,34,64,5,28,4,5,,43,0.67,2,23,4,.023,0,.097,104,NL,78,15,23,598,.193,.429,3.398,176,Ke'Bryan,Ke'Bryan Hayes,663647,K Hayes,Hayes,Ke'Bryan Hayes,Ke'Bryan,0,7,Third Base,3B,3B,564,7,3,14,0,0,.236,1.000,1,35,.199,59,CIN,113,Cincinnati Reds,Reds,39,258,1,player,0,.051,.257,2026
2026-08-10T21:33:44-04:00,2026,player,hitting,ytd,,,,30,28,78,78.00,.141,.167,61,10,0,0,.000,1,2,2,17,28,1,10,5,1,,22,0.79,0,11,1,.011,0,.051,104,NL,50,4,7,359,.236,.428,4.034,89,Pavin,Pavin Smith,656976,P Smith,Smith,Pavin Smith,Pavin,0,4,First Base,1B,1B,565,6,0,5,0,1,.192,1.000,1,18,.202,27,AZ,109,Arizona Diamondbacks,D-backs,15,156,0,player,0,.112,.556,2026
2026-08-10T21:33:44-04:00,2026,player,hitting,ytd,,,,23,4,20,-.--,.200,.400,10,1,0,1,1.000,0,0,0,2,6,0,1,1,0,,2,0.50,0,4,0,.000,0,.000,103,AL,16,3,1,93,.227,.427,4.227,22,Christian,Christian Moore,695681,C Moore,Moore,Christian Moore,Christian,0,1,Outfielder,LF,2B,566,1,0,0,0,1,.200,.000,0,11,.500,22,LAA,108,Los Angeles Angels,Angels,4,56,0,player,0,.045,.091,2026
2026-08-10T21:33:44-04:00,2026,player,hitting,ytd,,,,27,16,68,-.--,.162,.275,40,4,0,0,.000,3,3,1,9,22,0,9,2,0,,13,0.81,1,11,0,.000,0,.044,104,NL,40,8,2,257,.219,.425,3.521,73,Christopher,Christopher Morel,666624,C Morel,Morel,Christopher Morel,Christopher,0,5,First Base,1B,1B,567,1,0,3,0,0,.206,1.000,1,28,.384,47,MIA,146,Miami Marlins,Marlins,14,134,0,player,0,.055,.143,2026
2026-08-10T21:33:44-04:00,2026,player,hitting,ytd,,,,32,4,18,-.--,.111,.200,10,1,0,0,.---,2,2,1,3,7,1,3,0,1,,4,1.00,1,2,0,.000,0,.111,103,AL,6,1,1,83,.200,.422,4.150,20,Jeimer,Jeimer Candelario,600869,J Candelario,Candelario,Jeimer Candelario,Jeimer,0,0,Unknown,X,3B,568,0,0,3,0,0,.222,.---,0,8,.400,23,LAA,108,Los Angeles Angels,Angels,4,46,0,player,0,.050,.125,2026
2026-08-10T21:33:44-04:00,2026,player,hitting,ytd,,,,25,12,38,38.00,.158,.179,29,0,0,0,.---,1,2,1,4,12,1,4,2,1,,11,0.92,0,6,1,.026,0,.105,104,NL,14,3,7,118,.158,.421,3.105,38,Felix,Felix Reyes,694025,F Reyes,Reyes,Felix Reyes,Felix,0,1,Outfielder,LF,LF,569,2,0,2,0,0,.263,.---,0,9,.237,19,PHI,143,Philadelphia Phillies,Phillies,10,69,0,player,0,.000,.---,2026
2026-08-10T21:33:44-04:00,2026,player,hitting,ytd,,,,26,7,53,-.--,.170,.310,32,4,0,0,.000,1,1,0,2,22,1,7,8,1,,16,2.29,0,9,0,.000,0,.019,103,AL,23,1,3,242,.228,.417,4.033,60,Denzel,Denzel Clarke,672016,D Clarke,Clarke,Denzel Clarke,Denzel,0,2,Outfielder,CF,CF,570,6,0,4,3,0,.189,1.000,2,24,.400,37,ATH,133,Athletics,Athletics,10,102,0,player,0,.067,.167,2026
2026-08-10T21:33:44-04:00,2026,player,hitting,ytd,,,,25,18,73,73.00,.151,.238,43,2,0,0,.000,2,3,3,11,48,0,12,4,0,,14,0.78,2,11,1,.013,0,.068,104,NL,44,4,6,259,.195,.414,3.364,77,Jase,Jase Bowen,687749,J Bowen,Bowen,Jase Bowen,Jase,0,1,Outfielder,LF,RF,571,6,0,11,0,0,.219,1.000,4,30,.390,49,SD,135,San Diego Padres,Padres,16,127,0,player,0,.026,.067,2026
2026-08-10T21:33:44-04:00,2026,player,hitting,ytd,,,,28,10,34,-.--,.176,.231,26,1,0,0,.---,1,1,1,5,17,1,3,3,1,,10,1.00,0,6,0,.000,0,.029,104,NL,10,2,4,159,.200,.406,4.543,35,Jerar,Jerar Encarnacion,666464,J Encarnacion,Encarnacion,Jerar Encarnacion,Jerar,0,1,Outfielder,RF,RF,572,0,0,1,0,0,.206,.---,0,8,.229,16,SF,137,San Francisco Giants,Giants,7,83,0,player,0,.029,.125,2026
2026-08-10T21:33:44-04:00,2026,player,hitting,ytd,,,,31,6,18,-.--,.111,.182,13,1,0,0,.---,1,1,0,1,10,0,5,1,0,,5,0.83,2,2,0,.000,0,.056,104,NL,7,1,2,81,.238,.405,3.522,23,Brian,Brian Navarreto,640459,B Navarreto,Navarreto,Brian Navarreto,Brian,0,3,Catcher,C,C,573,0,0,3,2,0,.167,.---,0,7,.304,13,MIA,146,Miami Marlins,Marlins,3,39,0,player,0,.043,.143,2026
2026-08-10T21:33:44-04:00,2026,player,hitting,ytd,,,,34,13,41,41.00,.122,.182,23,3,0,0,.---,1,2,1,8,15,0,5,2,0,,5,0.38,0,5,1,.023,1,.098,103,AL,22,2,1,162,.182,.402,3.682,44,Patrick,Patrick Wisdom,621550,P Wisdom,Wisdom,Patrick Wisdom,Patrick,0,4,Third Base,3B,3B,574,4,0,3,0,0,.220,.---,0,18,.409,37,SEA,136,Seattle Mariners,Mariners,9,93,0,player,0,.068,.167,2026
2026-08-10T21:33:44-04:00,2026,player,hitting,ytd,,,,29,1,5,-.--,.200,.500,2,0,0,0,.---,0,0,0,1,3,0,0,0,0,,0,0.00,0,1,0,.000,0,.000,104,NL,2,1,0,24,.200,.400,4.800,5,Luken,Luken Baker,663609,L Baker,Baker,Luken Baker,Luken,0,0,First Base,1B,1B,575,0,0,0,0,0,.200,.---,0,3,.600,4,AZ,109,Arizona Diamondbacks,D-backs,1,8,0,player,0,.000,.---,2026
2026-08-10T21:33:44-04:00,2026,player,hitting,ytd,,,,23,1,5,-.--,.200,.250,4,0,0,0,.---,0,0,0,1,5,0,1,1,0,,2,2.00,0,1,0,.000,0,.000,104,NL,4,0,0,12,.200,.400,2.400,5,James,James Triantos,701649,J Triantos,Triantos,James Triantos,James,0,0,Second Base,2B,2B,575,0,0,1,0,0,.200,.---,0,1,.200,2,CHC,112,Chicago Cubs,Cubs,1,7,0,player,0,.000,.---,2026
2026-08-10T21:33:44-04:00,2026,player,hitting,ytd,,,,26,2,12,-.--,.167,.400,5,1,0,0,.---,0,0,0,0,6,1,1,2,1,,1,0.50,0,2,0,.000,0,.000,103,AL,4,0,1,50,.231,.398,3.846,13,Jonathan,Jonathan Ornelas,680716,J Ornelas,Ornelas,Jonathan Ornelas,Jonathan,0,1,Second Base,2B,SS,577,0,0,0,0,0,.167,.---,0,7,.538,11,ATH,133,Athletics,Athletics,2,31,0,player,0,.077,.143,2026
2026-08-10T21:33:44-04:00,2026,player,hitting,ytd,,,,23,11,47,-.--,.170,.258,31,1,0,0,.---,1,1,0,5,19,1,7,4,1,,12,1.09,1,8,0,.000,0,.021,104,NL,28,4,3,175,.204,.395,3.571,49,Jhostynxon,Jhostynxon Garcia,691373,J Garcia,Garcia,Jhostynxon Garcia,Jhostynxon,0,3,Outfielder,CF,RF,578,2,0,2,0,0,.191,.---,0,16,.327,37,PIT,134,Pittsburgh Pirates,Pirates,9,108,0,player,0,.020,.063,2026
2026-08-10T21:33:44-04:00,2026,player,hitting,ytd,,,,32,11,44,-.--,.159,.250,28,2,0,0,.000,1,1,0,6,36,1,4,5,1,,10,0.91,1,7,0,.000,0,.023,103,AL,23,2,1,167,.213,.395,3.553,47,Samuel,Sam Haggerty,664059,S Haggerty,Haggerty,Sam Haggerty,Sam,0,4,Outfielder,LF,LF,578,1,0,3,0,0,.182,1.000,2,16,.340,27,TEX,140,Texas Rangers,Rangers,8,86,0,player,0,.043,.125,2026
2026-08-10T21:33:44-04:00,2026,player,hitting,ytd,,,,28,21,58,-.--,.155,.205,44,2,0,0,.000,1,1,0,11,27,1,11,6,1,,14,0.67,1,9,0,.000,0,.017,104,NL,27,3,4,203,.197,.369,3.328,61,Christian,Christian Koss,683766,C Koss,Koss,Christian Koss,Christian,0,6,Third Base,3B,3B,580,1,0,4,0,0,.172,1.000,1,14,.230,31,SF,137,San Francisco Giants,Giants,10,109,0,player,0,.033,.143,2026
2026-08-10T21:33:44-04:00,2026,player,hitting,ytd,,,,25,7,35,-.--,.114,.235,17,1,0,0,.---,3,3,0,4,13,0,4,1,0,,6,0.86,1,4,0,.000,0,.086,104,NL,22,3,1,155,.158,.358,4.079,38,Rece,Rece Hinds,677956,R Hinds,Hinds,Rece Hinds,Rece,0,2,Designated Hitter,DH,RF,581,5,0,2,0,1,.200,.---,0,19,.500,40,MIA,146,Miami Marlins,Marlins,7,87,0,player,0,.026,.053,2026
2026-08-10T21:33:44-04:00,2026,player,hitting,ytd,,,,31,15,49,-.--,.163,.216,38,0,0,0,.---,1,1,1,8,21,3,8,3,3,,15,1.00,0,8,0,.000,0,.020,103,AL,28,4,4,182,.160,.344,3.569,51,Chadwick,Chadwick Tromp,644433,C Tromp,Tromp,Chadwick Tromp,Chadwick,0,3,Catcher,C,C,582,4,0,2,1,1,.184,.---,0,13,.255,25,BAL,110,Baltimore Orioles,Orioles,9,100,0,player,1,.000,.---,2026
2026-08-10T21:33:44-04:00,2026,player,hitting,ytd,,,,28,1,6,-.--,.000,.000,4,1,0,0,.---,0,0,0,1,6,1,1,0,1,,3,3.00,2,0,0,.000,0,.000,103,AL,5,0,0,38,.333,.333,4.222,9,Brett,Brett Harris,695391,B Harris,Harris,Brett Harris,Brett,0,0,First Base,1B,3B,583,0,0,0,0,0,.000,.---,0,2,.222,4,BOS,111,Boston Red Sox,Red Sox,0,16,0,player,0,.111,.500,2026
2026-08-10T21:33:44-04:00,2026,player,hitting,ytd,,,,35,26,73,73.00,.123,.157,53,4,0,0,.---,0,1,1,13,30,0,10,2,0,,18,0.69,0,9,1,.013,0,.041,103,AL,47,6,7,287,.169,.333,3.679,78,Robert,Austin Wynns,642851,A Wynns,Wynns,Austin Wynns,Austin,0,6,Catcher,C,C,583,1,1,4,1,0,.164,.---,0,21,.269,42,TEX,140,Texas Rangers,Rangers,12,162,0,player,0,.051,.190,2026
2026-08-10T21:33:44-04:00,2026,player,hitting,ytd,,,,28,6,33,-.--,.121,.286,14,1,0,0,.---,2,2,0,4,14,0,4,2,0,,4,0.67,0,4,0,.000,0,.061,103,AL,22,2,1,124,.147,.329,3.647,34,Samuel,Sam Huff,669087,S Huff,Huff,Sam Huff,Sam,0,1,Catcher,C,C,585,1,0,1,0,0,.182,.---,0,19,.559,35,BAL,110,Baltimore Orioles,Orioles,6,74,0,player,0,.029,.053,2026
2026-08-10T21:33:44-04:00,2026,player,hitting,ytd,,,,26,3,8,-.--,.125,.167,6,1,0,0,.---,0,0,0,2,3,0,1,0,0,,2,0.67,0,1,0,.000,0,.000,103,AL,1,1,1,45,.200,.325,4.500,10,Ryan,Ryan Bliss,669208,R Bliss,Bliss,Ryan Bliss,Ryan,0,0,Second Base,2B,2B,586,1,0,0,0,1,.125,.---,0,3,.300,8,SEA,136,Seattle Mariners,Mariners,1,22,0,player,0,.100,.333,2026
2026-08-10T21:33:44-04:00,2026,player,hitting,ytd,,,,27,45,88,44.00,.102,.097,74,2,0,0,.---,0,2,2,17,32,2,8,4,2,,20,0.44,2,9,2,.022,0,.068,104,NL,51,3,12,362,.141,.311,3.935,92,Rafael,Rafael Marchán,665561,R Marchán,Marchán,Rafael Marchán,Rafael,0,16,Catcher,C,C,587,6,2,5,0,0,.170,.---,0,14,.152,30,PHI,143,Philadelphia Phillies,Phillies,15,180,0,player,0,.022,.143,2026
2026-08-10T21:33:44-04:00,2026,player,hitting,ytd,,,,33,13,40,-.--,.125,.161,31,1,0,0,.---,0,0,1,7,25,0,3,1,0,,13,1.00,2,5,0,.000,0,.000,104,NL,16,3,3,158,.182,.307,3.591,44,Garrett,Garrett Stubbs,596117,G Stubbs,Stubbs,Garrett Stubbs,Garrett,0,3,Catcher,C,C,588,2,0,7,0,1,.125,.---,0,10,.227,18,PHI,143,Philadelphia Phillies,Phillies,5,84,0,player,0,.023,.100,2026
2026-08-10T21:33:44-04:00,2026,player,hitting,ytd,,,,26,9,22,-.--,.045,.063,16,5,0,0,.---,1,1,1,6,9,1,2,0,1,,6,0.67,0,1,0,.000,0,.045,103,AL,17,0,3,119,.214,.305,4.250,28,Addison,Addison Barger,680718,A Barger,Barger,Addison Barger,Addison,0,0,Outfielder,RF,RF,589,2,0,2,0,1,.091,.---,0,7,.250,12,TOR,141,Toronto Blue Jays,Blue Jays,2,52,0,player,0,.179,.714,2026
2026-08-10T21:33:44-04:00,2026,player,hitting,ytd,,,,24,1,21,-.--,.095,.222,9,3,0,0,.---,0,0,0,1,7,0,0,1,0,,6,6.00,0,2,0,.000,0,.000,103,AL,11,1,0,105,.208,.303,4.375,24,John,Cooper Ingle,694876,C Ingle,Ingle,Cooper Ingle,Cooper,0,0,Outfielder,LF,C,590,2,0,1,0,0,.095,.---,0,12,.500,10,CLE,114,Cleveland Guardians,Guardians,2,46,0,player,0,.125,.250,2026
2026-08-10T21:33:44-04:00,2026,player,hitting,ytd,,,,27,4,12,-.--,.083,.167,6,2,0,0,.000,0,0,1,3,12,0,1,0,0,,1,0.25,0,1,0,.000,0,.000,104,NL,6,0,0,58,.214,.297,4.143,14,Vincent,Ivan Johnson,671155,I Johnson,Johnson,Ivan Johnson,Ivan,0,1,Unknown,X,2B,591,0,0,0,0,0,.083,1.000,2,6,.429,14,CIN,113,Cincinnati Reds,Reds,1,26,0,player,0,.143,.333,2026
2026-08-10T21:33:44-04:00,2026,player,hitting,ytd,,,,27,2,7,-.--,.143,.333,3,0,0,0,.---,0,0,0,1,6,0,0,0,0,,0,0.00,0,1,0,.000,0,.000,104,NL,1,1,1,23,.143,.286,3.286,7,Steward,Steward Berroa,672642,S Berroa,Berroa,Steward Berroa,Steward,0,0,Outfielder,CF,RF,592,1,0,0,0,0,.143,.---,0,4,.571,1,PHI,143,Philadelphia Phillies,Phillies,1,12,0,player,0,.000,.---,2026
2026-08-10T21:33:44-04:00,2026,player,hitting,ytd,,,,30,3,7,-.--,.143,.167,6,0,0,0,.000,0,0,0,2,7,1,2,1,1,,2,0.67,0,1,0,.000,0,.000,104,NL,3,0,1,27,.143,.286,3.857,7,Jared,Jared Oliva,666931,J Oliva,Oliva,Jared Oliva,Jared,0,0,Outfielder,CF,CF,592,0,0,1,0,0,.143,1.000,1,1,.143,3,SF,137,San Francisco Giants,Giants,1,13,0,player,0,.000,.---,2026
2026-08-10T21:33:44-04:00,2026,player,hitting,ytd,,,,25,3,7,-.--,.143,.250,4,0,0,0,.---,0,0,0,2,6,0,1,0,0,,0,0.00,0,1,0,.000,0,.000,104,NL,4,1,1,25,.143,.286,3.571,7,Ryan,Ryan Ritter,690022,R Ritter,Ritter,Ryan Ritter,Ryan,0,0,Second Base,2B,2B,592,0,0,1,0,0,.143,.---,0,3,.429,6,COL,115,Colorado Rockies,Rockies,1,18,0,player,0,.000,.---,2026
2026-08-10T21:33:44-04:00,2026,player,hitting,ytd,,,,30,7,18,-.--,.056,.067,15,3,0,0,.---,0,0,0,3,9,0,2,1,0,,7,1.00,1,1,0,.000,0,.000,103,AL,6,0,4,95,.227,.283,4.318,22,César,César Salazar,663967,C Salazar,Salazar,César Salazar,César,0,0,Catcher,C,C,595,1,0,0,0,0,.056,.---,0,3,.136,6,HOU,117,Houston Astros,Astros,1,42,0,player,0,.136,1.000,2026
2026-08-10T21:33:44-04:00,2026,player,hitting,ytd,,,,31,3,25,-.--,.120,.231,13,0,0,0,.---,1,1,0,3,7,1,3,1,1,,7,2.33,0,3,0,.000,0,.040,104,NL,12,2,0,78,.120,.280,3.120,25,Sean,Sean Murphy,669221,S Murphy,Murphy,Sean Murphy,Sean,0,0,Catcher,C,C,596,0,0,1,0,0,.160,.---,0,12,.480,19,ATL,144,Atlanta Braves,Braves,4,45,0,player,0,.000,.---,2026
2026-08-10T21:33:44-04:00,2026,player,hitting,ytd,,,,40,10,24,-.--,.083,.125,16,2,0,0,.---,1,1,1,4,8,0,4,0,0,,4,0.40,0,2,0,.000,0,.042,104,NL,10,1,2,106,.154,.279,4.077,26,Carlos,Carlos Santana,467793,C Santana,Santana,Carlos Santana,Carlos,0,4,First Base,1B,1B,597,0,0,1,0,0,.125,.---,0,8,.308,16,AZ,109,Arizona Diamondbacks,D-backs,3,54,0,player,0,.077,.250,2026
2026-08-10T21:33:44-04:00,2026,player,hitting,ytd,,,,23,14,33,-.--,.091,.136,23,2,0,0,.---,1,1,0,6,14,1,7,2,1,,6,0.43,0,3,0,.000,0,.030,103,AL,20,1,2,130,.143,.264,3.611,36,Carson,Carson Williams,700246,C Williams,Williams,Carson Williams,Carson,0,6,Shortstop,SS,SS,598,3,0,6,1,0,.121,.---,0,11,.306,20,TB,139,Tampa Bay Rays,Rays,4,71,0,player,0,.056,.182,2026
2026-08-10T21:33:44-04:00,2026,player,hitting,ytd,,,,28,5,11,-.--,.091,.100,11,1,0,1,1.000,0,0,0,1,9,0,1,1,0,,5,1.00,0,1,0,.000,0,.000,104,NL,5,0,1,39,.167,.258,3.000,13,Vidal,Vidal Bruján,660644,V Bruján,Bruján,Vidal Bruján,Vidal,0,3,Shortstop,SS,SS,599,1,1,4,1,0,.091,.000,0,1,.077,5,NYM,121,New York Mets,Mets,1,22,0,player,0,.077,1.000,2026
2026-08-10T21:33:44-04:00,2026,player,hitting,ytd,,,,28,1,11,-.--,.091,.125,8,1,0,0,.---,0,0,0,0,9,0,1,1,0,,6,6.00,0,1,0,.000,0,.000,103,AL,2,0,0,42,.167,.258,3.500,12,Oliver,Oliver Dunn,686554,O Dunn,Dunn,Oliver Dunn,Oliver,0,1,Unknown,X,3B,599,1,0,4,0,0,.091,.---,0,3,.250,6,TB,139,Tampa Bay Rays,Rays,1,20,0,player,0,.083,.333,2026
2026-08-10T21:33:44-04:00,2026,player,hitting,ytd,,,,24,2,6,-.--,.000,.000,5,2,0,0,.---,0,0,0,1,5,0,0,0,0,,3,1.50,0,0,0,.000,0,.000,104,NL,2,0,1,32,.250,.250,4.000,8,Nathan,Nate Furman,801501,N Furman,Furman,Nate Furman,Nate,0,0,Second Base,2B,2B,601,0,0,0,0,0,.000,.---,0,1,.125,1,SF,137,San Francisco Giants,Giants,0,11,0,player,0,.250,2.000,2026
2026-08-10T21:33:44-04:00,2026,player,hitting,ytd,,,,30,27,75,-.--,.067,.096,52,9,0,0,.000,0,0,1,18,29,1,9,2,1,,20,0.74,0,5,0,.000,0,.000,104,NL,33,2,3,363,.167,.234,4.321,84,Ha-Seong,Ha-Seong Kim,673490,H Kim,Kim,Ha-Seong Kim,Ha-Seong,0,6,Shortstop,SS,SS,602,3,0,5,0,0,.067,1.000,1,23,.274,32,ATL,144,Atlanta Braves,Braves,5,151,0,player,0,.107,.391,2026
2026-08-10T21:33:44-04:00,2026,player,hitting,ytd,,,,27,8,24,-.--,.042,.083,12,3,0,0,.---,1,1,0,3,16,0,2,1,0,,3,0.38,0,1,0,.000,0,.042,104,NL,10,0,1,130,.148,.231,4.815,27,Clifton,Buddy Kennedy,671083,B Kennedy,Kennedy,Buddy Kennedy,Buddy,0,4,Third Base,3B,1B,603,0,1,2,0,0,.083,.---,0,12,.444,20,SF,137,San Francisco Giants,Giants,2,65,0,player,0,.111,.250,2026
2026-08-10T21:33:44-04:00,2026,player,hitting,ytd,,,,26,9,25,-.--,.080,.133,15,1,0,0,.---,0,0,1,4,13,0,1,0,0,,4,0.44,1,2,0,.000,0,.000,104,NL,8,1,3,120,.148,.228,4.444,27,Otto,Otto Kemp,805249,O Kemp,Kemp,Otto Kemp,Otto,0,2,Outfielder,LF,LF,604,0,0,0,0,0,.080,.---,0,10,.370,22,PHI,143,Philadelphia Phillies,Phillies,2,58,0,player,0,.037,.100,2026
2026-08-10T21:33:44-04:00,2026,player,hitting,ytd,,,,27,9,28,-.--,.036,.063,16,5,0,0,.---,0,0,0,6,16,0,0,0,0,,6,0.67,0,1,0,.000,0,.000,104,NL,18,1,3,151,.176,.212,4.441,34,Chad,Chad Stevens,677060,C Stevens,Stevens,Chad Stevens,Chad,0,0,Second Base,2B,2B,605,3,0,1,0,1,.036,.---,0,13,.382,23,COL,115,Colorado Rockies,Rockies,1,73,0,player,0,.147,.385,2026
2026-08-10T21:33:44-04:00,2026,player,hitting,ytd,,,,33,13,23,-.--,.087,.091,22,1,0,0,.---,0,0,0,11,14,0,4,1,0,,7,0.54,0,2,0,.000,0,.000,104,NL,10,1,2,79,.115,.202,3.038,26,Andy,Andy Ibáñez,628451,A Ibáñez,Ibáñez,Andy Ibáñez,Andy,0,0,Outfielder,LF,2B,606,5,1,1,0,2,.087,.---,0,3,.115,10,NYM,121,New York Mets,Mets,2,52,0,player,0,.038,.333,2026
2026-08-10T21:33:44-04:00,2026,player,hitting,ytd,,,,33,6,12,-.--,.000,.000,6,3,0,0,.000,0,0,0,3,15,0,1,0,0,,0,0.00,0,0,0,.000,0,.000,104,NL,6,0,1,81,.200,.200,5.400,15,Dylan,Dylan Moore,664238,D Moore,Moore,Dylan Moore,Dylan,0,2,Unknown,X,CF,607,0,0,3,0,0,.000,1.000,1,6,.400,10,PHI,143,Philadelphia Phillies,Phillies,0,33,0,player,0,.200,.500,2026
2026-08-10T21:33:44-04:00,2026,player,hitting,ytd,,,,37,12,44,-.--,.091,.154,26,0,0,0,.---,0,0,0,4,21,0,2,2,0,,10,0.83,0,4,0,.000,0,.000,104,NL,16,2,3,178,.091,.182,4.045,44,Sandy,Sandy León,506702,S León,León,Sandy León,Sandy,0,5,Catcher,C,C,608,0,0,0,0,0,.091,.---,0,18,.409,29,ATL,144,Atlanta Braves,Braves,4,99,0,player,0,.000,.---,2026
2026-08-10T21:33:44-04:00,2026,player,hitting,ytd,,,,28,10,23,-.--,.087,.100,20,0,0,0,.---,0,0,1,3,11,1,2,0,1,,8,0.80,0,2,0,.000,0,.000,104,NL,10,1,2,77,.087,.174,3.348,23,William,Will Brennan,686823,W Brennan,Brennan,Will Brennan,Will,0,5,Outfielder,LF,LF,609,0,0,0,0,0,.087,.---,0,3,.130,4,SF,137,San Francisco Giants,Giants,2,49,0,player,0,.000,.---,2026
2026-08-10T21:33:44-04:00,2026,player,hitting,ytd,,,,28,5,23,-.--,.087,.154,14,0,0,1,.500,0,0,0,2,12,0,2,1,0,,7,1.40,0,2,0,.000,0,.000,104,NL,17,1,2,81,.087,.174,3.375,24,Gregory,Greg Jones,675659,G Jones,Jones,Greg Jones,Greg,0,1,Outfielder,LF,LF,609,1,0,0,1,0,.087,.500,1,10,.417,17,MIL,158,Milwaukee Brewers,Brewers,2,43,0,player,0,.000,.---,2026
2026-08-10T21:33:44-04:00,2026,player,hitting,ytd,,,,31,9,23,-.--,.087,.111,21,0,0,0,.---,0,0,0,3,8,0,9,1,0,,10,1.11,0,2,0,.000,0,.000,104,NL,13,1,1,90,.087,.174,3.462,26,Charles,Chuckie Robinson,642020,C Robinson,Robinson,Chuckie Robinson,Chuckie,0,5,Catcher,C,C,609,1,0,1,3,0,.087,.---,0,5,.192,15,LAD,119,Los Angeles Dodgers,Dodgers,2,51,0,player,0,.000,.---,2026
2026-08-10T21:33:44-04:00,2026,player,hitting,ytd,,,,31,6,15,-.--,.067,.077,13,0,0,0,.000,0,0,0,2,6,0,4,1,0,,6,1.00,0,1,0,.000,0,.000,103,AL,8,0,2,45,.067,.134,3.000,15,Andrew,Andrew Velazquez,623205,A Velazquez,Velazquez,Andrew Velazquez,Andrew,0,2,Shortstop,SS,SS,612,0,0,0,0,0,.067,1.000,1,2,.133,4,KC,118,Kansas City Royals,Royals,1,25,0,player,0,.000,.---,2026
2026-08-10T21:33:44-04:00,2026,player,hitting,ytd,,,,26,6,16,-.--,.000,.000,9,2,0,1,1.000,0,0,0,4,14,0,2,0,0,,3,0.50,0,0,0,.000,0,.000,103,AL,13,0,2,78,.105,.105,4.105,19,Kyler,Kyler Fedko,693459,K Fedko,Fedko,Kyler Fedko,Kyler,0,0,Outfielder,CF,LF,613,1,0,1,0,1,.000,.000,0,8,.421,17,MIN,142,Minnesota Twins,Twins,0,42,0,player,0,.105,.250,2026
2026-08-10T21:33:44-04:00,2026,player,hitting,ytd,,,,23,2,11,-.--,.000,.000,2,0,0,1,1.000,0,0,0,0,5,0,0,0,0,,0,0.00,1,0,0,.000,0,.000,104,NL,3,0,2,53,.083,.083,4.417,12,Nicholas,Nick Morabito,703492,N Morabito,Morabito,Nick Morabito,Nick,0,0,Outfielder,LF,LF,614,0,0,0,0,0,.000,.000,0,9,.750,14,NYM,121,New York Mets,Mets,0,21,0,player,0,.000,.---,2026
2026-08-10T21:33:44-04:00,2026,player,hitting,ytd,,,,38,3,13,-.--,.000,.000,6,1,0,0,.---,0,0,0,2,9,0,1,0,0,,3,1.00,0,0,0,.000,0,.000,104,NL,7,0,1,60,.071,.071,4.286,14,Thomas,Tommy Pham,502054,T Pham,Pham,Tommy Pham,Tommy,0,0,Outfielder,LF,LF,615,0,0,1,0,0,.000,.---,0,7,.500,10,NYM,121,New York Mets,Mets,0,27,0,player,0,.071,.143,2026
2026-08-10T21:33:44-04:00,2026,player,hitting,ytd,,,,28,0,0,-.--,.000,.---,0,0,0,0,.---,0,0,0,0,20,0,0,0,0,,0,-.--,0,0,0,.---,0,,104,NL,0,0,0,0,.000,.000,-.--,0,Javier,Javier Assad,665871,J Assad,Assad,Javier Assad,Javier,0,0,Pitcher,P,P,616,0,0,0,0,0,.000,.---,0,0,.---,0,CHC,112,Chicago Cubs,Cubs,0,0,0,player,0,.---,.---,2026
2026-08-10T21:33:44-04:00,2026,player,hitting,ytd,,,,31,0,0,-.--,.000,.---,0,0,0,0,.---,0,0,0,0,48,0,0,0,0,,0,-.--,0,0,0,.---,0,,103,AL,0,0,0,0,.000,.000,-.--,0,David,David Bednar,670280,D Bednar,Bednar,David Bednar,David,0,0,Pitcher,P,P,616,0,0,0,0,0,.000,.---,0,0,.---,0,NYY,147,New York Yankees,Yankees,0,0,0,player,0,.---,.---,2026
2026-08-10T21:33:44-04:00,2026,player,hitting,ytd,,,,27,0,0,-.--,.000,.---,0,0,0,0,.---,0,0,0,0,38,0,0,0,0,,0,-.--,0,0,0,.---,0,,104,NL,0,0,0,0,.000,.000,-.--,0,Clayton,Clayton Beeter,690925,C Beeter,Beeter,Clayton Beeter,Clayton,0,0,Pitcher,P,P,616,0,0,0,0,0,.000,.---,0,0,.---,0,WSH,120,Washington Nationals,Nationals,0,0,0,player,0,.---,.---,2026
2026-08-10T21:33:44-04:00,2026,player,hitting,ytd,,,,30,0,0,-.--,.000,.---,0,0,0,0,.---,0,0,0,0,1,0,0,0,0,,0,-.--,0,0,0,.---,0,,104,NL,0,0,0,0,.000,.000,-.--,0,Jacob,Jake Bird,656234,J Bird,Bird,Jake Bird,Jake,0,0,Pitcher,P,P,616,0,0,0,0,0,.000,.---,0,0,.---,0,WSH,120,Washington Nationals,Nationals,0,0,0,player,0,.---,.---,2026
2026-08-10T21:33:44-04:00,2026,player,hitting,ytd,,,,32,0,0,-.--,.000,.---,0,0,0,0,.---,0,0,0,0,43,0,0,0,0,,0,-.--,0,0,0,.---,0,,103,AL,0,0,0,0,.000,.000,-.--,0,Paul,Paul Blackburn,621112,P Blackburn,Blackburn,Paul Blackburn,Paul,0,0,Pitcher,P,P,616,0,0,0,0,0,.000,.---,0,0,.---,0,NYY,147,New York Yankees,Yankees,0,0,0,player,0,.---,.---,2026
2026-08-10T21:33:44-04:00,2026,player,hitting,ytd,,,,29,0,0,-.--,.000,.---,0,0,0,0,.---,0,0,0,0,23,0,0,0,0,,0,-.--,0,0,0,.---,0,,103,AL,0,0,0,0,.000,.000,-.--,0,Kyle,Kyle Bradish,680694,K Bradish,Bradish,Kyle Bradish,Kyle,0,0,Pitcher,P,P,616,0,0,0,0,0,.000,.---,0,0,.---,0,BAL,110,Baltimore Orioles,Orioles,0,0,0,player,0,.---,.---,2026
2026-08-10T21:33:44-04:00,2026,player,hitting,ytd,,,,25,0,1,-.--,.000,.---,0,0,0,0,.---,0,0,0,0,1,0,0,0,0,,0,-.--,0,0,0,.000,0,.000,104,NL,2,0,0,3,.000,.000,3.000,1,Jack,Jack Brannigan,687394,J Brannigan,Brannigan,Jack Brannigan,Jack,0,0,Third Base,3B,SS,616,0,0,0,0,0,.000,.---,0,1,1.000,3,PIT,134,Pittsburgh Pirates,Pirates,0,3,0,player,0,.000,.---,2026
2026-08-10T21:33:44-04:00,2026,player,hitting,ytd,,,,27,1,9,-.--,.000,.000,7,0,0,0,.---,0,0,0,0,3,0,2,0,0,,6,6.00,0,0,0,.000,0,.000,103,AL,3,0,1,36,.000,.000,3.273,11,Oswaldo,Oswaldo Cabrera,665828,O Cabrera,Cabrera,Oswaldo Cabrera,Oswaldo,0,0,Third Base,3B,3B,616,0,0,0,2,0,.000,.---,0,4,.364,3,NYY,147,New York Yankees,Yankees,0,19,0,player,0,.000,.---,2026
2026-08-10T21:33:44-04:00,2026,player,hitting,ytd,,,,27,1,4,-.--,.000,.000,2,0,0,0,.---,0,0,0,1,3,0,0,0,0,,1,1.00,0,0,0,.000,0,.000,104,NL,2,0,0,20,.000,.000,5.000,4,Dylan,Dylan Carlson,666185,D Carlson,Carlson,Dylan Carlson,Dylan,0,0,Outfielder,LF,LF,616,0,0,1,0,0,.000,.---,0,2,.500,2,CHC,112,Chicago Cubs,Cubs,0,6,0,player,0,.000,.---,2026
2026-08-10T21:33:44-04:00,2026,player,hitting,ytd,,,,38,0,0,-.--,.000,.---,0,0,0,0,.---,0,0,0,0,41,0,0,0,0,,0,-.--,0,0,0,.---,0,,103,AL,0,0,0,0,.000,.000,-.--,0,Albertin,Aroldis Chapman,547973,A Chapman,Chapman,Aroldis Chapman,Aroldis,0,0,Pitcher,P,P,616,0,0,0,0,0,.000,.---,0,0,.---,0,BOS,111,Boston Red Sox,Red Sox,0,0,0,player,0,.---,.---,2026
2026-08-10T21:33:44-04:00,2026,player,hitting,ytd,,,,31,0,0,-.--,.000,.---,0,0,0,0,.---,0,0,0,0,5,0,0,0,0,,0,-.--,0,0,0,.---,0,,104,NL,0,0,0,0,.000,.000,-.--,0,Aaron,Aaron Civale,650644,A Civale,Civale,Aaron Civale,Aaron,0,0,Pitcher,P,P,616,0,0,0,0,0,.000,.---,0,0,.---,0,CHC,112,Chicago Cubs,Cubs,0,0,0,player,0,.---,.---,2026
2026-08-10T21:33:44-04:00,2026,player,hitting,ytd,,,,36,0,0,-.--,.000,.---,0,0,0,0,.---,0,0,0,0,55,0,0,0,0,,0,-.--,0,0,0,.---,0,,103,AL,0,0,0,0,.000,.000,-.--,0,Fernando,Fernando Cruz,518585,F Cruz,Cruz,Fernando Cruz,Fernando,0,0,Pitcher,P,P,616,0,0,0,0,0,.000,.---,0,0,.---,0,NYY,147,New York Yankees,Yankees,0,0,0,player,0,.---,.---,2026
2026-08-10T21:33:44-04:00,2026,player,hitting,ytd,,,,27,1,5,-.--,.000,.000,2,0,0,0,.---,0,0,0,1,2,0,1,0,0,,1,1.00,0,0,0,.000,0,.000,103,AL,3,0,0,21,.000,.000,4.200,5,Trei,Trei Cruz,669360,T Cruz,Cruz,Trei Cruz,Trei,0,0,Outfielder,LF,CF,616,0,0,0,0,0,.000,.---,0,3,.600,4,DET,116,Detroit Tigers,Tigers,0,9,0,player,0,.000,.---,2026
2026-08-10T21:33:44-04:00,2026,player,hitting,ytd,,,,27,0,0,-.--,.000,.---,0,0,0,0,.---,0,0,0,0,48,0,0,0,0,,0,-.--,0,0,0,.---,0,,104,NL,0,0,0,0,.000,.000,-.--,0,Jacob,Jack Dreyer,676263,J Dreyer,Dreyer,Jack Dreyer,Jack,0,0,Pitcher,P,P,616,0,0,0,0,0,.000,.---,0,0,.---,0,LAD,119,Los Angeles Dodgers,Dodgers,0,0,0,player,0,.---,.---,2026
2026-08-10T21:33:44-04:00,2026,player,hitting,ytd,,,,28,0,0,-.--,.000,.---,0,0,0,0,.---,0,0,0,0,44,0,0,0,0,,0,-.--,0,0,0,.---,0,,104,NL,0,0,0,0,.000,.000,-.--,0,Jhoan,Jhoan Duran,661395,J Duran,Duran,Jhoan Duran,Jhoan,0,0,Pitcher,P,P,616,0,0,0,0,0,.000,.---,0,0,.---,0,PHI,143,Philadelphia Phillies,Phillies,0,0,0,player,0,.---,.---,2026
2026-08-10T21:33:44-04:00,2026,player,hitting,ytd,,,,28,0,0,-.--,.000,.---,0,0,0,0,.---,0,0,0,0,25,0,0,0,0,,0,-.--,0,0,0,.---,0,,103,AL,0,0,0,0,.000,.000,-.--,0,Brandon,Brandon Eisert,685126,B Eisert,Eisert,Brandon Eisert,Brandon,0,0,Pitcher,P,P,616,0,0,0,0,0,.000,.---,0,0,.---,0,CWS,145,Chicago White Sox,White Sox,0,0,0,player,0,.---,.---,2026
2026-08-10T21:33:44-04:00,2026,player,hitting,ytd,,,,31,0,0,-.--,.000,.---,0,0,0,0,.---,0,0,0,0,45,0,0,0,0,,0,-.--,0,0,0,.---,0,,103,AL,0,0,0,0,.000,.000,-.--,0,Lucas,Lucas Erceg,668674,L Erceg,Erceg,Lucas Erceg,Lucas,0,0,Pitcher,P,P,616,0,0,0,0,0,.000,.---,0,0,.---,0,KC,118,Kansas City Royals,Royals,0,0,0,player,0,.---,.---,2026
2026-08-10T21:33:44-04:00,2026,player,hitting,ytd,,,,33,0,0,-.--,.000,.---,0,0,0,0,.---,0,0,0,0,1,0,0,0,0,,0,-.--,0,0,0,.---,0,,103,AL,0,0,0,0,.000,.000,-.--,0,Carlos,Carlos Estévez,608032,C Estévez,Estévez,Carlos Estévez,Carlos,0,0,Pitcher,P,P,616,0,0,0,0,0,.000,.---,0,0,.---,0,KC,118,Kansas City Royals,Royals,0,0,0,player,0,.---,.---,2026
2026-08-10T21:33:44-04:00,2026,player,hitting,ytd,,,,32,0,0,-.--,.000,.---,0,0,0,0,.---,0,0,0,0,39,0,0,0,0,,0,-.--,0,0,0,.---,0,,104,NL,0,0,0,0,.000,.000,-.--,0,Peter,Pete Fairbanks,664126,P Fairbanks,Fairbanks,Pete Fairbanks,Pete,0,0,Pitcher,P,P,616,0,0,0,0,0,.000,.---,0,0,.---,0,MIA,146,Miami Marlins,Marlins,0,0,0,player,0,.---,.---,2026
2026-08-10T21:33:44-04:00,2026,player,hitting,ytd,,,,33,0,0,-.--,.000,.---,0,0,0,0,.---,0,0,0,0,22,0,0,0,0,,0,-.--,0,0,0,.---,0,,104,NL,0,0,0,0,.000,.000,-.--,0,Kyle,Kyle Freeland,607536,K Freeland,Freeland,Kyle Freeland,Kyle,0,0,Pitcher,P,P,616,0,0,0,0,0,.000,.---,0,0,.---,0,COL,115,Colorado Rockies,Rockies,0,0,0,player,0,.---,.---,2026
2026-08-10T21:33:44-04:00,2026,player,hitting,ytd,,,,21,0,0,-.--,.000,.---,0,0,0,0,.---,0,0,0,0,41,0,0,0,0,,0,-.--,0,0,0,.---,0,,104,NL,0,0,0,0,.000,.000,-.--,0,Didier,Didier Fuentes,800311,D Fuentes,Fuentes,Didier Fuentes,Didier,0,0,Pitcher,P,P,616,0,0,0,0,0,.000,.---,0,0,.---,0,ATL,144,Atlanta Braves,Braves,0,0,0,player,0,.---,.---,2026
2026-08-10T21:33:44-04:00,2026,player,hitting,ytd,,,,32,0,0,-.--,.000,.---,0,0,0,0,.---,0,0,0,0,55,0,0,0,0,,0,-.--,0,0,0,.---,0,,103,AL,0,0,0,0,.000,.000,-.--,0,Joshua,Rico Garcia,670329,R Garcia,Garcia,Rico Garcia,Rico,0,0,Pitcher,P,P,616,0,0,0,0,0,.000,.---,0,0,.---,0,BAL,110,Baltimore Orioles,Orioles,0,0,0,player,0,.---,.---,2026
2026-08-10T21:33:44-04:00,2026,player,hitting,ytd,,,,28,0,0,-.--,.000,.---,0,0,0,0,.---,0,0,0,0,27,0,0,0,0,,0,-.--,0,0,0,.---,0,,104,NL,0,0,0,0,.000,.000,-.--,0,Cade,Cade Gibson,806188,C Gibson,Gibson,Cade Gibson,Cade,0,0,Pitcher,P,P,616,0,0,0,0,0,.000,.---,0,0,.---,0,MIA,146,Miami Marlins,Marlins,0,0,0,player,0,.---,.---,2026
2026-08-10T21:33:44-04:00,2026,player,hitting,ytd,,,,27,0,0,-.--,.000,.---,0,0,0,0,.---,0,0,0,0,24,0,0,0,0,,0,-.--,0,0,0,.---,0,,103,AL,0,0,0,0,.000,.000,-.--,0,John,J.T. Ginn,669372,J Ginn,Ginn,J.T. Ginn,J.T.,0,0,Pitcher,P,P,616,0,0,0,0,0,.000,.---,0,0,.---,0,ATH,133,Athletics,Athletics,0,0,0,player,0,.---,.---,2026
2026-08-10T21:33:44-04:00,2026,player,hitting,ytd,,,,32,0,0,-.--,.000,.---,0,0,0,0,.---,0,0,0,0,27,0,0,0,0,,0,-.--,0,0,0,.---,0,,103,AL,0,0,0,0,.000,.000,-.--,0,Josh,Josh Hader,623352,J Hader,Hader,Josh Hader,Josh,0,0,Pitcher,P,P,616,0,0,0,0,0,.000,.---,0,0,.---,0,HOU,117,Houston Astros,Astros,0,0,0,player,0,.---,.---,2026
2026-08-10T21:33:44-04:00,2026,player,hitting,ytd,,,,27,0,0,-.--,.000,.---,0,0,0,0,.---,0,0,0,0,28,0,0,0,0,,0,-.--,0,0,0,.---,0,,104,NL,0,0,0,0,.000,.000,-.--,0,Dayton,DL Hall,669084,D Hall,Hall,DL Hall,DL,0,0,Pitcher,P,P,616,0,0,0,0,0,.000,.---,0,0,.---,0,MIL,158,Milwaukee Brewers,Brewers,0,0,0,player,0,.---,.---,2026
2026-08-10T21:33:44-04:00,2026,player,hitting,ytd,,,,28,0,1,-.--,.000,.---,0,0,0,0,.---,0,0,0,0,1,0,0,0,0,,0,-.--,0,0,0,.000,0,.000,103,AL,1,0,0,4,.000,.000,4.000,1,Maverick,Maverick Handley,668974,M Handley,Handley,Maverick Handley,Maverick,0,0,Unknown,X,C,616,0,0,0,0,0,.000,.---,0,1,1.000,2,BAL,110,Baltimore Orioles,Orioles,0,3,0,player,0,.000,.---,2026
2026-08-10T21:33:44-04:00,2026,player,hitting,ytd,,,,24,0,0,-.--,.000,.---,0,0,0,0,.---,0,0,0,0,46,0,0,0,0,,0,-.--,0,0,0,.---,0,,104,NL,0,0,0,0,.000,.000,-.--,0,Edgardo,Edgardo Henriquez,683618,E Henriquez,Henriquez,Edgardo Henriquez,Edgardo,0,0,Pitcher,P,P,616,0,0,0,0,0,.000,.---,0,0,.---,0,LAD,119,Los Angeles Dodgers,Dodgers,0,0,0,player,0,.---,.---,2026
2026-08-10T21:33:44-04:00,2026,player,hitting,ytd,,,,29,0,0,-.--,.000,.---,0,0,0,0,.---,0,0,0,0,33,0,0,0,0,,0,-.--,0,0,0,.---,0,,104,NL,0,0,0,0,.000,.000,-.--,0,Sam,Sam Hentges,656529,S Hentges,Hentges,Sam Hentges,Sam,0,0,Pitcher,P,P,616,0,0,0,0,0,.000,.---,0,0,.---,0,SF,137,San Francisco Giants,Giants,0,0,0,player,0,.---,.---,2026
2026-08-10T21:33:44-04:00,2026,player,hitting,ytd,,,,32,0,0,-.--,.000,.---,0,0,0,0,.---,0,0,0,0,34,0,0,0,0,,0,-.--,0,0,0,.---,0,,104,NL,0,0,0,0,.000,.000,-.--,0,Jimmy,Jimmy Herget,623474,J Herget,Herget,Jimmy Herget,Jimmy,0,0,Pitcher,P,P,616,0,0,0,0,0,.000,.---,0,0,.---,0,COL,115,Colorado Rockies,Rockies,0,0,0,player,0,.---,.---,2026
2026-08-10T21:33:44-04:00,2026,player,hitting,ytd,,,,27,0,3,-.--,.000,.---,0,0,0,0,.---,0,0,0,0,2,0,0,0,0,,0,-.--,0,0,0,.000,0,.000,104,NL,1,0,0,17,.000,.000,5.667,3,Blake,Blake Hunt,675448,B Hunt,Hunt,Blake Hunt,Blake,0,0,Catcher,C,C,616,0,0,0,0,0,.000,.---,0,3,1.000,4,SD,135,San Diego Padres,Padres,0,7,0,player,0,.000,.---,2026
2026-08-10T21:33:44-04:00,2026,player,hitting,ytd,,,,36,0,0,-.--,.000,.---,0,0,0,0,.---,0,0,0,0,42,0,0,0,0,,0,-.--,0,0,0,.---,0,,104,NL,0,0,0,0,.000,.000,-.--,0,Raisel,Raisel Iglesias,628452,R Iglesias,Iglesias,Raisel Iglesias,Raisel,0,0,Pitcher,P,P,616,0,0,0,0,0,.000,.---,0,0,.---,0,ATL,144,Atlanta Braves,Braves,0,0,0,player,0,.---,.---,2026
2026-08-10T21:33:44-04:00,2026,player,hitting,ytd,,,,38,0,0,-.--,.000,.---,0,0,0,0,.---,0,0,0,0,34,0,0,0,0,,0,-.--,0,0,0,.---,0,,103,AL,0,0,0,0,.000,.000,-.--,0,Kenley,Kenley Jansen,445276,K Jansen,Jansen,Kenley Jansen,Kenley,0,0,Pitcher,P,P,616,0,0,0,0,0,.000,.---,0,0,.---,0,DET,116,Detroit Tigers,Tigers,0,0,0,player,0,.---,.---,2026
2026-08-10T21:33:44-04:00,2026,player,hitting,ytd,,,,25,0,0,-.--,.000,.---,0,0,0,0,.---,0,0,0,0,9,0,0,0,0,,0,-.--,0,0,0,.---,0,,104,NL,0,0,0,0,.000,.000,-.--,0,William,William Kempner,687531,W Kempner,Kempner,William Kempner,William,0,0,Pitcher,P,P,616,0,0,0,0,0,.000,.---,0,0,.---,0,MIA,146,Miami Marlins,Marlins,0,0,0,player,0,.---,.---,2026
2026-08-10T21:33:44-04:00,2026,player,hitting,ytd,,,,28,0,0,-.--,.000,.---,0,0,0,0,.---,0,0,0,0,8,0,0,0,0,,0,-.--,0,0,0,.---,0,,104,NL,0,0,0,0,.000,.000,-.--,0,Zachary,Zak Kent,687849,Z Kent,Kent,Zak Kent,Zak,0,0,Pitcher,P,P,616,0,0,0,0,0,.000,.---,0,0,.---,0,WSH,120,Washington Nationals,Nationals,0,0,0,player,0,.---,.---,2026
2026-08-10T21:33:44-04:00,2026,player,hitting,ytd,,,,25,0,0,-.--,.000,.---,0,0,0,0,.---,0,0,0,0,51,0,0,0,0,,0,-.--,0,0,0,.---,0,,104,NL,0,0,0,0,.000,.000,-.--,0,Richard,Orion Kerkering,689147,O Kerkering,Kerkering,Orion Kerkering,Orion,0,0,Pitcher,P,P,616,0,0,0,0,0,.000,.---,0,0,.---,0,PHI,143,Philadelphia Phillies,Phillies,0,0,0,player,0,.---,.---,2026
2026-08-10T21:33:44-04:00,2026,player,hitting,ytd,,,,35,0,0,-.--,.000,.---,0,0,0,0,.---,0,0,0,0,47,0,0,0,0,,0,-.--,0,0,0,.---,0,,104,NL,0,0,0,0,.000,.000,-.--,0,Tyler,Tyler Kinley,641755,T Kinley,Kinley,Tyler Kinley,Tyler,0,0,Pitcher,P,P,616,0,0,0,0,0,.000,.---,0,0,.---,0,ATL,144,Atlanta Braves,Braves,0,0,0,player,0,.---,.---,2026
2026-08-10T21:33:44-04:00,2026,player,hitting,ytd,,,,30,0,0,-.--,.000,.---,0,0,0,0,.---,0,0,0,0,44,0,0,0,0,,0,-.--,0,0,0,.---,0,,103,AL,0,0,0,0,.000,.000,-.--,0,Alexander,Alex Lange,656638,A Lange,Lange,Alex Lange,Alex,0,0,Pitcher,P,P,616,0,0,0,0,0,.000,.---,0,0,.---,0,KC,118,Kansas City Royals,Royals,0,0,0,player,0,.---,.---,2026
2026-08-10T21:33:44-04:00,2026,player,hitting,ytd,,,,30,0,0,-.--,.000,.---,0,0,0,0,.---,0,0,0,0,42,0,0,0,0,,0,-.--,0,0,0,.---,0,,103,AL,0,0,0,0,.000,.000,-.--,0,Jacob,Jacob Latz,656641,J Latz,Latz,Jacob Latz,Jacob,0,0,Pitcher,P,P,616,0,0,0,0,0,.000,.---,0,0,.---,0,TEX,140,Texas Rangers,Rangers,0,0,0,player,0,.---,.---,2026
2026-08-10T21:33:44-04:00,2026,player,hitting,ytd,,,,26,0,0,-.--,.000,.---,0,0,0,0,.---,0,0,0,0,29,0,0,0,0,,0,-.--,0,0,0,.---,0,,104,NL,0,0,0,0,.000,.000,-.--,0,Bradley,Brad Lord,695418,B Lord,Lord,Brad Lord,Brad,0,0,Pitcher,P,P,616,0,0,0,0,0,.000,.---,0,0,.---,0,WSH,120,Washington Nationals,Nationals,0,0,0,player,0,.---,.---,2026
2026-08-10T21:33:44-04:00,2026,player,hitting,ytd,,,,31,0,0,-.--,.000,.---,0,0,0,0,.---,0,0,0,0,50,0,0,0,0,,0,-.--,0,0,0,.---,0,,104,NL,0,0,0,0,.000,.000,-.--,0,Jonathan,Jonathan Loáisiga,642528,J Loáisiga,Loáisiga,Jonathan Loáisiga,Jonathan,0,0,Pitcher,P,P,616,0,0,0,0,0,.000,.---,0,0,.---,0,AZ,109,Arizona Diamondbacks,D-backs,0,0,0,player,0,.---,.---,2026
2026-08-10T21:33:44-04:00,2026,player,hitting,ytd,,,,32,0,0,-.--,.000,.---,0,0,0,0,.---,0,0,0,0,24,0,0,0,0,,0,-.--,0,0,0,.---,0,,104,NL,0,0,0,0,.000,.000,-.--,0,Reynaldo,Reynaldo López,625643,R López,López,Reynaldo López,Reynaldo,0,0,Pitcher,P,P,616,0,0,0,0,0,.000,.---,0,0,.---,0,ATL,144,Atlanta Braves,Braves,0,0,0,player,0,.---,.---,2026
2026-08-10T21:33:44-04:00,2026,player,hitting,ytd,,,,32,0,0,-.--,.000,.---,0,0,0,0,.---,0,0,0,0,47,0,0,0,0,,0,-.--,0,0,0,.---,0,,104,NL,0,0,0,0,.000,.000,-.--,0,Trevor,Trevor Megill,656730,T Megill,Megill,Trevor Megill,Trevor,0,0,Pitcher,P,P,616,0,0,0,0,0,.000,.---,0,0,.---,0,MIL,158,Milwaukee Brewers,Brewers,0,0,0,player,0,.---,.---,2026
2026-08-10T21:33:44-04:00,2026,player,hitting,ytd,,,,37,0,0,-.--,.000,.---,1,0,0,0,.---,0,0,0,0,25,0,0,0,0,,1,1.00,0,0,0,.000,0,,104,NL,0,0,0,3,.000,.000,3.000,1,Miles,Miles Mikolas,571945,M Mikolas,Mikolas,Miles Mikolas,Miles,0,0,Pitcher,P,P,616,1,0,1,1,0,.000,.---,0,0,.000,0,WSH,120,Washington Nationals,Nationals,0,1,0,player,0,.000,.---,2026
2026-08-10T21:33:44-04:00,2026,player,hitting,ytd,,,,22,0,0,-.--,.000,.---,0,0,0,0,.---,0,0,0,0,3,0,0,0,0,,0,-.--,0,0,0,.---,0,,104,NL,0,0,0,0,.000,.000,-.--,0,Owen,Owen Murphy,702566,O Murphy,Murphy,Owen Murphy,Owen,0,0,Pitcher,P,P,616,0,0,0,0,0,.000,.---,0,0,.---,0,ATL,144,Atlanta Braves,Braves,0,0,0,player,0,.---,.---,2026
2026-08-10T21:33:44-04:00,2026,player,hitting,ytd,,,,27,1,6,-.--,.000,.000,2,0,0,0,.---,0,0,0,1,4,0,0,0,0,,1,1.00,0,0,0,.000,0,.000,104,NL,1,0,0,29,.000,.000,4.833,6,Cristian,Cristian Pache,665506,C Pache,Pache,Cristian Pache,Cristian,0,0,Outfielder,LF,OF,616,0,0,0,0,0,.000,.---,0,4,.667,4,NYM,121,New York Mets,Mets,0,12,0,player,0,.000,.---,2026
2026-08-10T21:33:44-04:00,2026,player,hitting,ytd,,,,26,0,0,-.--,.000,.---,0,0,0,0,.---,0,0,0,0,19,0,0,0,0,,0,-.--,0,0,0,.---,0,,104,NL,0,0,0,0,.000,.000,-.--,0,Daniel,Daniel Palencia,694037,D Palencia,Palencia,Daniel Palencia,Daniel,0,0,Pitcher,P,P,616,0,0,0,0,0,.000,.---,0,0,.---,0,CHC,112,Chicago Cubs,Cubs,0,0,0,player,0,.---,.---,2026
2026-08-10T21:33:44-04:00,2026,player,hitting,ytd,,,,27,0,0,-.--,.000,.---,0,0,0,0,.---,0,0,0,0,40,0,0,0,0,,0,-.--,0,0,0,.---,0,,104,NL,0,0,0,0,.000,.000,-.--,0,Chandler,Chad Patrick,694477,C Patrick,Patrick,Chad Patrick,Chad,0,0,Pitcher,P,P,616,0,0,0,0,0,.000,.---,0,0,.---,0,MIL,158,Milwaukee Brewers,Brewers,0,0,0,player,0,.---,.---,2026
2026-08-10T21:33:44-04:00,2026,player,hitting,ytd,,,,29,0,0,-.--,.000,.---,0,0,0,0,.---,0,0,0,0,6,0,0,0,0,,0,-.--,0,0,0,.---,0,,103,AL,0,0,0,0,.000,.000,-.--,0,Nathan,Nate Pearson,663878,N Pearson,Pearson,Nate Pearson,Nate,0,0,Pitcher,P,P,616,0,0,0,0,0,.000,.---,0,0,.---,0,KC,118,Kansas City Royals,Royals,0,0,0,player,0,.---,.---,2026
2026-08-10T21:33:44-04:00,2026,player,hitting,ytd,,,,34,0,0,-.--,.000,.---,0,0,0,0,.---,0,0,0,0,52,0,0,0,0,,0,-.--,0,0,0,.---,0,,104,NL,0,0,0,0,.000,.000,-.--,0,Wandy,Wandy Peralta,593974,W Peralta,Peralta,Wandy Peralta,Wandy,0,0,Pitcher,P,P,616,0,0,0,0,0,.000,.---,0,0,.---,0,SD,135,San Diego Padres,Padres,0,0,0,player,0,.---,.---,2026
2026-08-10T21:33:44-04:00,2026,player,hitting,ytd,,,,26,0,0,-.--,.000,.---,0,0,0,0,.---,0,0,0,0,28,0,0,0,0,,0,-.--,0,0,0,.---,0,,103,AL,0,0,0,0,.000,.000,-.--,0,Jackson,Jack Perkins,678022,J Perkins,Perkins,Jack Perkins,Jack,0,0,Pitcher,P,P,616,0,0,0,0,0,.000,.---,0,0,.---,0,ATH,133,Athletics,Athletics,0,0,0,player,0,.---,.---,2026
2026-08-10T21:33:44-04:00,2026,player,hitting,ytd,,,,27,8,25,-.--,.000,.000,21,0,0,0,.---,0,0,0,4,10,1,2,0,1,,13,1.63,0,0,0,.000,0,.000,104,NL,15,0,3,67,.000,.000,2.680,25,Cesar,César Prieto,693409,C Prieto,Prieto,César Prieto,César,0,1,Third Base,3B,3B,616,0,1,0,0,0,.000,.---,0,4,.160,8,STL,138,St. Louis Cardinals,Cardinals,0,37,0,player,0,.000,.---,2026
2026-08-10T21:33:44-04:00,2026,player,hitting,ytd,,,,28,0,0,-.--,.000,.---,0,0,0,0,.---,0,0,0,0,7,0,0,0,0,,0,-.--,0,0,0,.---,0,,104,NL,0,0,0,0,.000,.000,-.--,0,Alan,Alan Rangel,660604,A Rangel,Rangel,Alan Rangel,Alan,0,0,Pitcher,P,P,616,0,0,0,0,0,.000,.---,0,0,.---,0,PHI,143,Philadelphia Phillies,Phillies,0,0,0,player,0,.---,.---,2026
2026-08-10T21:33:44-04:00,2026,player,hitting,ytd,,,,28,0,0,-.--,.000,.---,0,0,0,0,.---,0,0,0,0,37,0,0,0,0,,0,-.--,0,0,0,.---,0,,104,NL,0,0,0,0,.000,.000,-.--,0,Orlando,Orlando Ribalta,687377,O Ribalta,Ribalta,Orlando Ribalta,Orlando,0,0,Pitcher,P,P,616,0,0,0,0,0,.000,.---,0,0,.---,0,WSH,120,Washington Nationals,Nationals,0,0,0,player,0,.---,.---,2026
2026-08-10T21:33:44-04:00,2026,player,hitting,ytd,,,,33,0,0,-.--,.000,.---,0,0,0,0,.---,0,0,0,0,34,0,0,0,0,,0,-.--,0,0,0,.---,0,,103,AL,0,0,0,0,.000,.000,-.--,0,Trevor,Trevor Richards,670950,T Richards,Richards,Trevor Richards,Trevor,0,0,Pitcher,P,P,616,0,0,0,0,0,.000,.---,0,0,.---,0,CWS,145,Chicago White Sox,White Sox,0,0,0,player,0,.---,.---,2026
2026-08-10T21:33:44-04:00,2026,player,hitting,ytd,,,,23,0,0,-.--,.000,.---,0,0,0,0,.---,0,0,0,0,14,0,0,0,0,,0,-.--,0,0,0,.---,0,,104,NL,0,0,0,0,.000,.000,-.--,0,Ian,JR Ritchie,702275,J Ritchie,Ritchie,JR Ritchie,JR,0,0,Pitcher,P,P,616,0,0,0,0,0,.000,.---,0,0,.---,0,ATL,144,Atlanta Braves,Braves,0,0,0,player,0,.---,.---,2026
2026-08-10T21:33:44-04:00,2026,player,hitting,ytd,,,,28,0,0,-.--,.000,.---,0,0,0,0,.---,0,0,0,0,41,0,0,0,0,,0,-.--,0,0,0,.---,0,,104,NL,0,0,0,0,.000,.000,-.--,0,Ryan,Ryan Rolison,669020,R Rolison,Rolison,Ryan Rolison,Ryan,0,0,Pitcher,P,P,616,0,0,0,0,0,.000,.---,0,0,.---,0,CHC,112,Chicago Cubs,Cubs,0,0,0,player,0,.---,.---,2026
2026-08-10T21:33:44-04:00,2026,player,hitting,ytd,,,,28,0,0,-.--,.000,.---,0,0,0,0,.---,0,0,0,0,27,0,0,0,0,,0,-.--,0,0,0,.---,0,,104,NL,0,0,0,0,.000,.000,-.--,0,Paxton,Paxton Schultz,687606,P Schultz,Schultz,Paxton Schultz,Paxton,0,0,Pitcher,P,P,616,0,0,0,0,0,.000,.---,0,0,.---,0,WSH,120,Washington Nationals,Nationals,0,0,0,player,0,.---,.---,2026
2026-08-10T21:33:44-04:00,2026,player,hitting,ytd,,,,30,0,0,-.--,.000,.---,0,0,0,0,.---,0,0,0,0,5,0,0,0,0,,0,-.--,0,0,0,.---,0,,103,AL,0,0,0,0,.000,.000,-.--,0,Connor,Connor Seabold,657756,C Seabold,Seabold,Connor Seabold,Connor,0,0,Pitcher,P,P,616,0,0,0,0,0,.000,.---,0,0,.---,0,KC,118,Kansas City Royals,Royals,0,0,0,player,0,.---,.---,2026
2026-08-10T21:33:44-04:00,2026,player,hitting,ytd,,,,31,0,0,-.--,.000,.---,0,0,0,0,.---,0,0,0,0,34,0,0,0,0,,0,-.--,0,0,0,.---,0,,104,NL,0,0,0,0,.000,.000,-.--,0,Antonio,Antonio Senzatela,622608,A Senzatela,Senzatela,Antonio Senzatela,Antonio,0,0,Pitcher,P,P,616,0,0,0,0,0,.000,.---,0,0,.---,0,COL,115,Colorado Rockies,Rockies,0,0,0,player,0,.---,.---,2026
2026-08-10T21:33:44-04:00,2026,player,hitting,ytd,,,,29,0,0,-.--,.000,.---,0,0,0,0,.---,0,0,0,0,33,0,0,0,0,,0,-.--,0,0,0,.---,0,,104,NL,0,0,0,0,.000,.000,-.--,0,Chase,Chase Shugart,663767,C Shugart,Shugart,Chase Shugart,Chase,0,0,Pitcher,P,P,616,0,0,0,0,0,.000,.---,0,0,.---,0,PHI,143,Philadelphia Phillies,Phillies,0,0,0,player,0,.---,.---,2026
2026-08-10T21:33:44-04:00,2026,player,hitting,ytd,,,,26,0,1,-.--,.000,.000,1,0,0,0,.---,0,0,0,0,1,0,0,0,0,,1,1.00,0,0,0,.000,0,.000,103,AL,0,0,0,4,.000,.000,4.000,1,Michael,Michael Siani,672279,M Siani,Siani,Michael Siani,Michael,0,0,Outfielder,CF,CF,616,0,0,0,0,0,.000,.---,0,0,.000,0,BAL,110,Baltimore Orioles,Orioles,0,1,0,player,0,.000,.---,2026
2026-08-10T21:33:44-04:00,2026,player,hitting,ytd,,,,27,0,0,-.--,.000,.---,0,0,0,0,.---,0,0,0,0,50,0,0,0,0,,0,-.--,0,0,0,.---,0,,103,AL,0,0,0,0,.000,.000,-.--,0,Cade,Cade Smith,671922,C Smith,Smith,Cade Smith,Cade,0,0,Pitcher,P,P,616,0,0,0,0,0,.000,.---,0,0,.---,0,CLE,114,Cleveland Guardians,Guardians,0,0,0,player,0,.---,.---,2026
2026-08-10T21:33:44-04:00,2026,player,hitting,ytd,,,,26,0,0,-.--,.000,.---,0,0,0,0,.---,0,0,0,0,25,0,0,0,0,,0,-.--,0,0,0,.---,0,,104,NL,0,0,0,0,.000,.000,-.--,0,Dylan,Dylan Smith,681916,D Smith,Smith,Dylan Smith,Dylan,0,0,Pitcher,P,P,616,0,0,0,0,0,.000,.---,0,0,.---,0,SF,137,San Francisco Giants,Giants,0,0,0,player,0,.---,.---,2026
2026-08-10T21:33:44-04:00,2026,player,hitting,ytd,,,,27,0,0,-.--,.000,.---,0,0,0,0,.---,0,0,0,0,53,0,0,0,0,,0,-.--,0,0,0,.---,0,,104,NL,0,0,0,0,.000,.000,-.--,0,George,George Soriano,666277,G Soriano,Soriano,George Soriano,George,0,0,Pitcher,P,P,616,0,0,0,0,0,.000,.---,0,0,.---,0,STL,138,St. Louis Cardinals,Cardinals,0,0,0,player,0,.---,.---,2026
2026-08-10T21:33:44-04:00,2026,player,hitting,ytd,,,,31,0,0,-.--,.000,.---,0,0,0,0,.---,0,0,0,0,36,0,0,0,0,,0,-.--,0,0,0,.---,0,,103,AL,0,0,0,0,.000,.000,-.--,0,Gabriel,Gabe Speier,642100,G Speier,Speier,Gabe Speier,Gabe,0,0,Pitcher,P,P,616,0,0,0,0,0,.000,.---,0,0,.---,0,SEA,136,Seattle Mariners,Mariners,0,0,0,player,0,.---,.---,2026
2026-08-10T21:33:44-04:00,2026,player,hitting,ytd,,,,35,0,0,-.--,.000,.---,0,0,0,0,.---,0,0,0,0,31,0,0,0,0,,0,-.--,0,0,0,.---,0,,104,NL,0,0,0,0,.000,.000,-.--,0,Robert,Robert Suarez,663158,R Suarez,Suarez,Robert Suarez,Robert,0,0,Pitcher,P,P,616,0,0,0,0,0,.000,.---,0,0,.---,0,ATL,144,Atlanta Braves,Braves,0,0,0,player,0,.---,.---,2026
2026-08-10T21:33:44-04:00,2026,player,hitting,ytd,,,,39,0,0,-.--,.000,.---,0,0,0,0,.---,0,0,0,0,42,0,0,0,0,,0,-.--,0,0,0,.---,0,,104,NL,0,0,0,0,.000,.000,-.--,0,Caleb,Caleb Thielbar,573204,C Thielbar,Thielbar,Caleb Thielbar,Caleb,0,0,Pitcher,P,P,616,0,0,0,0,0,.000,.---,0,0,.---,0,CHC,112,Chicago Cubs,Cubs,0,0,0,player,0,.---,.---,2026
2026-08-10T21:33:44-04:00,2026,player,hitting,ytd,,,,27,0,0,-.--,.000,.---,0,0,0,0,.---,0,0,0,0,5,0,0,0,0,,0,-.--,0,0,0,.---,0,,103,AL,0,0,0,0,.000,.000,-.--,0,Ricky,Ricky Vanasco,676568,R Vanasco,Vanasco,Ricky Vanasco,Ricky,0,0,Pitcher,P,P,616,0,0,0,0,0,.000,.---,0,0,.---,0,DET,116,Detroit Tigers,Tigers,0,0,0,player,0,.---,.---,2026
2026-08-10T21:33:44-04:00,2026,player,hitting,ytd,,,,29,0,0,-.--,.000,.---,0,0,0,0,.---,0,0,0,0,33,0,0,0,0,,0,-.--,0,0,0,.---,0,,104,NL,0,0,0,0,.000,.000,-.--,0,Augustus,Gus Varland,681402,G Varland,Varland,Gus Varland,Gus,0,0,Pitcher,P,P,616,0,0,0,0,0,.000,.---,0,0,.---,0,WSH,120,Washington Nationals,Nationals,0,0,0,player,0,.---,.---,2026
2026-08-10T21:33:44-04:00,2026,player,hitting,ytd,,,,30,0,0,-.--,.000,.---,0,0,0,0,.---,0,0,0,0,51,0,0,0,0,,0,-.--,0,0,0,.---,0,,104,NL,0,0,0,0,.000,.000,-.--,0,Alexander,Alex Vesia,681911,A Vesia,Vesia,Alex Vesia,Alex,0,0,Pitcher,P,P,616,0,0,0,0,0,.000,.---,0,0,.---,0,LAD,119,Los Angeles Dodgers,Dodgers,0,0,0,player,0,.---,.---,2026
2026-08-10T21:33:44-04:00,2026,player,hitting,ytd,,,,31,0,0,-.--,.000,.---,0,0,0,0,.---,0,0,0,0,27,0,0,0,0,,0,-.--,0,0,0,.---,0,,103,AL,0,0,0,0,.000,.000,-.--,0,William,Will Vest,676684,W Vest,Vest,Will Vest,Will,0,0,Pitcher,P,P,616,0,0,0,0,0,.000,.---,0,0,.---,0,DET,116,Detroit Tigers,Tigers,0,0,0,player,0,.---,.---,2026
2026-08-10T21:33:44-04:00,2026,player,hitting,ytd,,,,26,0,0,-.--,.000,.---,0,0,0,0,.---,0,0,0,0,33,0,0,0,0,,0,-.--,0,0,0,.---,0,,104,NL,0,0,0,0,.000,.000,-.--,0,Victor,Victor Vodnik,680767,V Vodnik,Vodnik,Victor Vodnik,Victor,0,0,Pitcher,P,P,616,0,0,0,0,0,.000,.---,0,0,.---,0,COL,115,Colorado Rockies,Rockies,0,0,0,player,0,.---,.---,2026
2026-08-10T21:33:44-04:00,2026,player,hitting,ytd,,,,27,0,1,-.--,.000,.000,1,0,0,0,.---,0,0,0,0,23,0,0,0,0,,1,1.00,0,0,0,.000,0,.000,104,NL,0,0,0,1,.000,.000,1.000,1,Randy,Randy Vásquez,681190,R Vásquez,Vásquez,Randy Vásquez,Randy,0,0,Pitcher,P,P,616,0,0,0,0,0,.000,.---,0,0,.000,0,SD,135,San Diego Padres,Padres,0,1,0,player,0,.000,.---,2026
2026-08-10T21:33:44-04:00,2026,player,hitting,ytd,,,,32,0,0,-.--,.000,.---,0,0,0,0,.---,0,0,0,0,17,0,0,0,0,,0,-.--,0,0,0,.---,0,,103,AL,0,0,0,0,.000,.000,-.--,0,Jacob,Jacob Waguespack,621097,J Waguespack,Waguespack,Jacob Waguespack,Jacob,0,0,Pitcher,P,P,616,0,0,0,0,0,.000,.---,0,0,.---,0,DET,116,Detroit Tigers,Tigers,0,0,0,player,0,.---,.---,2026
2026-08-10T21:33:44-04:00,2026,player,hitting,ytd,,,,32,0,0,-.--,.000,.---,0,0,0,0,.---,0,0,0,0,42,0,0,0,0,,0,-.--,0,0,0,.---,0,,104,NL,0,0,0,0,.000,.000,-.--,0,Luke,Luke Weaver,596133,L Weaver,Weaver,Luke Weaver,Luke,0,0,Pitcher,P,P,616,0,0,0,0,0,.000,.---,0,0,.---,0,NYM,121,New York Mets,Mets,0,0,0,player,0,.---,.---,2026
2026-08-10T21:33:44-04:00,2026,player,hitting,ytd,,,,32,0,0,-.--,.000,.---,0,0,0,0,.---,0,0,0,0,52,0,0,0,0,,0,-.--,0,0,0,.---,0,,104,NL,0,0,0,0,.000,.000,-.--,0,Jacob,Jacob Webb,657097,J Webb,Webb,Jacob Webb,Jacob,0,0,Pitcher,P,P,616,0,0,0,0,0,.000,.---,0,0,.---,0,CHC,112,Chicago Cubs,Cubs,0,0,0,player,0,.---,.---,2026
2026-08-10T21:33:44-04:00,2026,player,hitting,ytd,,,,29,3,4,-.--,.000,.000,4,0,0,0,.---,0,0,0,1,2,0,1,0,0,,1,0.33,0,0,0,.000,0,.000,104,NL,1,0,1,24,.000,.000,6.000,4,Davis,Davis Wendzel,673995,D Wendzel,Wendzel,Davis Wendzel,Davis,0,1,First Base,1B,3B,616,0,0,0,0,0,.000,.---,0,0,.000,3,PIT,134,Pittsburgh Pirates,Pirates,0,14,0,player,0,.000,.---,2026
2026-08-10T21:33:44-04:00,2026,player,hitting,ytd,,,,30,0,0,-.--,.000,.---,0,0,0,0,.---,0,0,0,0,45,0,0,0,0,,0,-.--,0,0,0,.---,0,,103,AL,0,0,0,0,.000,.000,-.--,0,Garrett,Garrett Whitlock,676477,G Whitlock,Whitlock,Garrett Whitlock,Garrett,0,0,Pitcher,P,P,616,0,0,0,0,0,.000,.---,0,0,.---,0,BOS,111,Boston Red Sox,Red Sox,0,0,0,player,0,.---,.---,2026
2026-08-10T21:33:44-04:00,2026,player,hitting,ytd,,,,26,0,0,-.--,.000,.---,0,0,0,0,.---,0,0,0,0,4,0,0,0,0,,0,-.--,0,0,0,.---,0,,104,NL,0,0,0,0,.000,.000,-.--,0,Jordan,Jordan Wicks,696136,J Wicks,Wicks,Jordan Wicks,Jordan,0,0,Pitcher,P,P,616,0,0,0,0,0,.000,.---,0,0,.---,0,CHC,112,Chicago Cubs,Cubs,0,0,0,player,0,.---,.---,2026
2026-08-10T21:33:44-04:00,2026,player,hitting,ytd,,,,31,0,0,-.--,.000,.---,0,0,0,0,.---,0,0,0,0,42,0,0,0,0,,0,-.--,0,0,0,.---,0,,104,NL,0,0,0,0,.000,.000,-.--,0,Devin,Devin Williams,642207,D Williams,Williams,Devin Williams,Devin,0,0,Pitcher,P,P,616,0,0,0,0,0,.000,.---,0,0,.---,0,NYM,121,New York Mets,Mets,0,0,0,player,0,.---,.---,2026
2026-08-10T21:33:44-04:00,2026,player,hitting,ytd,,,,28,0,0,-.--,.000,.---,0,0,0,0,.---,0,0,0,0,41,0,0,0,0,,0,-.--,0,0,0,.---,0,,104,NL,0,0,0,0,.000,.000,-.--,0,Keaton,Keaton Winn,676775,K Winn,Winn,Keaton Winn,Keaton,0,0,Pitcher,P,P,616,0,0,0,0,0,.000,.---,0,0,.---,0,SF,137,San Francisco Giants,Giants,0,0,0,player,0,.---,.---,2026
2026-08-10T21:33:44-04:00,2026,player,hitting,ytd,,,,29,0,0,-.--,.000,.---,0,0,0,0,.---,0,0,0,0,44,0,0,0,0,,0,-.--,0,0,0,.---,0,,103,AL,0,0,0,0,.000,.000,-.--,0,Grant,Grant Wolfram,664991,G Wolfram,Wolfram,Grant Wolfram,Grant,0,0,Pitcher,P,P,616,0,0,0,0,0,.000,.---,0,0,.---,0,BAL,110,Baltimore Orioles,Orioles,0,0,0,player,0,.---,.---,2026
2026-08-10T21:33:44-04:00,2026,player,hitting,last_7,,,,,0,1,1.00,1.000,.---,,0,0,0,.---,0,1,,,1,0,1,,0,0,0,-.--,0,1,1,1.000,0,3.000,104,National League,0,,,4,1.000,5.000,4.000,1,Austin,Austin Hays,669720,A Hays,Hays,Austin Hays,Austin,,,Outfielder,LF,LF,1,2,0,1,0,0,4.000,.---,0,0,.000,,SD,135,San Diego Padres,Padres,4,,0,player,0,.000,.---,2026
2026-08-10T21:33:44-04:00,2026,player,hitting,last_7,,,,,0,2,2.00,.500,.000,,0,0,0,.000,0,1,,,3,0,0,,0,0,1,1.00,0,1,1,.500,0,1.500,104,National League,1,,,6,.500,2.500,3.000,2,Andrew,Andrew Pinckney,687605,A Pinckney,Pinckney,Andrew Pinckney,Andrew,,,Outfielder,LF,LF,2,1,0,3,0,0,2.000,1.000,1,0,.000,,WSH,120,Washington Nationals,Nationals,4,,0,player,0,.000,.---,2026
2026-08-10T21:33:44-04:00,2026,player,hitting,last_7,,,,,0,1,-.--,1.000,1.000,,0,0,0,.---,0,0,,,1,0,1,,0,0,1,1.00,0,1,0,.000,0,.000,104,National League,0,,,4,1.000,2.000,2.000,2,Jihwan,Jihwan Bae,678225,J Bae,Bae,Jihwan Bae,Jihwan,,,Outfielder,CF,CF,3,0,0,0,1,0,1.000,.---,0,0,.000,,MIL,158,Milwaukee Brewers,Brewers,1,,0,player,0,.000,.---,2026
2026-08-10T21:33:44-04:00,2026,player,hitting,last_7,,,,,0,1,-.--,1.000,1.000,,1,0,0,.---,0,0,,,2,0,1,,0,0,0,-.--,0,1,0,.000,0,.000,103,American League,0,,,12,1.000,2.000,6.000,2,Benjamin,Ben Malgeri,701162,B Malgeri,Malgeri,Ben Malgeri,Ben,,,Outfielder,RF,RF,3,0,0,1,0,0,1.000,.---,0,0,.000,,DET,116,Detroit Tigers,Tigers,1,,0,player,0,.500,.---,2026
2026-08-10T21:33:44-04:00,2026,player,hitting,last_7,,,,,0,1,-.--,1.000,1.000,,0,0,0,.---,0,0,,,6,0,0,,0,0,0,-.--,0,1,0,.000,0,.000,103,American League,0,,,3,1.000,2.000,3.000,1,James,James Outman,681546,J Outman,Outman,James Outman,James,,,Outfielder,CF,CF,3,0,0,1,0,0,1.000,.---,0,0,.000,,DET,116,Detroit Tigers,Tigers,1,,0,player,0,.000,.---,2026
2026-08-10T21:33:44-04:00,2026,player,hitting,last_7,,,,,1,6,6.00,.500,.500,,1,0,0,.---,1,2,,,3,0,0,,0,0,1,1.00,0,3,1,.143,0,.667,104,National League,0,,,23,.571,1.738,3.286,7,Gary,Gary Sánchez,596142,G Sánchez,Sánchez,Gary Sánchez,Gary,,,Catcher,C,C,6,1,0,2,0,0,1.167,.---,0,1,.143,,MIL,158,Milwaukee Brewers,Brewers,7,,0,player,0,.143,1.000,2026
2026-08-10T21:33:44-04:00,2026,player,hitting,last_7,,,,,2,10,5.00,.500,.429,,3,0,0,.000,0,2,,,3,0,1,,0,0,2,1.00,0,5,2,.154,0,.600,104,National League,2,,,61,.615,1.715,4.692,13,Luis,Luis Torrens,620443,L Torrens,Torrens,Luis Torrens,Luis,,,Catcher,C,C,7,7,0,3,0,0,1.100,1.000,1,1,.077,,NYM,121,New York Mets,Mets,11,,0,player,0,.231,3.000,2026
2026-08-10T21:33:44-04:00,2026,player,hitting,last_7,,,,,2,3,3.00,.333,.000,,0,0,0,.---,0,1,,,1,0,0,,0,0,0,0.00,0,1,1,.333,0,1.000,103,American League,0,,,14,.333,1.666,4.667,3,Yohel,Yohel Pozo,650968,Y Pozo,Pozo,Yohel Pozo,Yohel,,,Catcher,C,C,8,1,0,1,0,0,1.333,.---,0,0,.000,,BAL,110,Baltimore Orioles,Orioles,4,,0,player,0,.000,.---,2026
2026-08-10T21:33:44-04:00,2026,player,hitting,last_7,,,,,8,16,5.33,.438,.308,,5,0,1,.500,1,4,,,5,0,4,,0,0,1,0.13,0,7,3,.130,1,.625,103,American League,7,,,79,.522,1.585,3.435,23,Wilyer,Wilyer Abreu,677800,W Abreu,Abreu,Wilyer Abreu,Wilyer,,,Outfielder,RF,RF,9,9,0,7,0,2,1.063,.500,1,2,.087,,BOS,111,Boston Red Sox,Red Sox,17,,0,player,0,.217,2.500,2026
2026-08-10T21:33:44-04:00,2026,player,hitting,last_7,,,,,1,8,-.--,.625,.833,,0,0,0,.000,2,2,,,4,0,1,,0,0,0,0.00,0,5,0,.000,0,.250,103,American League,2,,,31,.625,1.500,3.875,8,Jahmai,Jahmai Jones,663330,J Jones,Jones,Jahmai Jones,Jahmai,,,Designated Hitter,DH,DH,10,0,0,3,0,0,.875,1.000,2,2,.250,,BOS,111,Boston Red Sox,Red Sox,7,,0,player,0,.000,.---,2026
2026-08-10T21:33:44-04:00,2026,player,hitting,last_7,,,,,3,14,4.67,.357,.286,,4,0,0,.---,0,3,,,6,1,3,,1,0,2,0.67,0,5,3,.167,0,.643,103,American League,6,,,95,.500,1.500,5.278,18,Tyler,Tyler O'Neill,641933,T O'Neill,O'Neill,Tyler O'Neill,Tyler,,,Outfielder,RF,RF,10,5,0,3,0,0,1.000,.---,0,4,.222,,BAL,110,Baltimore Orioles,Orioles,14,,0,player,0,.222,1.000,2026
2026-08-10T21:33:44-04:00,2026,player,hitting,last_7,,,,,1,10,5.00,.400,.500,,2,0,1,1.000,0,2,,,4,0,0,,0,0,1,1.00,0,4,2,.167,0,.600,103,American League,2,,,47,.500,1.500,3.917,12,Cameron,Cam Smith,701358,C Smith,Smith,Cam Smith,Cam,,,Outfielder,RF,RF,10,3,0,3,0,0,1.000,.000,0,4,.333,,HOU,117,Houston Astros,Astros,10,,0,player,0,.167,.500,2026
2026-08-10T21:33:44-04:00,2026,player,hitting,last_7,,,,,3,23,11.50,.565,.550,,0,0,0,.000,2,4,,,5,1,3,,1,0,6,2.00,0,13,2,.087,0,.348,104,National League,4,,,61,.565,1.478,2.652,23,Jacob,Jake McCarthy,664983,J McCarthy,McCarthy,Jake McCarthy,Jake,,,Outfielder,LF,LF,13,3,0,7,0,0,.913,1.000,3,1,.043,,COL,115,Colorado Rockies,Rockies,21,,0,player,0,.000,.---,2026
2026-08-10T21:33:44-04:00,2026,player,hitting,last_7,,,,,0,13,6.50,.385,.600,,1,0,0,.---,2,4,,,6,1,1,,1,0,2,2.00,0,5,2,.143,0,.615,103,American League,6,,,61,.429,1.429,4.357,14,Jose,Jose Siri,642350,J Siri,Siri,Jose Siri,Jose,,,Outfielder,CF,CF,14,2,0,2,0,0,1.000,.---,0,6,.429,,LAA,108,Los Angeles Angels,Angels,13,,0,player,0,.071,.167,2026
2026-08-10T21:33:44-04:00,2026,player,hitting,last_7,,,,,2,6,-.--,.500,.600,,2,0,0,.---,2,2,,,3,0,1,,0,0,0,0.00,0,3,0,.000,0,.333,103,American League,4,,,44,.556,1.389,4.889,9,Jacob,Jake Rogers,668670,J Rogers,Rogers,Jake Rogers,Jake,,,Catcher,C,C,15,2,0,4,0,1,.833,.---,0,2,.222,,BOS,111,Boston Red Sox,Red Sox,5,,0,player,0,.222,1.000,2026
2026-08-10T21:33:44-04:00,2026,player,hitting,last_7,,,,,3,23,11.50,.478,.474,,0,0,1,.500,3,5,,,6,0,10,,0,0,7,2.33,0,11,2,.087,0,.391,103,American League,5,,,72,.478,1.348,3.130,23,Jeffrey,Jac Caglianone,695506,J Caglianone,Caglianone,Jac Caglianone,Jac,,,Outfielder,RF,RF,16,7,0,3,0,0,.870,.500,1,2,.087,,KC,118,Kansas City Royals,Royals,20,,0,player,0,.000,.---,2026
2026-08-10T21:33:44-04:00,2026,player,hitting,last_7,,,,,0,3,-.--,.667,1.000,,0,0,0,.000,0,0,,,5,0,0,,0,0,0,-.--,0,2,0,.000,0,.000,104,National League,0,,,12,.667,1.334,4.000,3,Jorge,Jorge Barrosa,678489,J Barrosa,Barrosa,Jorge Barrosa,Jorge,,,Outfielder,CF,CF,17,0,0,3,0,0,.667,1.000,1,1,.333,,AZ,109,Arizona Diamondbacks,D-backs,2,,0,player,0,.000,.---,2026
2026-08-10T21:33:44-04:00,2026,player,hitting,last_7,,,,,2,5,5.00,.200,.000,,1,0,0,.---,0,1,,,2,1,2,,1,0,1,0.50,2,1,1,.125,0,.600,103,American League,3,,,25,.500,1.300,3.125,8,Kaelen,Kaelen Culpepper,701785,K Culpepper,Culpepper,Kaelen Culpepper,Kaelen,,,Shortstop,SS,SS,18,1,0,2,0,0,.800,.---,0,1,.125,,MIN,142,Minnesota Twins,Twins,4,,0,player,0,.125,1.000,2026
2026-08-10T21:33:44-04:00,2026,player,hitting,last_7,,,,,5,19,-.--,.474,.474,,7,0,0,.000,4,4,,,6,0,4,,0,0,6,1.20,0,9,0,.000,0,.211,104,National League,4,,,128,.615,1.299,4.741,27,Bryson,Bryson Stott,681082,B Stott,Stott,Bryson Stott,Bryson,,,Second Base,2B,2B,19,3,0,4,1,0,.684,1.000,3,0,.000,,PHI,143,Philadelphia Phillies,Phillies,13,,0,player,0,.259,.---,2026
2026-08-10T21:33:44-04:00,2026,player,hitting,last_7,,,,,5,21,5.25,.286,.167,,5,0,1,1.000,0,4,,,6,1,2,,1,0,5,1.00,0,6,4,.154,2,.571,104,National League,10,,,90,.423,1.280,3.462,26,Jackson,Jackson Chourio,694192,J Chourio,Chourio,Jackson Chourio,Jackson,,,Outfielder,LF,LF,20,5,0,4,0,0,.857,.000,0,5,.192,,MIL,158,Milwaukee Brewers,Brewers,18,,0,player,0,.192,1.000,2026
2026-08-10T21:33:44-04:00,2026,player,hitting,last_7,,,,,0,3,-.--,.333,.500,,2,0,0,.---,1,1,,,2,0,0,,0,0,1,1.00,0,1,0,.000,0,.333,104,National League,0,,,18,.600,1.267,3.600,5,Esteury,Esteury Ruiz,665923,E Ruiz,Ruiz,Esteury Ruiz,Esteury,,,Outfielder,RF,RF,21,0,0,0,0,0,.667,.---,0,1,.200,,MIA,146,Miami Marlins,Marlins,2,,0,player,0,.400,2.000,2026
2026-08-10T21:33:44-04:00,2026,player,hitting,last_7,,,,,2,6,6.00,.333,.333,,1,0,0,.---,0,1,,,3,0,1,,0,0,0,0.00,0,2,1,.143,0,.500,104,National League,2,,,27,.429,1.262,3.857,7,Brett,Brett Sullivan,664954,B Sullivan,Sullivan,Brett Sullivan,Brett,,,Catcher,C,C,22,2,0,1,0,0,.833,.---,0,2,.286,,COL,115,Colorado Rockies,Rockies,5,,0,player,0,.143,.500,2026
2026-08-10T21:33:44-04:00,2026,player,hitting,last_7,,,,,1,2,-.--,.500,.500,,2,0,1,1.000,0,0,,,3,0,0,,0,0,0,0.00,0,1,0,.000,0,.000,104,National League,0,,,26,.750,1.250,6.500,4,Sung-Mun,Sung-Mun Song,823550,S Song,Song,Sung-Mun Song,Sung-Mun,,,Second Base,2B,2B,23,0,0,2,0,0,.500,.000,0,0,.000,,SD,135,San Diego Padres,Padres,1,,0,player,0,.500,.---,2026
2026-08-10T21:33:44-04:00,2026,player,hitting,last_7,,,,,4,13,-.--,.538,.583,,3,0,0,.---,1,1,,,4,0,3,,0,0,1,0.25,0,7,0,.000,1,.077,104,National League,1,,,44,.625,1.240,2.750,16,Keibert,Keibert Ruiz,660688,K Ruiz,Ruiz,Keibert Ruiz,Keibert,,,Catcher,C,C,24,3,0,2,0,0,.615,.---,0,1,.063,,WSH,120,Washington Nationals,Nationals,8,,0,player,0,.188,3.000,2026
2026-08-10T21:33:44-04:00,2026,player,hitting,last_7,,,,,5,19,9.50,.421,.462,,1,0,0,.---,1,3,,,5,0,2,,0,0,2,0.40,0,8,2,.100,0,.368,103,American League,3,,,85,.450,1.239,4.250,20,Brandon,Brandon Nimmo,607043,B Nimmo,Nimmo,Brandon Nimmo,Brandon,,,Outfielder,RF,RF,25,6,0,3,0,0,.789,.---,0,4,.200,,TEX,140,Texas Rangers,Rangers,15,,0,player,0,.050,.250,2026
2026-08-10T21:33:44-04:00,2026,player,hitting,last_7,,,,,5,17,17.00,.412,.500,,0,0,0,.---,0,3,,,6,0,1,,0,0,1,0.20,0,7,1,.059,0,.412,103,American League,5,,,70,.412,1.236,4.118,17,Coby,Coby Mayo,691723,C Mayo,Mayo,Coby Mayo,Coby,,,Third Base,3B,3B,26,2,0,1,0,0,.824,.---,0,4,.235,,BAL,110,Baltimore Orioles,Orioles,14,,2,player,0,.000,.---,2026
2026-08-10T21:33:44-04:00,2026,player,hitting,last_7,,,,,4,22,11.00,.409,.438,,1,0,0,.000,0,3,,,5,1,6,,1,0,5,1.25,0,9,2,.087,0,.364,104,National League,7,,,87,.435,1.208,3.783,23,Carson,Carson Benge,701807,C Benge,Benge,Carson Benge,Carson,,,Outfielder,RF,RF,27,6,1,6,0,0,.773,1.000,1,4,.174,,NYM,121,New York Mets,Mets,17,,1,player,0,.043,.250,2026
2026-08-10T21:33:44-04:00,2026,player,hitting,last_7,,,,,8,25,8.33,.320,.263,,2,0,1,1.000,3,6,,,6,0,1,,0,0,6,0.75,0,8,3,.111,0,.480,104,National League,10,,,96,.370,1.170,3.556,27,Fernando,Fernando Tatis Jr.,665487,F Tatis Jr.,Tatis,Fernando Tatis Jr.,Fernando,,,Outfielder,RF,RF,28,5,1,8,0,0,.800,.000,0,3,.111,,SD,135,San Diego Padres,Padres,20,,0,player,0,.074,.667,2026
2026-08-10T21:33:44-04:00,2026,player,hitting,last_7,,,,,3,20,10.00,.300,.364,,4,0,0,.---,1,4,,,6,0,1,,0,0,4,1.33,0,6,2,.083,0,.450,103,American League,5,,,104,.417,1.167,4.333,24,Tyler,Tyler Soderstrom,691016,T Soderstrom,Soderstrom,Tyler Soderstrom,Tyler,,,Outfielder,LF,LF,29,5,0,5,0,0,.750,.---,0,7,.292,,ATH,133,Athletics,Athletics,15,,1,player,0,.167,.571,2026
2026-08-10T21:33:44-04:00,2026,player,hitting,last_7,,,,,4,17,8.50,.294,.333,,2,0,0,.000,2,4,,,6,0,1,,0,0,2,0.50,1,5,2,.100,0,.471,104,National League,4,,,86,.400,1.165,4.300,20,Matthew,Matt McLain,680574,M McLain,McLain,Matt McLain,Matt,,,Second Base,2B,2B,30,2,0,4,0,0,.765,1.000,1,6,.300,,CIN,113,Cincinnati Reds,Reds,13,,0,player,0,.100,.333,2026
2026-08-10T21:33:44-04:00,2026,player,hitting,last_7,,,,,3,11,5.50,.273,.200,,1,0,0,.---,0,2,,,4,1,3,,1,0,1,0.33,0,3,2,.167,0,.545,104,National League,4,,,57,.333,1.151,4.750,12,Endy,Endy Rodríguez,682848,E Rodríguez,Rodríguez,Endy Rodríguez,Endy,,,Catcher,C,C,31,3,0,2,0,0,.818,.---,0,4,.333,,PIT,134,Pittsburgh Pirates,Pirates,9,,0,player,0,.083,.250,2026
2026-08-10T21:33:44-04:00,2026,player,hitting,last_7,,,,,4,25,12.50,.360,.538,,5,0,0,.000,2,4,,,6,0,2,,0,0,2,0.50,0,9,2,.067,0,.320,104,National League,9,,,111,.467,1.147,3.700,30,Pete,Pete Crow-Armstrong,691718,P Crow-Armstrong,Crow-Armstrong,Pete Crow-Armstrong,Pete,,,Outfielder,CF,CF,32,7,0,9,0,0,.680,1.000,4,10,.333,,CHC,112,Chicago Cubs,Cubs,17,,0,player,0,.167,.500,2026
2026-08-10T21:33:44-04:00,2026,player,hitting,last_7,,,,,0,7,-.--,.429,.750,,0,0,0,.---,2,2,,,2,0,0,,0,0,1,1.00,0,3,0,.000,0,.286,104,National League,1,,,31,.429,1.143,4.429,7,Tyler,Tyler Locklear,682988,T Locklear,Locklear,Tyler Locklear,Tyler,,,First Base,1B,1B,33,0,0,2,0,0,.714,.---,0,3,.429,,AZ,109,Arizona Diamondbacks,D-backs,5,,0,player,0,.000,.---,2026
2026-08-10T21:33:44-04:00,2026,player,hitting,last_7,,,,,6,22,7.33,.273,.273,,2,0,0,.---,2,5,,,6,0,1,,0,0,2,0.33,1,6,3,.120,0,.500,104,National League,5,,,111,.360,1.133,4.440,25,Matthew,Matt Olson,621566,M Olson,Olson,Matt Olson,Matt,,,First Base,1B,1B,34,3,1,5,0,0,.773,.---,0,8,.320,,ATL,144,Atlanta Braves,Braves,17,,0,player,0,.080,.250,2026
2026-08-10T21:33:44-04:00,2026,player,hitting,last_7,,,,,3,23,23.00,.435,.563,,0,0,0,.---,3,4,,,5,0,2,,0,0,4,1.33,0,10,1,.043,0,.261,104,National League,10,,,97,.435,1.131,4.217,23,Ivan,Iván Herrera,671056,I Herrera,Herrera,Iván Herrera,Iván,,,Designated Hitter,DH,DH,35,4,0,4,0,0,.696,.---,0,6,.261,,STL,138,St. Louis Cardinals,Cardinals,16,,0,player,0,.000,.---,2026
2026-08-10T21:33:44-04:00,2026,player,hitting,last_7,,,,,6,26,26.00,.423,.526,,2,0,0,.---,3,4,,,6,0,4,,0,0,3,0.50,0,11,1,.036,0,.231,104,National League,9,,,117,.464,1.118,4.179,28,Bo,Bo Bichette,666182,B Bichette,Bichette,Bo Bichette,Bo,,,Third Base,3B,3B,36,6,0,4,0,0,.654,.---,0,6,.214,,NYM,121,New York Mets,Mets,17,,0,player,0,.071,.333,2026
2026-08-10T21:33:44-04:00,2026,player,hitting,last_7,,,,,3,11,11.00,.273,.286,,2,0,0,.---,2,3,,,4,0,1,,0,0,2,0.67,0,3,1,.077,0,.455,104,National League,7,,,59,.385,1.112,4.538,13,Harrison,Harry Ford,695670,H Ford,Ford,Harry Ford,Harry,,,Catcher,C,C,37,2,0,3,0,0,.727,.---,0,3,.231,,WSH,120,Washington Nationals,Nationals,8,,0,player,0,.154,.667,2026
2026-08-10T21:33:44-04:00,2026,player,hitting,last_7,,,,,9,22,11.00,.364,.316,,4,0,0,.---,0,2,,,6,0,4,,0,0,4,0.44,0,8,2,.077,0,.273,103,American League,6,,,110,.462,1.098,4.231,26,Joshua,Josh Bell,605137,J Bell,Bell,Josh Bell,Josh,,,Designated Hitter,DH,DH,38,5,0,5,0,0,.636,.---,0,1,.038,,MIN,142,Minnesota Twins,Twins,14,,0,player,0,.154,4.000,2026
2026-08-10T21:33:44-04:00,2026,player,hitting,last_7,,,,,6,17,-.--,.412,.412,,4,0,1,1.000,2,2,,,6,0,4,,0,0,4,0.67,2,7,0,.000,0,.118,103,American League,11,,,92,.565,1.094,4.000,23,Zachary,Zach McKinstry,656716,Z McKinstry,McKinstry,Zach McKinstry,Zach,,,Second Base,2B,2B,39,1,0,4,0,0,.529,.000,0,0,.000,,DET,116,Detroit Tigers,Tigers,9,,0,player,0,.174,.---,2026
2026-08-10T21:33:44-04:00,2026,player,hitting,last_7,,,,,6,17,-.--,.412,.438,,3,0,1,1.000,1,2,,,6,1,7,,1,0,3,0.50,0,7,0,.000,0,.176,104,National League,10,,,75,.500,1.088,3.750,20,Jakob,Jakob Marsee,805300,J Marsee,Marsee,Jakob Marsee,Jakob,,,Outfielder,CF,CF,40,0,0,4,0,0,.588,.000,0,1,.050,,MIA,146,Miami Marlins,Marlins,10,,1,player,0,.150,3.000,2026
2026-08-10T21:33:44-04:00,2026,player,hitting,last_7,,,,,7,19,9.50,.316,.250,,1,0,0,.---,0,3,,,5,0,1,,0,0,5,0.71,0,6,2,.100,0,.421,104,National League,6,,,74,.350,1.087,3.700,20,Kyle,Kyle Tucker,663656,K Tucker,Tucker,Kyle Tucker,Kyle,,,Outfielder,RF,RF,41,3,0,4,0,0,.737,.---,0,1,.050,,LAD,119,Los Angeles Dodgers,Dodgers,14,,1,player,0,.050,1.000,2026
2026-08-10T21:33:44-04:00,2026,player,hitting,last_7,,,,,6,19,-.--,.421,.471,,1,0,0,.---,4,4,,,6,0,5,,0,0,3,0.50,0,8,0,.000,0,.211,104,National League,7,,,80,.450,1.082,4.000,20,Javier,Javier Sanoja,691594,J Sanoja,Sanoja,Javier Sanoja,Javier,,,Third Base,3B,3B,42,5,0,2,0,0,.632,.---,0,2,.100,,MIA,146,Miami Marlins,Marlins,12,,0,player,0,.050,.500,2026
2026-08-10T21:33:44-04:00,2026,player,hitting,last_7,,,,,6,21,21.00,.381,.389,,4,0,1,.333,2,3,,,6,0,4,,0,0,5,0.83,0,8,1,.038,0,.238,103,American League,9,,,107,.462,1.081,4.115,26,Caleb,Caleb Durbin,702332,C Durbin,Durbin,Caleb Durbin,Caleb,,,Third Base,3B,3B,43,9,0,5,0,1,.619,.667,2,3,.115,,BOS,111,Boston Red Sox,Red Sox,13,,0,player,1,.154,1.333,2026
2026-08-10T21:33:44-04:00,2026,player,hitting,last_7,,,,,7,26,8.67,.308,.263,,3,0,0,.---,1,4,,,6,1,7,,1,0,7,1.00,0,8,3,.103,0,.385,103,American League,11,,,113,.379,1.071,3.897,29,Francis,Dillon Dingler,693307,D Dingler,Dingler,Dillon Dingler,Dillon,,,Catcher,C,C,44,8,0,6,0,0,.692,.---,0,4,.138,,DET,116,Detroit Tigers,Tigers,18,,0,player,0,.103,.750,2026
2026-08-10T21:33:44-04:00,2026,player,hitting,last_7,,,,,6,25,12.50,.360,.389,,1,0,0,.000,0,3,,,6,1,3,,1,0,5,0.83,0,9,2,.077,0,.320,104,National League,11,,,98,.385,1.065,3.769,26,Jackson,Jackson Merrill,701538,J Merrill,Merrill,Jackson Merrill,Jackson,,,Outfielder,CF,CF,45,7,0,7,0,0,.680,1.000,1,5,.192,,SD,135,San Diego Padres,Padres,17,,1,player,0,.038,.200,2026
2026-08-10T21:33:44-04:00,2026,player,hitting,last_7,,,,,6,25,25.00,.400,.529,,0,0,0,.000,3,4,,,6,0,3,,0,0,2,0.33,1,10,1,.038,0,.240,103,American League,10,,,108,.423,1.063,4.154,26,Royce,Royce Lewis,668904,R Lewis,Lewis,Royce Lewis,Royce,,,First Base,1B,1B,46,4,0,3,0,0,.640,1.000,1,7,.269,,MIN,142,Minnesota Twins,Twins,16,,0,player,0,.000,.---,2026
2026-08-10T21:33:44-04:00,2026,player,hitting,last_7,,,,,2,12,6.00,.250,.125,,1,0,0,.---,0,2,,,4,1,2,,1,0,5,2.50,0,3,2,.154,0,.500,103,American League,5,,,44,.308,1.058,3.385,13,Taylor,Taylor Trammell,666211,T Trammell,Trammell,Taylor Trammell,Taylor,,,Outfielder,CF,CF,47,4,0,4,0,0,.750,.---,0,2,.154,,HOU,117,Houston Astros,Astros,9,,0,player,0,.077,.500,2026
2026-08-10T21:33:44-04:00,2026,player,hitting,last_7,,,,,3,17,8.50,.235,.250,,4,0,0,.---,1,3,,,6,0,0,,0,0,3,1.00,1,4,2,.091,0,.412,104,National League,4,,,107,.409,1.056,4.864,22,Eugenio,Eugenio Suárez,553993,E Suárez,Suárez,Eugenio Suárez,Eugenio,,,Designated Hitter,DH,DH,48,4,0,2,0,0,.647,.---,0,7,.318,,CIN,113,Cincinnati Reds,Reds,11,,0,player,0,.182,.571,2026
2026-08-10T21:33:44-04:00,2026,player,hitting,last_7,,,,,4,16,8.00,.250,.182,,2,0,0,.000,1,3,,,5,1,3,,1,0,5,1.25,1,4,2,.105,0,.438,103,American League,7,,,59,.368,1.056,3.105,19,Joshua-Douglas,Josh Naylor,647304,J Naylor,Naylor,Josh Naylor,Josh,,,First Base,1B,1B,49,2,0,2,0,0,.688,1.000,1,3,.158,,SEA,136,Seattle Mariners,Mariners,11,,0,player,0,.105,.667,2026
2026-08-10T21:33:44-04:00,2026,player,hitting,last_7,,,,,2,17,8.50,.294,.300,,3,0,0,.---,0,2,,,5,0,2,,0,0,5,2.50,0,5,2,.100,0,.353,103,American League,7,,,90,.400,1.047,4.500,20,George,George Lombard Jr.,806146,G Lombard Jr.,Lombard,George Lombard Jr.,George,,,Shortstop,SS,SS,50,2,0,4,0,0,.647,.---,0,5,.250,,NYY,147,New York Yankees,Yankees,11,,0,player,0,.150,.600,2026
2026-08-10T21:33:44-04:00,2026,player,hitting,last_7,,,,,2,20,10.00,.300,.333,,3,0,0,.---,1,3,,,5,0,4,,0,0,6,3.00,0,6,2,.087,0,.350,103,American League,9,,,97,.391,1.041,4.217,23,Chase,Chase Meidroth,805367,C Meidroth,Meidroth,Chase Meidroth,Chase,,,Second Base,2B,2B,51,6,0,3,0,0,.650,.---,0,6,.261,,CWS,145,Chicago White Sox,White Sox,13,,0,player,0,.130,.500,2026
2026-08-10T21:33:44-04:00,2026,player,hitting,last_7,,,,,4,21,10.50,.333,.385,,3,0,0,.000,0,2,,,6,0,0,,0,0,4,1.00,0,7,2,.083,0,.286,103,American League,9,,,81,.417,1.036,3.375,24,Julio,Julio Rodríguez,677594,J Rodríguez,Rodríguez,Julio Rodríguez,Julio,,,Outfielder,CF,CF,52,4,0,2,0,0,.619,1.000,1,6,.250,,SEA,136,Seattle Mariners,Mariners,13,,0,player,0,.125,.500,2026
2026-08-10T21:33:44-04:00,2026,player,hitting,last_7,,,,,5,19,19.00,.368,.500,,1,0,1,1.000,2,3,,,5,0,6,,0,0,2,0.40,0,7,1,.048,0,.263,103,American League,11,,,69,.400,1.032,3.286,21,Angel,Angel Martínez,682657,A Martínez,Martínez,Angel Martínez,Angel,,,Outfielder,LF,LF,53,9,0,3,1,0,.632,.000,0,6,.286,,CLE,114,Cleveland Guardians,Guardians,12,,0,player,0,.048,.167,2026
2026-08-10T21:33:44-04:00,2026,player,hitting,last_7,,,,,6,18,-.--,.444,.471,,1,0,0,.000,2,2,,,5,0,1,,0,0,3,0.50,0,8,0,.000,0,.111,104,National League,4,,,54,.474,1.030,2.842,19,Mauricio,Mauricio Dubón,643289,M Dubón,Dubón,Mauricio Dubón,Mauricio,,,Outfielder,LF,LF,54,3,0,3,0,0,.556,1.000,2,1,.053,,ATL,144,Atlanta Braves,Braves,10,,0,player,0,.053,1.000,2026
2026-08-10T21:33:44-04:00,2026,player,hitting,last_7,,,,,3,10,10.00,.300,.400,,3,0,1,1.000,0,1,,,3,0,3,,0,0,0,0.00,0,3,1,.071,0,.300,104,National League,3,,,63,.429,1.029,4.500,14,Jakob,Jake Bauers,641343,J Bauers,Bauers,Jake Bauers,Jake,,,First Base,1B,1B,55,3,0,1,0,1,.600,.000,0,5,.357,,MIL,158,Milwaukee Brewers,Brewers,6,,0,player,1,.214,.600,2026
2026-08-10T21:33:44-04:00,2026,player,hitting,last_7,,,,,3,22,11.00,.273,.333,,5,1,0,.000,1,3,,,6,0,2,,0,0,5,1.67,1,6,2,.069,2,.318,104,National League,11,,,96,.429,1.020,3.310,29,Kyle,Kyle Schwarber,656941,K Schwarber,Schwarber,Kyle Schwarber,Kyle,,,Designated Hitter,DH,DH,56,5,1,3,0,0,.591,1.000,1,8,.276,,PHI,143,Philadelphia Phillies,Phillies,13,,0,player,0,.172,.625,2026
2026-08-10T21:33:44-04:00,2026,player,hitting,last_7,,,,,7,17,17.00,.294,.250,,3,0,0,.---,2,3,,,5,0,4,,0,0,5,0.71,1,5,1,.048,1,.294,103,American League,9,,,64,.429,1.017,3.048,21,Liam,Liam Hicks,689414,L Hicks,Hicks,Liam Hicks,Liam,,,Catcher,C,C,57,6,0,1,0,0,.588,.---,0,0,.000,,TB,139,Tampa Bay Rays,Rays,10,,0,player,0,.143,.---,2026
2026-08-10T21:33:44-04:00,2026,player,hitting,last_7,,,,,4,16,-.--,.375,.400,,3,0,0,.000,1,2,,,6,0,4,,0,0,6,1.50,0,6,0,.000,0,.188,104,National League,6,,,69,.450,1.013,3.286,21,Justin,Justin Crawford,702222,J Crawford,Crawford,Justin Crawford,Justin,,,Outfielder,CF,CF,58,3,0,3,1,1,.563,1.000,2,2,.095,,PHI,143,Philadelphia Phillies,Phillies,9,,1,player,0,.143,1.500,2026
2026-08-10T21:33:44-04:00,2026,player,hitting,last_7,,,,,5,15,-.--,.400,.400,,1,0,0,.---,3,3,,,4,0,2,,0,0,4,0.80,0,6,0,.000,0,.200,103,American League,3,,,57,.412,1.012,3.353,17,Masataka,Masataka Yoshida,807799,M Yoshida,Yoshida,Masataka Yoshida,Masataka,,,Designated Hitter,DH,DH,59,4,0,3,0,1,.600,.---,0,1,.059,,BOS,111,Boston Red Sox,Red Sox,9,,0,player,0,.059,1.000,2026
2026-08-10T21:33:44-04:00,2026,player,hitting,last_7,,,,,5,19,19.00,.368,.353,,2,0,0,.---,1,2,,,5,0,2,,0,0,6,1.20,0,7,1,.048,0,.211,103,American League,2,,,67,.429,1.008,3.190,21,Jose,Jose Altuve,514888,J Altuve,Altuve,Jose Altuve,Jose,,,Second Base,2B,2B,60,3,0,3,0,0,.579,.---,0,1,.048,,HOU,117,Houston Astros,Astros,11,,0,player,0,.095,2.000,2026
2026-08-10T21:33:44-04:00,2026,player,hitting,last_7,,,,,2,8,8.00,.250,.167,,0,0,0,.---,1,2,,,3,0,0,,0,0,3,1.50,0,2,1,.125,0,.500,103,American League,0,,,27,.250,1.000,3.375,8,Starling,Starling Marte,516782,S Marte,Marte,Starling Marte,Starling,,,Outfielder,RF,RF,61,4,0,2,0,0,.750,.---,0,1,.125,,KC,118,Kansas City Royals,Royals,6,,0,player,0,.000,.---,2026
2026-08-10T21:33:44-04:00,2026,player,hitting,last_7,,,,,5,18,18.00,.278,.308,,0,0,0,.000,1,4,,,5,0,1,,0,0,5,1.00,0,5,1,.053,0,.444,103,American League,9,,,60,.278,1.000,3.158,19,Victor,Victor Mesa Jr.,683748,V Mesa Jr.,Mesa,Victor Mesa Jr.,Victor,,,Outfielder,RF,RF,61,2,0,2,1,0,.722,1.000,1,4,.211,,TB,139,Tampa Bay Rays,Rays,13,,2,player,0,.000,.---,2026
2026-08-10T21:33:44-04:00,2026,player,hitting,last_7,,,,,0,5,-.--,.400,.500,,0,0,0,.---,1,1,,,2,0,1,,0,0,2,2.00,0,2,0,.000,0,.200,103,American League,3,,,15,.400,1.000,3.000,5,Jacob,Jake Meyers,676694,J Meyers,Meyers,Jake Meyers,Jake,,,Outfielder,CF,CF,61,0,0,1,0,0,.600,.---,0,1,.200,,HOU,117,Houston Astros,Astros,3,,0,player,0,.000,.---,2026
2026-08-10T21:33:44-04:00,2026,player,hitting,last_7,,,,,0,6,-.--,.500,.750,,0,0,0,.---,0,0,,,3,0,1,,0,0,1,1.00,0,3,0,.000,0,.000,104,National League,2,,,20,.500,1.000,3.333,6,Miguel,Miguel Rojas,500743,M Rojas,Rojas,Miguel Rojas,Miguel,,,Second Base,2B,2B,61,0,0,1,0,0,.500,.---,0,2,.333,,LAD,119,Los Angeles Dodgers,Dodgers,3,,0,player,0,.000,.---,2026
2026-08-10T21:33:44-04:00,2026,player,hitting,last_7,,,,,0,2,-.--,.500,1.000,,0,0,0,.---,0,0,,,1,0,0,,0,0,0,-.--,0,1,0,.000,0,.000,104,National League,1,,,6,.500,1.000,3.000,2,Eric,Eric Wagaman,676572,E Wagaman,Wagaman,Eric Wagaman,Eric,,,First Base,1B,1B,61,0,0,1,0,0,.500,.---,0,1,.500,,NYM,121,New York Mets,Mets,1,,0,player,0,.000,.---,2026
2026-08-10T21:33:44-04:00,2026,player,hitting,last_7,,,,,0,3,-.--,.333,.500,,0,0,0,.---,1,1,,,2,1,2,,1,0,1,1.00,0,1,0,.000,0,.333,104,National League,5,,,8,.333,1.000,2.667,3,Gage,Gage Workman,669398,G Workman,Workman,Gage Workman,Gage,,,Third Base,3B,3B,61,3,0,0,0,0,.667,.---,0,1,.333,,SD,135,San Diego Padres,Padres,2,,0,player,0,.000,.---,2026
2026-08-10T21:33:44-04:00,2026,player,hitting,last_7,,,,,1,4,-.--,.500,.667,,0,0,0,.---,0,0,,,2,0,1,,0,0,0,0.00,0,2,0,.000,0,.000,103,American League,1,,,19,.500,1.000,4.750,4,Robert,Austin Wynns,642851,A Wynns,Wynns,Austin Wynns,Austin,,,Catcher,C,C,61,0,0,0,0,0,.500,.---,0,1,.250,,TEX,140,Texas Rangers,Rangers,2,,0,player,0,.000,.---,2026
2026-08-10T21:33:44-04:00,2026,player,hitting,last_7,,,,,0,4,-.--,.500,1.000,,0,0,0,.---,0,0,,,2,0,1,,0,0,0,-.--,0,2,0,.000,0,.000,103,American League,0,,,19,.500,1.000,4.750,4,Travis,Travis d'Arnaud,518595,T d'Arnaud,d'Arnaud,Travis d'Arnaud,Travis,,,Catcher,C,C,61,0,0,0,0,0,.500,.---,0,2,.500,,LAA,108,Los Angeles Angels,Angels,2,,0,player,0,.000,.---,2026
2026-08-10T21:33:44-04:00,2026,player,hitting,last_7,,,,,5,19,19.00,.263,.308,,10,0,1,.500,1,2,,,6,1,2,,1,0,4,0.80,0,5,1,.034,0,.211,104,National League,9,,,123,.517,.991,4.241,29,Bryce,Bryce Harper,547180,B Harper,Harper,Bryce Harper,Bryce,,,First Base,1B,1B,69,3,0,4,0,0,.474,.500,1,5,.172,,PHI,143,Philadelphia Phillies,Phillies,9,,0,player,0,.345,2.000,2026
2026-08-10T21:33:44-04:00,2026,player,hitting,last_7,,,,,4,21,-.--,.333,.389,,3,0,0,.000,1,3,,,6,0,4,,0,0,7,1.75,0,7,0,.000,0,.238,104,National League,8,,,104,.417,.988,4.333,24,Jared,Jared Young,676724,J Young,Young,Jared Young,Jared,,,First Base,1B,1B,70,4,0,5,0,0,.571,1.000,2,3,.125,,NYM,121,New York Mets,Mets,12,,2,player,0,.125,1.000,2026
2026-08-10T21:33:44-04:00,2026,player,hitting,last_7,,,,,7,17,-.--,.353,.375,,2,0,0,.---,1,2,,,6,0,5,,0,0,3,0.43,2,6,0,.000,0,.176,104,National League,12,,,83,.455,.984,3.773,22,Jacob,Jacob Young,696285,J Young,Young,Jacob Young,Jacob,,,Outfielder,CF,CF,71,4,0,4,0,1,.529,.---,0,2,.091,,WSH,120,Washington Nationals,Nationals,9,,1,player,0,.091,1.000,2026
2026-08-10T21:33:44-04:00,2026,player,hitting,last_7,,,,,4,12,12.00,.250,.250,,3,0,1,1.000,1,2,,,6,1,2,,1,0,2,0.50,0,3,1,.067,0,.333,103,American League,7,,,62,.400,.983,4.133,15,Jesús,Jesús Sánchez,660821,J Sánchez,Sánchez,Jesús Sánchez,Jesús,,,Outfielder,RF,RF,72,2,0,1,0,0,.583,.000,0,3,.200,,TOR,141,Toronto Blue Jays,Blue Jays,7,,0,player,0,.200,1.000,2026
2026-08-10T21:33:44-04:00,2026,player,hitting,last_7,,,,,3,9,-.--,.333,.429,,4,0,0,.000,1,1,,,5,0,2,,0,0,2,0.67,0,3,0,.000,0,.111,103,American League,3,,,68,.538,.982,4.857,14,Richard,Richie Palacios,680700,R Palacios,Palacios,Richie Palacios,Richie,,,Second Base,2B,2B,73,2,0,1,1,0,.444,1.000,1,2,.143,,TB,139,Tampa Bay Rays,Rays,4,,0,player,0,.286,2.000,2026
2026-08-10T21:33:44-04:00,2026,player,hitting,last_7,,,,,4,22,-.--,.364,.444,,1,0,1,1.000,3,4,,,6,0,1,,0,0,6,1.50,0,8,0,.000,0,.227,104,National League,5,,,73,.391,.982,3.174,23,Michael,Michael Harris II,671739,M Harris II,Harris,Michael Harris II,Michael,,,Outfielder,CF,CF,74,3,0,4,0,0,.591,.000,0,4,.174,,ATL,144,Atlanta Braves,Braves,13,,1,player,0,.043,.250,2026
2026-08-10T21:33:44-04:00,2026,player,hitting,last_7,,,,,4,16,16.00,.313,.364,,1,0,0,.---,2,3,,,6,0,1,,0,0,3,0.75,0,5,1,.059,0,.313,103,American League,3,,,69,.353,.978,4.059,17,Leody,Leody Taveras,665750,L Taveras,Taveras,Leody Taveras,Leody,,,Outfielder,CF,CF,75,3,0,2,0,0,.625,.---,0,4,.235,,BAL,110,Baltimore Orioles,Orioles,10,,0,player,0,.059,.250,2026
2026-08-10T21:33:44-04:00,2026,player,hitting,last_7,,,,,7,22,22.00,.318,.353,,3,0,0,.000,3,4,,,6,0,3,,0,0,4,0.57,0,7,1,.038,0,.273,104,National League,9,,,82,.385,.976,3.154,26,Jake,Jake Mangum,663968,J Mangum,Mangum,Jake Mangum,Jake,,,Outfielder,CF,CF,76,3,0,4,0,1,.591,1.000,1,5,.192,,PIT,134,Pittsburgh Pirates,Pirates,13,,0,player,0,.115,.600,2026
2026-08-10T21:33:44-04:00,2026,player,hitting,last_7,,,,,9,20,20.00,.300,.250,,5,0,0,.---,2,3,,,6,0,4,,0,0,6,0.67,0,6,1,.038,0,.250,103,American League,10,,,89,.423,.973,3.423,26,Nolan,Nolan Schanuel,694384,N Schanuel,Schanuel,Nolan Schanuel,Nolan,,,First Base,1B,1B,77,4,0,5,0,1,.550,.---,0,0,.000,,LAA,108,Los Angeles Angels,Angels,11,,0,player,0,.192,.---,2026
2026-08-10T21:33:44-04:00,2026,player,hitting,last_7,,,,,5,20,10.00,.300,.400,,1,0,0,.---,1,3,,,6,0,3,,0,0,1,0.20,0,6,2,.091,0,.350,104,National League,6,,,76,.318,.968,3.455,22,Michael,Austin Riley,663586,A Riley,Riley,Austin Riley,Austin,,,Third Base,3B,3B,78,5,0,3,0,1,.650,.---,0,9,.409,,ATL,144,Atlanta Braves,Braves,13,,0,player,0,.045,.111,2026
2026-08-10T21:33:44-04:00,2026,player,hitting,last_7,,,,,2,10,10.00,.300,.400,,1,0,0,.---,0,1,,,4,0,1,,0,0,1,0.50,0,3,1,.091,0,.300,104,National League,6,,,29,.364,.964,2.636,11,Miguel,Miguel Amaya,665804,M Amaya,Amaya,Miguel Amaya,Miguel,,,Catcher,C,C,79,3,0,1,0,0,.600,.---,0,4,.364,,CHC,112,Chicago Cubs,Cubs,6,,0,player,0,.091,.250,2026
2026-08-10T21:33:44-04:00,2026,player,hitting,last_7,,,,,3,10,-.--,.300,.375,,1,0,0,.---,1,2,,,4,0,0,,0,0,2,0.67,0,3,0,.000,0,.300,104,National League,4,,,36,.364,.964,3.273,11,Ildemaro,Ildemaro Vargas,545121,I Vargas,Vargas,Ildemaro Vargas,Ildemaro,,,First Base,1B,1B,79,4,0,0,0,0,.600,.---,0,2,.182,,AZ,109,Arizona Diamondbacks,D-backs,6,,1,player,0,.091,.500,2026
2026-08-10T21:33:44-04:00,2026,player,hitting,last_7,,,,,5,19,19.00,.368,.375,,1,0,0,.---,0,1,,,5,0,2,,0,0,5,1.00,1,7,1,.048,0,.158,103,American League,5,,,70,.429,.955,3.333,21,Angel,Angel Genao,694197,A Genao,Genao,Angel Genao,Angel,,,Third Base,3B,3B,81,2,0,4,0,0,.526,.---,0,2,.095,,CLE,114,Cleveland Guardians,Guardians,10,,0,player,0,.048,.500,2026
2026-08-10T21:33:44-04:00,2026,player,hitting,last_7,,,,,8,22,11.00,.273,.286,,3,0,0,.---,1,3,,,6,0,3,,0,0,2,0.25,0,6,2,.080,0,.318,103,American League,4,,,100,.360,.951,4.000,25,Peter,Pete Alonso,624413,P Alonso,Alonso,Pete Alonso,Pete,,,First Base,1B,1B,82,6,0,3,0,0,.591,.---,0,6,.240,,BAL,110,Baltimore Orioles,Orioles,13,,0,player,0,.120,.500,2026
2026-08-10T21:33:44-04:00,2026,player,hitting,last_7,,,,,6,23,23.00,.348,.438,,1,0,1,.333,2,3,,,6,0,2,,0,0,3,0.50,1,8,1,.038,1,.217,103,American League,7,,,91,.385,.950,3.500,26,Andrés,Andrés Giménez,665926,A Giménez,Giménez,Andrés Giménez,Andrés,,,Shortstop,SS,SS,83,6,0,3,0,1,.565,.667,2,7,.269,,TOR,141,Toronto Blue Jays,Blue Jays,13,,0,player,0,.038,.143,2026
2026-08-10T21:33:44-04:00,2026,player,hitting,last_7,,,,,2,12,12.00,.250,.200,,2,0,0,.---,1,2,,,3,1,2,,1,0,6,3.00,0,3,1,.071,0,.333,103,American League,6,,,57,.357,.940,4.071,14,Vladimir,Vladimir Guerrero Jr.,665489,V Guerrero Jr.,Guerrero,Vladimir Guerrero Jr.,Vladimir,,,First Base,1B,1B,84,2,0,3,0,0,.583,.---,0,1,.071,,TOR,141,Toronto Blue Jays,Blue Jays,7,,0,player,0,.143,2.000,2026
2026-08-10T21:33:44-04:00,2026,player,hitting,last_7,,,,,7,22,-.--,.364,.500,,3,0,0,.---,1,2,,,6,0,4,,0,0,1,0.14,0,8,0,.000,0,.136,104,National League,9,,,80,.440,.940,3.200,25,Kyle,Kyle Stowers,669065,K Stowers,Stowers,Kyle Stowers,Kyle,,,First Base,1B,1B,85,4,0,2,0,0,.500,.---,0,6,.240,,MIA,146,Miami Marlins,Marlins,11,,1,player,0,.120,.500,2026
2026-08-10T21:33:44-04:00,2026,player,hitting,last_7,,,,,5,19,-.--,.368,.412,,2,0,0,.---,3,3,,,5,0,2,,0,0,5,1.00,0,7,0,.000,0,.158,104,National League,10,,,100,.409,.935,4.545,22,Gabriel,Gabriel Moreno,672515,G Moreno,Moreno,Gabriel Moreno,Gabriel,,,Catcher,C,C,86,4,0,2,0,1,.526,.---,0,3,.136,,AZ,109,Arizona Diamondbacks,D-backs,10,,0,player,0,.091,.667,2026
2026-08-10T21:33:44-04:00,2026,player,hitting,last_7,,,,,0,6,-.--,.333,1.000,,1,0,0,.---,1,1,,,3,0,0,,0,0,0,-.--,0,2,0,.000,0,.167,104,National League,2,,,32,.429,.929,4.571,7,Drew,Drew Cavanaugh,701852,D Cavanaugh,Cavanaugh,Drew Cavanaugh,Drew,,,Catcher,C,C,87,0,0,0,0,0,.500,.---,0,4,.571,,SF,137,San Francisco Giants,Giants,3,,0,player,0,.143,.250,2026
2026-08-10T21:33:44-04:00,2026,player,hitting,last_7,,,,,6,21,10.50,.238,.188,,4,0,0,.000,1,3,,,6,0,2,,0,0,7,1.17,0,5,2,.077,0,.333,104,National League,5,,,121,.346,.917,4.654,26,Marcus,Marcus Semien,543760,M Semien,Semien,Marcus Semien,Marcus,,,Second Base,2B,2B,88,6,1,5,0,1,.571,1.000,1,4,.154,,NYM,121,New York Mets,Mets,12,,0,player,0,.154,1.000,2026
2026-08-10T21:33:44-04:00,2026,player,hitting,last_7,,,,,3,16,16.00,.313,.444,,1,0,0,.---,1,2,,,6,0,2,,0,0,2,0.67,0,5,1,.059,0,.250,103,American League,8,,,84,.353,.916,4.941,17,Colton,Colton Cowser,681297,C Cowser,Cowser,Colton Cowser,Colton,,,Outfielder,CF,CF,89,2,0,2,0,0,.563,.---,0,6,.353,,BAL,110,Baltimore Orioles,Orioles,9,,0,player,0,.059,.167,2026
2026-08-10T21:33:44-04:00,2026,player,hitting,last_7,,,,,1,15,-.--,.333,.500,,1,0,0,.---,3,3,,,5,1,4,,1,0,4,4.00,0,5,0,.000,0,.200,104,National League,7,,,62,.375,.908,3.875,16,Andrés,Andrés Chaparro,665953,A Chaparro,Chaparro,Andrés Chaparro,Andrés,,,First Base,1B,1B,90,7,0,2,0,0,.533,.---,0,5,.313,,WSH,120,Washington Nationals,Nationals,8,,0,player,0,.063,.200,2026
2026-08-10T21:33:44-04:00,2026,player,hitting,last_7,,,,,5,19,19.00,.316,.385,,2,0,0,.000,1,2,,,5,1,2,,1,0,3,0.60,0,6,1,.048,0,.211,104,National League,7,,,98,.381,.907,4.667,21,Andy,Andy Pages,681624,A Pages,Pages,Andy Pages,Andy,,,Outfielder,CF,CF,91,2,0,1,0,0,.526,1.000,1,5,.238,,LAD,119,Los Angeles Dodgers,Dodgers,10,,0,player,0,.095,.400,2026
2026-08-10T21:33:44-04:00,2026,player,hitting,last_7,,,,,9,24,24.00,.333,.350,,1,0,0,.000,2,3,,,6,0,4,,0,0,4,0.44,0,8,1,.040,0,.208,104,National League,10,,,96,.360,.902,3.840,25,Nicholas,Nico Hoerner,663538,N Hoerner,Hoerner,Nico Hoerner,Nico,,,Second Base,2B,2B,92,4,0,4,0,0,.542,1.000,1,3,.120,,CHC,112,Chicago Cubs,Cubs,13,,0,player,0,.040,.333,2026
2026-08-10T21:33:44-04:00,2026,player,hitting,last_7,,,,,2,8,-.--,.375,.429,,1,0,0,.---,1,1,,,3,0,1,,0,0,2,1.00,0,3,0,.000,1,.125,104,National League,0,,,36,.400,.900,3.600,10,Michael,Michael Conforto,624424,M Conforto,Conforto,Michael Conforto,Michael,,,Designated Hitter,DH,DH,93,2,0,0,0,1,.500,.---,0,2,.200,,CHC,112,Chicago Cubs,Cubs,4,,0,player,0,.100,.500,2026
2026-08-10T21:33:44-04:00,2026,player,hitting,last_7,,,,,9,22,-.--,.364,.400,,3,0,1,.500,2,2,,,6,0,3,,0,0,3,0.33,0,8,0,.000,0,.091,103,American League,4,,,95,.440,.895,3.800,25,Robert,Bobby Witt Jr.,677951,B Witt Jr.,Witt,Bobby Witt Jr.,Bobby,,,Shortstop,SS,SS,94,3,0,6,0,0,.455,.500,1,2,.080,,KC,118,Kansas City Royals,Royals,10,,0,player,0,.120,1.500,2026
2026-08-10T21:33:44-04:00,2026,player,hitting,last_7,,,,,0,16,16.00,.313,.500,,2,0,0,.---,0,1,,,5,0,0,,0,0,4,4.00,0,5,1,.056,0,.188,104,National League,5,,,71,.389,.889,3.944,18,Andrew,Andrew Vaughn,683734,A Vaughn,Vaughn,Andrew Vaughn,Andrew,,,First Base,1B,1B,95,5,0,2,0,0,.500,.---,0,7,.389,,MIL,158,Milwaukee Brewers,Brewers,8,,0,player,0,.111,.286,2026
2026-08-10T21:33:44-04:00,2026,player,hitting,last_7,,,,,4,16,-.--,.313,.357,,3,0,0,.---,2,2,,,5,0,4,,0,0,5,1.25,1,5,0,.000,0,.125,103,American League,10,,,83,.450,.888,4.150,20,Christian,Christian Walker,572233,C Walker,Walker,Christian Walker,Christian,,,First Base,1B,1B,96,3,0,4,0,0,.438,.---,0,2,.100,,HOU,117,Houston Astros,Astros,7,,0,player,0,.150,1.500,2026
2026-08-10T21:33:44-04:00,2026,player,hitting,last_7,,,,,8,26,8.67,.269,.211,,0,0,0,.---,0,3,,,6,0,1,,0,0,7,0.88,0,7,3,.115,0,.346,104,National League,9,,,94,.269,.884,3.615,26,Ronald,Ronald Acuña Jr.,660670,R Acuña Jr.,Acuña,Ronald Acuña Jr.,Ronald,,,Outfielder,RF,RF,97,4,0,4,0,0,.615,.---,0,4,.154,,ATL,144,Atlanta Braves,Braves,16,,0,player,0,.000,.---,2026
2026-08-10T21:33:44-04:00,2026,player,hitting,last_7,,,,,5,14,14.00,.286,.300,,1,0,0,.---,1,2,,,4,0,7,,0,0,2,0.40,0,4,1,.063,0,.286,103,American League,6,,,73,.313,.884,4.562,16,David,Nathaniel Lowe,663993,N Lowe,Lowe,Nathaniel Lowe,Nathaniel,,,Designated Hitter,DH,DH,98,6,2,1,0,1,.571,.---,0,4,.250,,CLE,114,Cleveland Guardians,Guardians,8,,0,player,0,.063,.250,2026
2026-08-10T21:33:44-04:00,2026,player,hitting,last_7,,,,,2,12,-.--,.333,.444,,3,0,0,.---,1,1,,,5,0,0,,0,0,3,1.50,0,4,0,.000,0,.083,103,American League,4,,,57,.467,.884,3.800,15,Jacob,Jake Burger,669394,J Burger,Burger,Jake Burger,Jake,,,First Base,1B,1B,99,0,0,3,0,0,.417,.---,0,3,.200,,TEX,140,Texas Rangers,Rangers,5,,0,player,0,.200,1.000,2026
2026-08-10T21:33:44-04:00,2026,player,hitting,last_7,,,,,1,8,-.--,.375,.375,,0,0,0,.---,1,1,,,3,0,1,,0,0,4,4.00,0,3,0,.000,0,.125,103,American League,1,,,41,.375,.875,5.125,8,LaMonte,LaMonte Wade Jr.,664774,L Wade Jr.,Wade,LaMonte Wade Jr.,LaMonte,,,Outfielder,LF,LF,100,1,0,0,0,0,.500,.---,0,0,.000,,HOU,117,Houston Astros,Astros,4,,0,player,0,.000,.---,2026
2026-08-10T21:33:44-04:00,2026,player,hitting,last_7,,,,,4,20,10.00,.250,.250,,2,0,1,1.000,0,2,,,5,1,2,,1,0,5,1.25,0,5,2,.091,0,.300,104,National League,8,,,94,.318,.868,4.273,22,Shohei,Shohei Ohtani,660271,S Ohtani,Ohtani,Shohei Ohtani,Shohei,,,Two-Way Player,TWP,TWP,101,4,0,2,0,0,.550,.000,0,6,.273,,LAD,119,Los Angeles Dodgers,Dodgers,11,,0,player,0,.091,.333,2026
2026-08-10T21:33:44-04:00,2026,player,hitting,last_7,,,,,9,22,-.--,.409,.409,,0,0,0,.000,1,1,,,5,0,4,,0,0,4,0.44,0,9,0,.000,0,.045,103,American League,7,,,76,.409,.864,3.455,22,Chandler,Chandler Simpson,802415,C Simpson,Simpson,Chandler Simpson,Chandler,,,Outfielder,LF,LF,102,1,0,2,0,0,.455,1.000,3,0,.000,,TB,139,Tampa Bay Rays,Rays,10,,0,player,0,.000,.---,2026
2026-08-10T21:33:44-04:00,2026,player,hitting,last_7,,,,,4,19,-.--,.316,.400,,4,0,0,.000,2,2,,,6,0,2,,0,0,5,1.25,0,6,0,.000,0,.105,103,American League,5,,,85,.435,.856,3.696,23,Colten,Colt Keith,690993,C Keith,Keith,Colt Keith,Colt,,,Third Base,3B,3B,103,4,0,1,0,0,.421,1.000,1,4,.174,,DET,116,Detroit Tigers,Tigers,8,,0,player,0,.174,1.000,2026
2026-08-10T21:33:44-04:00,2026,player,hitting,last_7,,,,,6,15,-.--,.333,.385,,2,0,0,.---,2,2,,,5,0,2,,0,0,2,0.33,0,5,0,.000,0,.133,103,American League,6,,,77,.389,.856,4.278,18,Anthony,Anthony Seigler,678011,A Seigler,Seigler,Anthony Seigler,Anthony,,,Second Base,2B,2B,104,3,0,2,0,1,.467,.---,0,3,.167,,BOS,111,Boston Red Sox,Red Sox,7,,0,player,0,.111,.667,2026
2026-08-10T21:33:44-04:00,2026,player,hitting,last_7,,,,,1,10,-.--,.400,.500,,0,0,0,.---,0,0,,,4,2,3,,2,0,3,3.00,1,4,0,.000,0,.000,104,National League,4,,,43,.455,.855,3.909,11,Blaze,Blaze Jordan,691458,B Jordan,Jordan,Blaze Jordan,Blaze,,,Third Base,3B,3B,105,0,0,0,0,0,.400,.---,0,2,.182,,STL,138,St. Louis Cardinals,Cardinals,4,,0,player,0,.000,.---,2026
2026-08-10T21:33:44-04:00,2026,player,hitting,last_7,,,,,5,13,-.--,.385,.455,,0,0,0,.---,1,1,,,3,0,4,,0,0,1,0.20,0,5,0,.000,0,.077,104,National League,3,,,49,.385,.847,3.769,13,Freddy,Freddy Fermin,666023,F Fermin,Fermin,Freddy Fermin,Freddy,,,Catcher,C,C,106,2,0,1,0,0,.462,.---,0,2,.154,,SD,135,San Diego Padres,Padres,6,,0,player,0,.000,.---,2026
2026-08-10T21:33:44-04:00,2026,player,hitting,last_7,,,,,4,13,-.--,.385,.455,,0,0,0,.---,1,1,,,4,0,0,,0,0,2,0.50,0,5,0,.000,0,.077,104,National League,3,,,48,.385,.847,3.692,13,Carson,Carson Kelly,608348,C Kelly,Kelly,Carson Kelly,Carson,,,Catcher,C,C,106,2,0,1,0,0,.462,.---,0,2,.154,,CHC,112,Chicago Cubs,Cubs,6,,0,player,0,.000,.---,2026
2026-08-10T21:33:44-04:00,2026,player,hitting,last_7,,,,,3,13,-.--,.308,.444,,0,0,0,.---,1,2,,,4,1,1,,1,0,2,0.67,0,4,0,.000,0,.231,104,National League,4,,,37,.308,.846,2.846,13,Jordan,Jordan Beck,687597,J Beck,Beck,Jordan Beck,Jordan,,,Outfielder,LF,LF,108,0,0,1,0,0,.538,.---,0,4,.308,,COL,115,Colorado Rockies,Rockies,7,,1,player,0,.000,.---,2026
2026-08-10T21:33:44-04:00,2026,player,hitting,last_7,,,,,9,24,-.--,.292,.368,,2,0,0,.---,1,3,,,6,0,3,,0,0,3,0.33,0,7,0,.000,0,.208,104,National League,7,,,117,.346,.846,4.500,26,Geraldo,Geraldo Perdomo,672695,G Perdomo,Perdomo,Geraldo Perdomo,Geraldo,,,Shortstop,SS,SS,108,1,0,2,0,0,.500,.---,0,5,.192,,AZ,109,Arizona Diamondbacks,D-backs,12,,2,player,0,.077,.400,2026
2026-08-10T21:33:44-04:00,2026,player,hitting,last_7,,,,,5,13,13.00,.308,.250,,0,0,0,.---,0,1,,,3,0,5,,0,0,4,0.80,0,4,1,.077,0,.231,104,National League,8,,,35,.308,.846,2.692,13,Jordan,Jordan Walker,691023,J Walker,Walker,Jordan Walker,Jordan,,,Outfielder,RF,RF,108,2,0,1,0,0,.538,.---,0,0,.000,,STL,138,St. Louis Cardinals,Cardinals,7,,0,player,0,.000,.---,2026
2026-08-10T21:33:44-04:00,2026,player,hitting,last_7,,,,,4,21,10.50,.238,.300,,1,0,0,.---,1,3,,,6,0,3,,0,0,3,0.75,0,5,2,.091,0,.333,104,National League,11,,,96,.273,.844,4.364,22,Ian,Ian Happ,664023,I Happ,Happ,Ian Happ,Ian,,,Outfielder,LF,LF,111,3,0,3,0,0,.571,.---,0,9,.409,,CHC,112,Chicago Cubs,Cubs,12,,0,player,0,.045,.111,2026
2026-08-10T21:33:44-04:00,2026,player,hitting,last_7,,,,,4,24,24.00,.333,.412,,1,0,0,.---,0,1,,,5,1,5,,1,0,6,1.50,1,8,1,.038,0,.125,103,American League,12,,,119,.385,.843,4.577,26,Steven,Steven Kwan,680757,S Kwan,Kwan,Steven Kwan,Steven,,,Outfielder,LF,LF,112,1,0,4,0,0,.458,.---,0,6,.231,,CLE,114,Cleveland Guardians,Guardians,11,,0,player,0,.038,.167,2026
2026-08-10T21:33:44-04:00,2026,player,hitting,last_7,,,,,8,23,-.--,.348,.381,,3,0,0,.000,2,2,,,6,0,5,,0,0,5,0.63,0,8,0,.000,0,.087,103,American League,10,,,123,.407,.842,4.556,27,Andruw,Andruw Monasterio,655316,A Monasterio,Monasterio,Andruw Monasterio,Andruw,,,Shortstop,SS,SS,113,8,0,3,0,1,.435,1.000,1,3,.111,,BOS,111,Boston Red Sox,Red Sox,10,,0,player,0,.111,1.000,2026
2026-08-10T21:33:44-04:00,2026,player,hitting,last_7,,,,,3,27,-.--,.333,.500,,0,0,0,.000,2,3,,,6,1,4,,1,0,6,2.00,1,9,0,.000,0,.148,104,National League,11,,,121,.357,.838,4.321,28,Paul,CJ Abrams,682928,C Abrams,Abrams,CJ Abrams,CJ,,,Shortstop,SS,SS,114,4,0,5,0,0,.481,1.000,2,9,.321,,WSH,120,Washington Nationals,Nationals,13,,1,player,0,.000,.---,2026
2026-08-10T21:33:44-04:00,2026,player,hitting,last_7,,,,,1,8,-.--,.250,.500,,1,0,0,.---,0,1,,,4,0,1,,0,0,1,1.00,0,2,0,.000,0,.250,103,American League,5,,,43,.333,.833,4.778,9,Justin,Justin Foscue,679822,J Foscue,Foscue,Justin Foscue,Justin,,,Second Base,2B,2B,115,2,0,1,0,0,.500,.---,0,4,.444,,TEX,140,Texas Rangers,Rangers,4,,1,player,0,.111,.250,2026
2026-08-10T21:33:44-04:00,2026,player,hitting,last_7,,,,,6,11,-.--,.364,.333,,3,0,0,.000,0,0,,,5,0,5,,0,0,2,0.33,0,4,0,.000,0,.000,103,American League,5,,,65,.467,.831,4.333,15,José,José Ramírez,608070,J Ramírez,Ramírez,José Ramírez,José,,,Third Base,3B,3B,116,1,0,4,0,1,.364,1.000,2,0,.000,,CLE,114,Cleveland Guardians,Guardians,4,,0,player,0,.200,.---,2026
2026-08-10T21:33:44-04:00,2026,player,hitting,last_7,,,,,6,21,10.50,.238,.300,,2,0,0,.---,0,2,,,6,0,4,,0,0,1,0.17,0,5,2,.087,0,.286,104,National League,10,,,86,.304,.828,3.739,23,Griffin,Griffin Conine,665052,G Conine,Conine,Griffin Conine,Griffin,,,Outfielder,RF,RF,117,5,0,2,0,0,.524,.---,0,9,.391,,MIA,146,Miami Marlins,Marlins,11,,0,player,0,.087,.222,2026
2026-08-10T21:33:44-04:00,2026,player,hitting,last_7,,,,,3,22,-.--,.364,.471,,2,0,0,.000,1,1,,,6,0,2,,0,0,6,2.00,0,8,0,.000,0,.045,103,American League,9,,,88,.417,.826,3.667,24,Wade,Wade Meckler,685133,W Meckler,Meckler,Wade Meckler,Wade,,,Outfielder,LF,LF,118,1,0,3,0,0,.409,1.000,1,5,.208,,LAA,108,Los Angeles Angels,Angels,9,,0,player,0,.083,.400,2026
2026-08-10T21:33:44-04:00,2026,player,hitting,last_7,,,,,6,24,-.--,.333,.500,,3,0,1,.500,2,2,,,6,0,2,,0,0,2,0.33,0,8,0,.000,0,.083,104,National League,7,,,117,.407,.824,4.333,27,Brice,Brice Turang,668930,B Turang,Turang,Brice Turang,Brice,,,Second Base,2B,2B,119,5,0,3,0,0,.417,.500,1,8,.296,,MIL,158,Milwaukee Brewers,Brewers,10,,0,player,0,.111,.375,2026
2026-08-10T21:33:44-04:00,2026,player,hitting,last_7,,,,,2,13,-.--,.308,.444,,0,0,0,.000,2,2,,,5,2,2,,2,0,3,1.50,1,4,0,.000,0,.154,103,American League,6,,,47,.357,.819,3.357,14,Austin,Austin Wells,669224,A Wells,Wells,Austin Wells,Austin,,,Catcher,C,C,120,1,0,1,0,0,.462,1.000,1,4,.286,,NYY,147,New York Yankees,Yankees,6,,0,player,0,.000,.---,2026
2026-08-10T21:33:44-04:00,2026,player,hitting,last_7,,,,,1,11,11.00,.182,.250,,3,0,0,.---,0,1,,,4,0,0,,0,0,2,2.00,0,2,1,.071,0,.273,103,American League,5,,,61,.357,.812,4.357,14,Jasrado,Jazz Chisholm Jr.,665862,J Chisholm Jr.,Chisholm,Jazz Chisholm Jr.,Jazz,,,Second Base,2B,2B,121,2,0,1,0,0,.455,.---,0,6,.429,,NYY,147,New York Yankees,Yankees,5,,0,player,0,.214,.500,2026
2026-08-10T21:33:44-04:00,2026,player,hitting,last_7,,,,,3,18,18.00,.222,.333,,3,0,0,.---,1,2,,,5,0,1,,0,0,3,1.00,1,4,1,.045,0,.222,104,National League,6,,,94,.364,.808,4.273,22,Francisco,Francisco Alvarez,682626,F Alvarez,Alvarez,Francisco Alvarez,Francisco,,,Catcher,C,C,122,2,0,4,0,0,.444,.---,0,8,.364,,NYM,121,New York Mets,Mets,8,,0,player,0,.136,.375,2026
2026-08-10T21:33:44-04:00,2026,player,hitting,last_7,,,,,4,12,12.00,.250,.222,,0,0,1,1.000,0,1,,,6,2,4,,2,0,3,0.75,1,3,1,.077,0,.250,104,National League,8,,,42,.308,.808,3.231,13,Jacob,Jacob Gonzalez,694378,J Gonzalez,Gonzalez,Jacob Gonzalez,Jacob,,,Shortstop,SS,SS,123,3,0,1,0,0,.500,.000,0,2,.154,,PIT,134,Pittsburgh Pirates,Pirates,6,,0,player,0,.000,.---,2026
2026-08-10T21:33:44-04:00,2026,player,hitting,last_7,,,,,2,7,-.--,.286,.400,,1,0,0,.---,1,1,,,4,1,1,,1,0,1,0.50,0,2,0,.000,0,.143,103,American League,6,,,32,.375,.804,4.000,8,Paul,Paul Goldschmidt,502671,P Goldschmidt,Goldschmidt,Paul Goldschmidt,Paul,,,First Base,1B,1B,124,0,0,0,0,0,.429,.---,0,2,.250,,NYY,147,New York Yankees,Yankees,3,,0,player,0,.125,.500,2026
2026-08-10T21:33:44-04:00,2026,player,hitting,last_7,,,,,5,23,11.50,.217,.214,,2,0,0,.000,1,3,,,6,2,4,,2,0,6,1.20,0,5,2,.080,1,.304,103,American League,16,,,82,.280,.802,3.280,25,Jarren,Jarren Duran,680776,J Duran,Duran,Jarren Duran,Jarren,,,Outfielder,LF,LF,125,3,2,5,0,0,.522,1.000,2,7,.280,,BOS,111,Boston Red Sox,Red Sox,12,,0,player,0,.080,.286,2026
2026-08-10T21:33:44-04:00,2026,player,hitting,last_7,,,,,2,12,-.--,.333,.571,,1,0,0,.---,0,0,,,4,0,2,,0,0,1,0.50,2,4,0,.000,0,.000,103,American League,7,,,57,.467,.800,3.800,15,Willson,Willson Contreras,575929,W Contreras,Contreras,Willson Contreras,Willson,,,First Base,1B,1B,126,3,0,3,0,0,.333,.---,0,5,.333,,BOS,111,Boston Red Sox,Red Sox,4,,0,player,0,.067,.200,2026
2026-08-10T21:33:44-04:00,2026,player,hitting,last_7,,,,,3,15,15.00,.267,.333,,0,0,0,.---,1,2,,,5,1,2,,1,0,3,1.00,0,4,1,.067,0,.267,104,National League,5,,,52,.267,.800,3.467,15,McKenzie,Mickey Moniak,666160,M Moniak,Moniak,Mickey Moniak,Mickey,,,Outfielder,LF,LF,126,3,0,1,0,0,.533,.---,0,5,.333,,COL,115,Colorado Rockies,Rockies,8,,0,player,0,.000,.---,2026
2026-08-10T21:33:44-04:00,2026,player,hitting,last_7,,,,,5,21,10.50,.190,.143,,4,0,0,.000,0,2,,,6,0,1,,0,0,7,1.40,0,4,2,.080,0,.286,104,National League,4,,,92,.320,.796,3.680,25,Elly,Elly De La Cruz,682829,E De La Cruz,De La Cruz,Elly De La Cruz,Elly,,,Shortstop,SS,SS,128,4,0,4,0,0,.476,1.000,1,5,.200,,CIN,113,Cincinnati Reds,Reds,10,,0,player,0,.160,.800,2026
2026-08-10T21:33:44-04:00,2026,player,hitting,last_7,,,,,3,22,11.00,.227,.375,,2,0,0,.---,0,2,,,6,0,2,,0,0,2,0.67,0,5,2,.083,0,.273,104,National League,10,,,93,.292,.792,3.875,24,Brandon,Brandon Lowe,664040,B Lowe,Lowe,Brandon Lowe,Brandon,,,Second Base,2B,2B,129,3,0,3,0,0,.500,.---,0,12,.500,,PIT,134,Pittsburgh Pirates,Pirates,11,,0,player,0,.083,.167,2026
2026-08-10T21:33:44-04:00,2026,player,hitting,last_7,,,,,1,9,-.--,.333,.600,,2,0,0,.---,0,0,,,5,0,1,,0,0,1,1.00,0,3,0,.000,0,.000,104,National League,4,,,51,.455,.788,4.636,11,Agustín,Agustín Ramírez,682663,A Ramírez,Ramírez,Agustín Ramírez,Agustín,,,Catcher,C,C,130,0,0,1,0,0,.333,.---,0,4,.364,,MIA,146,Miami Marlins,Marlins,3,,0,player,0,.182,.500,2026
2026-08-10T21:33:44-04:00,2026,player,hitting,last_7,,,,,6,17,-.--,.235,.250,,6,0,0,.---,2,2,,,5,0,2,,0,0,6,1.00,0,4,0,.000,0,.118,104,National League,11,,,103,.435,.788,4.478,23,Jonathan,JJ Wetherholt,802139,J Wetherholt,Wetherholt,JJ Wetherholt,JJ,,,Second Base,2B,2B,131,4,0,3,0,0,.353,.---,0,1,.043,,STL,138,St. Louis Cardinals,Cardinals,6,,0,player,0,.261,6.000,2026
2026-08-10T21:33:44-04:00,2026,player,hitting,last_7,,,,,8,23,23.00,.261,.250,,0,0,0,.---,1,3,,,6,1,2,,1,0,7,0.88,0,6,1,.043,0,.261,103,American League,7,,,84,.261,.783,3.652,23,Michael,Michael Massey,686681,M Massey,Massey,Michael Massey,Michael,,,Second Base,2B,2B,132,2,0,3,0,0,.522,.---,0,2,.087,,KC,118,Kansas City Royals,Royals,12,,1,player,0,.000,.---,2026
2026-08-10T21:33:44-04:00,2026,player,hitting,last_7,,,,,4,23,23.00,.304,.375,,2,0,0,.000,0,1,,,6,1,3,,1,0,6,1.50,0,7,1,.038,0,.130,104,National League,11,,,97,.346,.781,3.731,26,Timothy,Tim Tawa,694374,T Tawa,Tawa,Tim Tawa,Tim,,,Outfielder,LF,LF,133,2,0,4,0,1,.435,1.000,1,7,.269,,AZ,109,Arizona Diamondbacks,D-backs,10,,0,player,0,.077,.286,2026
2026-08-10T21:33:44-04:00,2026,player,hitting,last_7,,,,,7,25,-.--,.280,.368,,4,0,0,.---,3,3,,,6,0,4,,0,0,6,0.86,0,7,0,.000,0,.120,103,American League,8,,,108,.379,.779,3.600,30,Nicholas,Nick Sogard,686765,N Sogard,Sogard,Nick Sogard,Nick,,,Second Base,2B,2B,134,0,0,6,1,0,.400,.---,0,6,.200,,BOS,111,Boston Red Sox,Red Sox,10,,0,player,0,.133,.667,2026
2026-08-10T21:33:44-04:00,2026,player,hitting,last_7,,,,,7,15,15.00,.267,.231,,1,0,0,.---,0,1,,,4,0,4,,0,0,3,0.43,0,4,1,.063,1,.200,103,American League,6,,,52,.313,.780,3.250,16,Corey,Corey Seager,608369,C Seager,Seager,Corey Seager,Corey,,,Shortstop,SS,SS,135,3,0,3,0,0,.467,.---,0,1,.063,,TEX,140,Texas Rangers,Rangers,7,,0,player,0,.063,1.000,2026
2026-08-10T21:33:44-04:00,2026,player,hitting,last_7,,,,,6,19,19.00,.316,.357,,0,0,1,1.000,0,1,,,5,1,3,,1,0,3,0.50,0,6,1,.050,0,.158,104,National League,14,,,64,.300,.774,3.200,20,Luis,Luis Robert Jr.,673357,L Robert Jr.,Robert,Luis Robert Jr.,Luis,,,Outfielder,CF,CF,136,4,0,3,0,1,.474,.000,0,5,.250,,NYM,121,New York Mets,Mets,9,,0,player,0,.000,.---,2026
2026-08-10T21:33:44-04:00,2026,player,hitting,last_7,,,,,5,16,-.--,.313,.313,,1,0,0,.000,2,2,,,5,1,5,,1,0,6,1.20,0,5,0,.000,0,.125,104,National League,9,,,72,.333,.771,4.000,18,Masyn,Masyn Winn,691026,M Winn,Winn,Masyn Winn,Masyn,,,Shortstop,SS,SS,137,2,0,2,0,1,.438,1.000,2,1,.056,,STL,138,St. Louis Cardinals,Cardinals,7,,0,player,0,.056,1.000,2026
2026-08-10T21:33:44-04:00,2026,player,hitting,last_7,,,,,7,25,-.--,.320,.364,,1,0,0,.---,2,2,,,6,0,2,,0,0,7,1.00,1,8,0,.000,0,.080,104,National League,11,,,106,.370,.770,3.926,27,Michael,Michael Busch,683737,M Busch,Busch,Michael Busch,Michael,,,First Base,1B,1B,138,0,0,3,0,0,.400,.---,0,3,.111,,CHC,112,Chicago Cubs,Cubs,10,,0,player,1,.037,.333,2026
2026-08-10T21:33:44-04:00,2026,player,hitting,last_7,,,,,8,27,27.00,.296,.304,,1,0,0,.000,1,2,,,6,1,4,,1,0,8,1.00,0,8,1,.036,0,.148,104,National League,9,,,96,.321,.765,3.429,28,Alexander,Alex Bregman,608324,A Bregman,Bregman,Alex Bregman,Alex,,,Third Base,3B,3B,139,6,0,4,0,0,.444,1.000,1,3,.107,,CHC,112,Chicago Cubs,Cubs,12,,0,player,0,.036,.333,2026
2026-08-10T21:33:44-04:00,2026,player,hitting,last_7,,,,,5,17,17.00,.235,.231,,0,0,0,.---,2,3,,,4,0,5,,0,0,5,1.00,0,4,1,.059,0,.294,104,National League,8,,,77,.235,.764,4.529,17,Willi,Willi Castro,650489,W Castro,Castro,Willi Castro,Willi,,,Second Base,2B,2B,140,2,0,2,0,0,.529,.---,0,3,.176,,COL,115,Colorado Rockies,Rockies,9,,0,player,0,.000,.---,2026
2026-08-10T21:33:44-04:00,2026,player,hitting,last_7,,,,,4,11,11.00,.182,.143,,2,0,0,.---,0,1,,,3,0,1,,0,0,2,0.50,0,2,1,.077,0,.273,104,National League,3,,,54,.308,.763,4.154,13,James,James McCann,543510,J McCann,McCann,James McCann,James,,,Catcher,C,C,141,2,0,1,0,0,.455,.---,0,3,.231,,AZ,109,Arizona Diamondbacks,D-backs,5,,0,player,0,.154,.667,2026
2026-08-10T21:33:44-04:00,2026,player,hitting,last_7,,,,,4,11,11.00,.182,.111,,2,0,0,.---,0,1,,,5,1,3,,1,0,4,1.00,0,2,1,.077,0,.273,104,National League,7,,,60,.308,.763,4.615,13,Gavin,Gavin Sheets,657757,G Sheets,Sheets,Gavin Sheets,Gavin,,,First Base,1B,1B,141,1,0,2,0,0,.455,.---,0,1,.077,,SD,135,San Diego Padres,Padres,5,,0,player,0,.154,2.000,2026
2026-08-10T21:33:44-04:00,2026,player,hitting,last_7,,,,,7,23,-.--,.261,.333,,3,0,0,.000,3,3,,,6,0,3,,0,0,6,0.86,1,6,0,.000,0,.130,104,National League,13,,,99,.370,.761,3.536,28,Andrew,A.J. Ewing,805999,A Ewing,Ewing,A.J. Ewing,A.J.,,,Outfielder,CF,CF,143,0,1,4,1,0,.391,1.000,1,5,.179,,NYM,121,New York Mets,Mets,9,,0,player,0,.107,.600,2026
2026-08-10T21:33:44-04:00,2026,player,hitting,last_7,,,,,4,10,-.--,.300,.333,,2,0,1,.500,0,0,,,4,0,2,,0,0,3,0.75,1,3,0,.000,0,.000,103,American League,3,,,59,.462,.762,4.214,14,Boyce,Cedric Mullins,656775,C Mullins,Mullins,Cedric Mullins,Cedric,,,Outfielder,CF,CF,144,1,0,3,1,0,.300,.500,1,1,.071,,TB,139,Tampa Bay Rays,Rays,3,,0,player,0,.143,2.000,2026
2026-08-10T21:33:44-04:00,2026,player,hitting,last_7,,,,,2,18,18.00,.278,.308,,1,0,0,.---,0,1,,,5,2,3,,2,0,7,3.50,0,5,1,.053,0,.167,104,National League,10,,,78,.316,.760,4.105,19,Rafael,Rafael Devers,646240,R Devers,Devers,Rafael Devers,Rafael,,,First Base,1B,1B,145,2,0,1,0,0,.444,.---,0,4,.211,,SF,137,San Francisco Giants,Giants,8,,0,player,0,.053,.250,2026
2026-08-10T21:33:44-04:00,2026,player,hitting,last_7,,,,,6,19,19.00,.263,.308,,1,0,0,.---,0,1,,,6,2,3,,2,0,4,0.67,1,5,1,.045,0,.158,104,National League,9,,,90,.333,.754,4.091,22,Ryan,Ryan Waldschmidt,814439,R Waldschmidt,Waldschmidt,Ryan Waldschmidt,Ryan,,,Outfielder,CF,CF,146,2,1,2,1,0,.421,.---,0,5,.227,,AZ,109,Arizona Diamondbacks,D-backs,8,,0,player,1,.045,.200,2026
2026-08-10T21:33:44-04:00,2026,player,hitting,last_7,,,,,5,20,20.00,.200,.214,,3,0,1,.500,2,3,,,6,1,3,,1,0,6,1.20,0,4,1,.043,1,.250,103,American League,7,,,75,.304,.754,3.261,23,Jackson,Jackson Holliday,702616,J Holliday,Holliday,Jackson Holliday,Jackson,,,Second Base,2B,2B,147,1,0,3,0,0,.450,.500,1,5,.217,,BAL,110,Baltimore Orioles,Orioles,9,,0,player,0,.130,.600,2026
2026-08-10T21:33:44-04:00,2026,player,hitting,last_7,,,,,3,24,24.00,.250,.417,,2,0,0,.---,1,2,,,6,0,1,,0,0,4,1.33,1,6,1,.037,0,.167,103,American League,9,,,110,.333,.750,4.074,27,Riley,Riley Greene,682985,R Greene,Greene,Riley Greene,Riley,,,Outfielder,LF,LF,148,1,0,5,0,0,.417,.---,0,11,.407,,DET,116,Detroit Tigers,Tigers,10,,0,player,0,.074,.182,2026
2026-08-10T21:33:44-04:00,2026,player,hitting,last_7,,,,,1,4,-.--,.250,.333,,0,0,0,.---,1,1,,,2,1,1,,1,0,1,1.00,0,1,0,.000,0,.250,103,American League,1,,,13,.250,.750,3.250,4,Luis,Luis Urías,649966,L Urías,Urías,Luis Urías,Luis,,,Second Base,2B,2B,148,0,0,1,0,0,.500,.---,0,1,.250,,TOR,141,Toronto Blue Jays,Blue Jays,2,,0,player,0,.000,.---,2026
2026-08-10T21:33:44-04:00,2026,player,hitting,last_7,,,,,1,4,-.--,.250,.500,,0,0,0,.---,1,1,,,1,0,0,,0,0,0,0.00,0,1,0,.000,0,.250,104,National League,3,,,14,.250,.750,3.500,4,Nelson,Nelson Velázquez,676369,N Velázquez,Velázquez,Nelson Velázquez,Nelson,,,Outfielder,LF,LF,148,0,0,0,0,0,.500,.---,0,2,.500,,STL,138,St. Louis Cardinals,Cardinals,2,,0,player,0,.000,.---,2026
2026-08-10T21:33:44-04:00,2026,player,hitting,last_7,,,,,6,13,13.00,.231,.250,,1,0,0,.---,0,1,,,5,0,2,,0,0,0,0.00,0,3,1,.071,0,.231,103,American League,11,,,45,.286,.748,3.214,14,Rhys,Rhys Hoskins,656555,R Hoskins,Hoskins,Rhys Hoskins,Rhys,,,First Base,1B,1B,151,2,0,2,0,0,.462,.---,0,4,.286,,CLE,114,Cleveland Guardians,Guardians,6,,0,player,0,.071,.250,2026
2026-08-10T21:33:44-04:00,2026,player,hitting,last_7,,,,,2,12,-.--,.250,.375,,4,0,0,.---,1,1,,,5,0,1,,0,0,3,1.50,0,3,0,.000,0,.083,103,American League,6,,,83,.412,.745,4.882,17,Ryan,Ryan McMahon,641857,R McMahon,McMahon,Ryan McMahon,Ryan,,,Third Base,3B,3B,152,1,0,0,0,1,.333,.---,0,5,.294,,NYY,147,New York Yankees,Yankees,4,,0,player,1,.235,.800,2026
2026-08-10T21:33:44-04:00,2026,player,hitting,last_7,,,,,4,24,12.00,.167,.200,,4,0,0,.---,1,3,,,6,0,2,,0,0,4,1.00,0,4,2,.071,1,.292,103,American League,10,,,114,.286,.744,4.071,28,Munetaka,Munetaka Murakami,808959,M Murakami,Murakami,Munetaka Murakami,Munetaka,,,First Base,1B,1B,153,3,0,2,0,0,.458,.---,0,12,.429,,CWS,145,Chicago White Sox,White Sox,11,,0,player,0,.143,.333,2026
2026-08-10T21:33:44-04:00,2026,player,hitting,last_7,,,,,1,14,14.00,.214,.286,,2,0,0,.000,0,1,,,6,1,2,,1,0,5,5.00,0,3,1,.059,0,.214,103,American League,6,,,67,.313,.742,3.941,17,Josh,Josh Smith,669701,J Smith,Smith,Josh Smith,Josh,,,Second Base,2B,2B,154,1,0,3,1,0,.429,1.000,1,6,.353,,TOR,141,Toronto Blue Jays,Blue Jays,6,,0,player,0,.118,.333,2026
2026-08-10T21:33:44-04:00,2026,player,hitting,last_7,,,,,6,24,-.--,.333,.500,,3,0,0,.---,0,0,,,6,0,4,,0,0,2,0.33,0,8,0,.000,0,.000,103,American League,10,,,99,.407,.740,3.667,27,Spencer,Spencer Torkelson,679529,S Torkelson,Torkelson,Spencer Torkelson,Spencer,,,First Base,1B,1B,155,1,0,2,0,0,.333,.---,0,8,.296,,DET,116,Detroit Tigers,Tigers,8,,0,player,0,.111,.375,2026
2026-08-10T21:33:44-04:00,2026,player,hitting,last_7,,,,,2,20,20.00,.200,.273,,5,0,0,.---,0,1,,,6,0,2,,0,0,6,3.00,1,4,1,.038,0,.150,103,American League,12,,,111,.385,.735,4.269,26,Braden,Braden Montgomery,695731,B Montgomery,Montgomery,Braden Montgomery,Braden,,,Outfielder,RF,RF,156,4,0,5,0,0,.350,.---,0,8,.308,,CWS,145,Chicago White Sox,White Sox,7,,0,player,0,.192,.625,2026
2026-08-10T21:33:44-04:00,2026,player,hitting,last_7,,,,,6,21,-.--,.286,.375,,4,0,0,.---,1,1,,,6,1,4,,1,0,4,0.67,0,6,0,.000,0,.048,104,National League,6,,,108,.400,.733,4.320,25,Manuel,Manny Machado,592518,M Machado,Machado,Manny Machado,Manny,,,Third Base,3B,3B,157,5,0,3,0,0,.333,.---,0,5,.200,,SD,135,San Diego Padres,Padres,7,,0,player,0,.160,.800,2026
2026-08-10T21:33:44-04:00,2026,player,hitting,last_7,,,,,2,5,-.--,.200,.200,,1,0,0,.000,1,1,,,5,0,1,,0,0,2,1.00,0,1,0,.000,0,.200,103,American League,3,,,33,.333,.733,5.500,6,Donovan,Donovan Walton,622268,D Walton,Walton,Donovan Walton,Donovan,,,Second Base,2B,2B,157,2,0,2,0,0,.400,1.000,1,0,.000,,ATH,133,Athletics,Athletics,2,,0,player,0,.167,.---,2026
2026-08-10T21:33:44-04:00,2026,player,hitting,last_7,,,,,7,19,-.--,.368,.350,,1,0,0,.---,0,0,,,6,1,5,,1,0,6,0.86,0,7,0,.000,0,.000,103,American League,6,,,67,.364,.732,3.045,22,Alejandro,Alejandro Kirk,672386,A Kirk,Kirk,Alejandro Kirk,Alejandro,,,Catcher,C,C,159,4,1,1,0,2,.368,.---,0,1,.045,,TOR,141,Toronto Blue Jays,Blue Jays,7,,0,player,0,.045,1.000,2026
2026-08-10T21:33:44-04:00,2026,player,hitting,last_7,,,,,9,26,26.00,.269,.273,,3,0,0,.---,0,1,,,6,1,5,,1,0,7,0.78,0,7,1,.034,0,.115,103,American League,14,,,103,.345,.730,3.552,29,Kevin,Kevin McGonigle,805808,K McGonigle,McGonigle,Kevin McGonigle,Kevin,,,Shortstop,SS,SS,160,4,0,5,0,0,.385,.---,0,3,.103,,DET,116,Detroit Tigers,Tigers,10,,0,player,0,.103,1.000,2026
2026-08-10T21:33:44-04:00,2026,player,hitting,last_7,,,,,4,17,17.00,.235,.333,,2,0,0,.---,0,1,,,5,0,0,,0,0,2,0.50,0,4,1,.053,0,.176,104,National League,6,,,81,.316,.728,4.263,19,Willy,Willy Adames,642715,W Adames,Adames,Willy Adames,Willy,,,Shortstop,SS,SS,161,1,1,1,0,0,.412,.---,0,7,.368,,SF,137,San Francisco Giants,Giants,7,,0,player,0,.105,.286,2026
2026-08-10T21:33:44-04:00,2026,player,hitting,last_7,,,,,4,11,11.00,.182,.143,,0,0,0,.---,1,2,,,3,1,1,,1,0,2,0.50,0,2,1,.091,0,.364,104,National League,1,,,36,.182,.727,3.273,11,Jorge,Jorge Polanco,593871,J Polanco,Polanco,Jorge Polanco,Jorge,,,Designated Hitter,DH,DH,162,1,0,1,0,0,.545,.---,0,3,.273,,NYM,121,New York Mets,Mets,6,,0,player,0,.000,.---,2026
2026-08-10T21:33:44-04:00,2026,player,hitting,last_7,,,,,16,27,27.00,.259,.240,,1,0,0,.---,2,3,,,6,1,6,,1,0,3,0.19,0,7,1,.034,0,.185,104,National League,17,,,126,.276,.720,4.345,29,Luis,Luis Arraez,650333,L Arraez,Arraez,Luis Arraez,Luis,,,Second Base,2B,2B,163,5,0,4,0,1,.444,.---,0,2,.069,,PHI,143,Philadelphia Phillies,Phillies,12,,0,player,0,.034,.500,2026
2026-08-10T21:33:44-04:00,2026,player,hitting,last_7,,,,,3,25,25.00,.280,.429,,0,0,0,.000,1,2,,,6,0,1,,0,0,5,1.67,0,7,1,.040,0,.160,103,American League,9,,,90,.280,.720,3.600,25,Henry,Henry Bolte,703607,H Bolte,Bolte,Henry Bolte,Henry,,,Outfielder,CF,CF,164,1,0,4,0,0,.440,1.000,1,10,.400,,ATH,133,Athletics,Athletics,11,,0,player,0,.000,.---,2026
2026-08-10T21:33:44-04:00,2026,player,hitting,last_7,,,,,3,15,15.00,.133,.111,,4,0,0,.---,1,2,,,5,0,3,,0,0,5,1.67,0,2,1,.053,1,.267,104,National League,10,,,81,.316,.716,4.263,19,Alec,Alec Burleson,676475,A Burleson,Burleson,Alec Burleson,Alec,,,First Base,1B,1B,165,1,0,3,0,0,.400,.---,0,5,.263,,STL,138,St. Louis Cardinals,Cardinals,6,,0,player,0,.211,.800,2026
2026-08-10T21:33:44-04:00,2026,player,hitting,last_7,,,,,5,23,23.00,.217,.235,,2,0,0,.---,2,3,,,6,0,2,,0,0,8,1.60,0,5,1,.040,0,.217,104,National League,9,,,91,.280,.715,3.640,25,James,Dansby Swanson,621020,D Swanson,Swanson,Dansby Swanson,Dansby,,,Shortstop,SS,SS,166,2,1,5,0,0,.435,.---,0,5,.200,,CHC,112,Chicago Cubs,Cubs,10,,0,player,0,.080,.400,2026
2026-08-10T21:33:44-04:00,2026,player,hitting,last_7,,,,,2,14,-.--,.286,.400,,0,0,0,.---,2,2,,,6,1,1,,1,0,4,2.00,0,4,0,.000,0,.143,103,American League,7,,,52,.286,.715,3.714,14,Randal,Randal Grichuk,545341,R Grichuk,Grichuk,Randal Grichuk,Randal,,,Designated Hitter,DH,DH,167,1,0,2,0,0,.429,.---,0,4,.286,,CWS,145,Chicago White Sox,White Sox,6,,0,player,0,.000,.---,2026
2026-08-10T21:33:44-04:00,2026,player,hitting,last_7,,,,,3,14,-.--,.286,.333,,0,0,1,1.000,0,1,,,5,1,5,,1,0,6,2.00,0,4,0,.000,0,.143,103,American League,7,,,51,.286,.715,3.400,15,Nicholas,Nicky Lopez,670032,N Lopez,Lopez,Nicky Lopez,Nicky,,,Second Base,2B,2B,167,2,0,1,1,0,.429,.000,0,2,.133,,TEX,140,Texas Rangers,Rangers,6,,1,player,0,.000,.---,2026
2026-08-10T21:33:44-04:00,2026,player,hitting,last_7,,,,,8,22,22.00,.273,.313,,1,0,0,.---,0,1,,,5,1,2,,1,0,3,0.38,0,6,1,.043,0,.136,103,American League,9,,,95,.304,.713,4.130,23,Jonathan,Jonathan Aranda,666018,J Aranda,Aranda,Jonathan Aranda,Jonathan,,,First Base,1B,1B,169,5,0,3,0,0,.409,.---,0,5,.217,,TB,139,Tampa Bay Rays,Rays,9,,0,player,0,.043,.200,2026
2026-08-10T21:33:44-04:00,2026,player,hitting,last_7,,,,,3,16,-.--,.250,.267,,2,0,1,1.000,1,1,,,6,0,4,,0,0,8,2.67,2,4,0,.000,0,.063,103,American League,8,,,75,.400,.713,3.750,20,Samuel,Sam Antonacci,803011,S Antonacci,Antonacci,Sam Antonacci,Sam,,,Outfielder,LF,LF,170,2,0,0,0,0,.313,.000,0,1,.050,,CWS,145,Chicago White Sox,White Sox,5,,0,player,0,.100,2.000,2026
2026-08-10T21:33:44-04:00,2026,player,hitting,last_7,,,,,3,23,-.--,.261,.353,,8,0,0,.---,0,0,,,6,0,1,,0,0,8,2.67,0,6,0,.000,0,.000,103,American League,13,,,131,.452,.713,4.226,31,Chase,Chase DeLauter,800050,C DeLauter,DeLauter,Chase DeLauter,Chase,,,Outfielder,RF,RF,171,1,0,5,0,0,.261,.---,0,6,.194,,CLE,114,Cleveland Guardians,Guardians,6,,0,player,0,.258,1.333,2026
2026-08-10T21:33:44-04:00,2026,player,hitting,last_7,,,,,5,20,20.00,.200,.273,,3,0,1,1.000,1,2,,,6,0,1,,0,0,3,0.60,0,4,1,.043,0,.200,104,National League,6,,,89,.304,.704,3.870,23,Jeffrey,JJ Bleday,668709,J Bleday,Bleday,JJ Bleday,JJ,,,Outfielder,LF,LF,172,1,0,1,0,0,.400,.000,0,8,.348,,CIN,113,Cincinnati Reds,Reds,8,,0,player,0,.130,.375,2026
2026-08-10T21:33:44-04:00,2026,player,hitting,last_7,,,,,3,17,-.--,.235,.333,,3,0,0,.000,2,2,,,5,2,3,,2,0,5,1.67,0,4,0,.000,0,.118,103,American League,6,,,70,.350,.703,3.500,20,Ezequiel,Ezequiel Duran,677649,E Duran,Duran,Ezequiel Duran,Ezequiel,,,Shortstop,SS,SS,173,5,0,2,0,0,.353,1.000,1,5,.250,,TEX,140,Texas Rangers,Rangers,6,,0,player,1,.150,.600,2026
2026-08-10T21:33:44-04:00,2026,player,hitting,last_7,,,,,5,22,22.00,.273,.313,,1,0,0,.---,0,1,,,6,2,2,,2,0,6,1.20,0,6,1,.042,0,.136,104,National League,6,,,110,.292,.701,4.583,24,Sal,Sal Stewart,701398,S Stewart,Stewart,Sal Stewart,Sal,,,First Base,1B,1B,174,2,0,5,0,1,.409,.---,0,6,.250,,CIN,113,Cincinnati Reds,Reds,9,,0,player,0,.042,.167,2026
2026-08-10T21:33:44-04:00,2026,player,hitting,last_7,,,,,0,5,-.--,.200,.200,,3,0,0,.---,0,0,,,2,0,1,,0,0,4,4.00,0,1,0,.000,0,.000,103,American League,1,,,32,.500,.700,4.000,8,Edgar,Edgar Quero,700337,E Quero,Quero,Edgar Quero,Edgar,,,Catcher,C,C,175,0,0,0,0,0,.200,.---,0,0,.000,,CWS,145,Chicago White Sox,White Sox,1,,0,player,0,.375,.---,2026
2026-08-10T21:33:44-04:00,2026,player,hitting,last_7,,,,,3,11,-.--,.273,.375,,0,0,0,.---,1,1,,,4,0,1,,0,0,2,0.67,1,3,0,.000,0,.091,103,American League,4,,,37,.333,.697,3.083,12,Andrew,Andrew Benintendi,643217,A Benintendi,Benintendi,Andrew Benintendi,Andrew,,,Designated Hitter,DH,DH,176,0,0,2,0,0,.364,.---,0,3,.250,,CWS,145,Chicago White Sox,White Sox,4,,0,player,0,.000,.---,2026
2026-08-10T21:33:44-04:00,2026,player,hitting,last_7,,,,,5,22,22.00,.227,.333,,3,0,0,.---,0,1,,,6,1,2,,1,0,3,0.60,1,5,1,.037,0,.136,103,American League,8,,,107,.333,.697,3.963,27,Colson,Colson Montgomery,695657,C Montgomery,Montgomery,Colson Montgomery,Colson,,,Shortstop,SS,SS,176,5,0,3,0,1,.364,.---,0,10,.370,,CWS,145,Chicago White Sox,White Sox,8,,0,player,0,.111,.300,2026
2026-08-10T21:33:44-04:00,2026,player,hitting,last_7,,,,,5,17,17.00,.235,.250,,1,0,0,.---,0,1,,,6,0,1,,0,0,4,0.80,0,4,1,.056,0,.176,104,National League,5,,,81,.278,.690,4.500,18,Abimelec,Abimelec Ortiz,694673,A Ortiz,Ortiz,Abimelec Ortiz,Abimelec,,,First Base,1B,1B,178,3,0,1,0,0,.412,.---,0,4,.222,,WSH,120,Washington Nationals,Nationals,7,,0,player,0,.056,.250,2026
2026-08-10T21:33:44-04:00,2026,player,hitting,last_7,,,,,3,10,-.--,.200,.250,,2,0,0,.---,1,1,,,5,0,2,,0,0,3,1.00,1,2,0,.000,0,.100,103,American League,7,,,42,.385,.685,3.231,13,Tristan,Tristan Peters,671976,T Peters,Peters,Tristan Peters,Tristan,,,Outfielder,CF,CF,179,2,0,1,0,0,.300,.---,0,2,.154,,CWS,145,Chicago White Sox,White Sox,3,,0,player,0,.154,1.000,2026
2026-08-10T21:33:44-04:00,2026,player,hitting,last_7,,,,,4,20,-.--,.300,.353,,1,0,0,.000,1,1,,,4,0,1,,0,0,7,1.75,0,6,0,.000,0,.050,103,American League,10,,,81,.333,.683,3.857,21,Yandy,Yandy Díaz,650490,Y Díaz,Díaz,Yandy Díaz,Yandy,,,Designated Hitter,DH,DH,180,1,0,3,0,0,.350,1.000,1,3,.143,,TB,139,Tampa Bay Rays,Rays,7,,0,player,0,.048,.333,2026
2026-08-10T21:33:44-04:00,2026,player,hitting,last_7,,,,,11,22,-.--,.273,.300,,2,0,0,.000,1,1,,,6,0,4,,0,0,3,0.27,1,6,0,.000,0,.045,104,National League,10,,,99,.360,.678,3.960,25,Jacob,Jake Cronenworth,630105,J Cronenworth,Cronenworth,Jake Cronenworth,Jake,,,Second Base,2B,2B,181,1,0,1,0,0,.318,1.000,2,2,.080,,SD,135,San Diego Padres,Padres,7,,0,player,0,.080,1.000,2026
2026-08-10T21:33:44-04:00,2026,player,hitting,last_7,,,,,11,19,9.50,.158,.071,,1,0,0,.---,0,2,,,5,0,2,,0,0,2,0.18,0,3,2,.100,0,.316,104,National League,10,,,86,.200,.674,4.300,20,Nolan,Nolan Arenado,571448,N Arenado,Arenado,Nolan Arenado,Nolan,,,Third Base,3B,3B,182,3,0,2,0,0,.474,.---,0,3,.150,,AZ,109,Arizona Diamondbacks,D-backs,9,,0,player,0,.050,.333,2026
2026-08-10T21:33:44-04:00,2026,player,hitting,last_7,,,,,2,10,-.--,.200,.286,,1,0,0,.---,2,2,,,4,1,3,,1,0,3,1.50,0,2,0,.000,0,.200,103,American League,7,,,50,.273,.673,4.545,11,Eduardo,Eduardo Valencia,680664,E Valencia,Valencia,Eduardo Valencia,Eduardo,,,Catcher,C,C,183,2,0,1,0,0,.400,.---,0,3,.273,,DET,116,Detroit Tigers,Tigers,4,,0,player,0,.091,.333,2026
2026-08-10T21:33:44-04:00,2026,player,hitting,last_7,,,,,8,22,22.00,.227,.308,,0,0,0,.---,1,2,,,6,0,2,,0,0,1,0.13,1,5,1,.043,0,.182,104,National League,11,,,86,.261,.670,3.739,23,Daylen,Daylen Lile,695734,D Lile,Lile,Daylen Lile,Daylen,,,Outfielder,LF,LF,184,5,0,3,0,0,.409,.---,0,8,.348,,WSH,120,Washington Nationals,Nationals,9,,0,player,0,.000,.---,2026
2026-08-10T21:33:44-04:00,2026,player,hitting,last_7,,,,,4,17,-.--,.235,.444,,2,0,0,.000,2,2,,,6,0,2,,0,0,2,0.50,0,4,0,.000,0,.118,104,National League,9,,,90,.316,.669,4.500,20,David,David Hamilton,666152,D Hamilton,Hamilton,David Hamilton,David,,,Third Base,3B,3B,185,1,1,3,1,0,.353,1.000,1,8,.400,,MIL,158,Milwaukee Brewers,Brewers,6,,0,player,0,.100,.250,2026
2026-08-10T21:33:44-04:00,2026,player,hitting,last_7,,,,,1,3,-.--,.333,.500,,0,0,0,.---,0,0,,,3,0,0,,0,0,0,0.00,0,1,0,.000,0,.000,103,American League,2,,,11,.333,.666,3.667,3,Nicholas,Nick Allen,669397,N Allen,Allen,Nick Allen,Nick,,,Shortstop,SS,SS,186,0,0,0,0,0,.333,.---,0,1,.333,,HOU,117,Houston Astros,Astros,1,,0,player,0,.000,.---,2026
2026-08-10T21:33:44-04:00,2026,player,hitting,last_7,,,,,1,6,-.--,.333,.500,,0,0,0,.---,0,0,,,3,0,0,,0,0,1,1.00,0,2,0,.000,0,.000,103,American League,3,,,19,.333,.666,3.167,6,Peter,Petey Halpin,690984,P Halpin,Halpin,Petey Halpin,Petey,,,Outfielder,CF,CF,186,0,0,0,0,0,.333,.---,0,2,.333,,CLE,114,Cleveland Guardians,Guardians,2,,0,player,0,.000,.---,2026
2026-08-10T21:33:44-04:00,2026,player,hitting,last_7,,,,,1,3,-.--,.333,.500,,0,0,0,.---,0,0,,,1,0,0,,0,0,0,0.00,0,1,0,.000,0,.000,103,American League,2,,,11,.333,.666,3.667,3,Luke,Luke Maile,571912,L Maile,Maile,Luke Maile,Luke,,,Catcher,C,C,186,0,0,0,0,0,.333,.---,0,1,.333,,KC,118,Kansas City Royals,Royals,1,,0,player,0,.000,.---,2026
2026-08-10T21:33:44-04:00,2026,player,hitting,last_7,,,,,0,3,-.--,.333,1.000,,0,0,0,.---,0,0,,,1,0,0,,0,0,0,-.--,0,1,0,.000,0,.000,104,National League,1,,,11,.333,.666,3.667,3,Pedro,Pedro Pagés,686780,P Pagés,Pagés,Pedro Pagés,Pedro,,,Catcher,C,C,186,0,0,0,0,0,.333,.---,0,2,.667,,STL,138,St. Louis Cardinals,Cardinals,1,,0,player,0,.000,.---,2026
2026-08-10T21:33:44-04:00,2026,player,hitting,last_7,,,,,1,3,-.--,.333,.500,,0,0,0,.---,0,0,,,1,0,0,,0,0,0,0.00,0,1,0,.000,0,.000,103,American League,0,,,12,.333,.666,4.000,3,Leonardo,Leo Rivas,660844,L Rivas,Rivas,Leo Rivas,Leo,,,Third Base,3B,3B,186,0,0,0,0,0,.333,.---,0,1,.333,,SEA,136,Seattle Mariners,Mariners,1,,0,player,0,.000,.---,2026
2026-08-10T21:33:44-04:00,2026,player,hitting,last_7,,,,,3,13,-.--,.308,.364,,1,0,0,.---,0,0,,,4,2,5,,2,0,4,1.33,0,4,0,.000,0,.000,104,National League,6,,,52,.357,.665,3.714,14,Leonardo,Leo Jiménez,677870,L Jiménez,Jimenez,Leo Jiménez,Leo,,,Third Base,3B,3B,191,4,0,1,0,0,.308,.---,0,2,.143,,MIA,146,Miami Marlins,Marlins,4,,0,player,0,.071,.500,2026
2026-08-10T21:33:44-04:00,2026,player,hitting,last_7,,,,,4,19,-.--,.211,.308,,4,0,0,.000,2,2,,,5,1,4,,1,0,5,1.25,0,4,0,.000,1,.105,104,National League,10,,,98,.348,.664,4.261,23,Cole,Cole Carrigg,694249,C Carrigg,Carrigg,Cole Carrigg,Cole,,,Outfielder,CF,CF,192,2,0,2,0,0,.316,1.000,1,6,.261,,COL,115,Colorado Rockies,Rockies,6,,0,player,0,.174,.667,2026
2026-08-10T21:33:44-04:00,2026,player,hitting,last_7,,,,,8,20,-.--,.250,.238,,4,0,0,.---,1,1,,,6,2,3,,2,0,8,1.00,0,5,0,.000,1,.050,104,National League,10,,,89,.360,.660,3.560,25,Alec,Alec Bohm,664761,A Bohm,Bohm,Alec Bohm,Alec,,,Third Base,3B,3B,193,3,0,2,0,1,.300,.---,0,0,.000,,PHI,143,Philadelphia Phillies,Phillies,6,,0,player,0,.160,.---,2026
2026-08-10T21:33:44-04:00,2026,player,hitting,last_7,,,,,10,28,28.00,.250,.261,,1,0,0,.---,1,2,,,6,1,6,,1,0,7,0.70,0,7,1,.033,0,.143,104,National League,20,,,105,.267,.660,3.500,30,Trea,Trea Turner,607208,T Turner,Turner,Trea Turner,Trea,,,Shortstop,SS,SS,194,4,0,5,0,1,.393,.---,0,5,.167,,PHI,143,Philadelphia Phillies,Phillies,11,,0,player,0,.033,.200,2026
2026-08-10T21:33:44-04:00,2026,player,hitting,last_7,,,,,8,21,-.--,.286,.316,,1,0,0,.---,1,1,,,5,2,5,,2,0,5,0.63,0,6,0,.000,0,.048,104,National League,12,,,70,.318,.651,3.182,22,Toby,TJ Rumfield,681198,T Rumfield,Rumfield,TJ Rumfield,TJ,,,First Base,1B,1B,195,1,0,2,0,0,.333,.---,0,2,.091,,COL,115,Colorado Rockies,Rockies,7,,0,player,0,.045,.500,2026
2026-08-10T21:33:44-04:00,2026,player,hitting,last_7,,,,,5,20,20.00,.200,.231,,0,0,0,.---,2,3,,,5,0,1,,0,0,5,1.00,0,4,1,.050,0,.250,103,American League,4,,,65,.200,.650,3.250,20,Trenton,Trent Grisham,663757,T Grisham,Grisham,Trent Grisham,Trent,,,Outfielder,CF,CF,196,1,0,2,0,0,.450,.---,0,6,.300,,NYY,147,New York Yankees,Yankees,9,,0,player,0,.000,.---,2026
2026-08-10T21:33:44-04:00,2026,player,hitting,last_7,,,,,2,4,-.--,.250,.333,,1,0,0,.---,0,0,,,6,0,2,,0,0,0,0.00,0,1,0,.000,0,.000,103,American League,6,,,27,.400,.650,5.400,5,Hao-Yu,Hao-Yu Lee,701678,H Lee,Lee,Hao-Yu Lee,Hao-Yu,,,Second Base,2B,2B,196,1,0,1,0,0,.250,.---,0,1,.200,,DET,116,Detroit Tigers,Tigers,1,,0,player,0,.200,1.000,2026
2026-08-10T21:33:44-04:00,2026,player,hitting,last_7,,,,,4,19,-.--,.316,.375,,1,0,0,.000,0,0,,,5,1,4,,1,0,6,1.50,0,6,0,.000,0,.000,104,National League,11,,,76,.333,.649,3.619,21,Nathan,Nathan Church,701675,N Church,Church,Nathan Church,Nathan,,,Outfielder,CF,CF,198,2,0,1,0,1,.316,1.000,1,4,.190,,STL,138,St. Louis Cardinals,Cardinals,6,,0,player,0,.048,.250,2026
2026-08-10T21:33:44-04:00,2026,player,hitting,last_7,,,,,8,18,-.--,.278,.278,,1,0,0,.000,1,1,,,5,1,4,,1,0,5,0.63,0,5,0,.000,0,.056,104,National League,10,,,60,.316,.649,3.158,19,Ronny,Ronny Simon,682927,R Simon,Simon,Ronny Simon,Ronny,,,Second Base,2B,2B,198,2,0,3,0,0,.333,1.000,1,0,.000,,PIT,134,Pittsburgh Pirates,Pirates,6,,0,player,0,.053,.---,2026
2026-08-10T21:33:44-04:00,2026,player,hitting,last_7,,,,,4,12,12.00,.167,.125,,1,0,0,.---,0,1,,,4,0,1,,0,0,3,0.75,0,2,1,.077,0,.250,103,American League,1,,,39,.231,.648,3.000,13,Joc,Joc Pederson,592626,J Pederson,Pederson,Joc Pederson,Joc,,,Designated Hitter,DH,DH,200,2,0,2,0,0,.417,.---,0,3,.231,,TEX,140,Texas Rangers,Rangers,5,,0,player,0,.077,.333,2026
2026-08-10T21:33:44-04:00,2026,player,hitting,last_7,,,,,5,14,-.--,.286,.333,,0,0,0,.000,1,1,,,6,0,0,,0,0,3,0.60,0,4,0,.000,0,.071,103,American League,2,,,50,.286,.643,3.571,14,Brenton,Brenton Doyle,686668,B Doyle,Doyle,Brenton Doyle,Brenton,,,Outfielder,CF,CF,201,0,0,2,0,0,.357,1.000,2,2,.143,,CWS,145,Chicago White Sox,White Sox,5,,0,player,0,.000,.---,2026
2026-08-10T21:33:44-04:00,2026,player,hitting,last_7,,,,,8,19,19.00,.158,.133,,3,0,0,.---,1,2,,,6,1,4,,1,0,5,0.63,0,3,1,.045,0,.211,104,National League,13,,,101,.273,.641,4.591,22,Ozhaino,Ozzie Albies,645277,O Albies,Albies,Ozzie Albies,Ozzie,,,Second Base,2B,2B,202,1,0,2,0,0,.368,.---,0,3,.136,,ATL,144,Atlanta Braves,Braves,7,,0,player,0,.136,1.000,2026
2026-08-10T21:33:44-04:00,2026,player,hitting,last_7,,,,,7,23,-.--,.261,.300,,0,0,0,.---,2,2,,,6,1,5,,1,0,7,1.00,1,6,0,.000,0,.087,104,National League,9,,,85,.292,.640,3.542,24,Nicholas,Nick Gonzales,693304,N Gonzales,Gonzales,Nick Gonzales,Nick,,,Third Base,3B,3B,203,3,1,1,0,0,.348,.---,0,3,.125,,PIT,134,Pittsburgh Pirates,Pirates,8,,0,player,0,.000,.---,2026
2026-08-10T21:33:44-04:00,2026,player,hitting,last_7,,,,,2,22,-.--,.227,.385,,3,0,0,.---,2,2,,,6,0,1,,0,0,6,3.00,0,5,0,.000,0,.091,104,National League,10,,,93,.320,.638,3.720,25,Bryan,Bryan Reynolds,668804,B Reynolds,Reynolds,Bryan Reynolds,Bryan,,,Outfielder,LF,LF,204,0,0,4,0,0,.318,.---,0,9,.360,,PIT,134,Pittsburgh Pirates,Pirates,7,,0,player,0,.120,.333,2026
2026-08-10T21:33:44-04:00,2026,player,hitting,last_7,,,,,4,11,11.00,.182,.143,,0,0,0,.---,0,1,,,5,0,1,,0,0,2,0.50,0,2,1,.091,0,.273,104,National League,5,,,50,.182,.637,4.545,11,Pedro,Pedro Ramírez,699393,P Ramírez,Ramírez,Pedro Ramírez,Pedro,,,Second Base,2B,2B,205,1,0,2,0,0,.455,.---,0,3,.273,,CHC,112,Chicago Cubs,Cubs,5,,0,player,0,.000,.---,2026
2026-08-10T21:33:44-04:00,2026,player,hitting,last_7,,,,,4,11,11.00,.182,.143,,0,0,0,.---,0,1,,,3,0,0,,0,0,2,0.50,0,2,1,.091,0,.273,103,American League,1,,,37,.182,.637,3.364,11,Brian,Brian Serven,661531,B Serven,Serven,Brian Serven,Brian,,,Catcher,C,C,205,3,0,1,0,0,.455,.---,0,3,.273,,ATH,133,Athletics,Athletics,5,,0,player,0,.000,.---,2026
2026-08-10T21:33:44-04:00,2026,player,hitting,last_7,,,,,3,15,-.--,.200,.429,,4,0,0,.---,1,1,,,6,0,0,,0,0,1,0.33,0,3,0,.000,0,.067,103,American League,10,,,92,.368,.635,4.842,19,Joshua,Josh Lowe,666139,J Lowe,Lowe,Josh Lowe,Josh,,,Outfielder,LF,LF,207,0,0,1,0,0,.267,.---,0,8,.421,,LAA,108,Los Angeles Angels,Angels,4,,0,player,0,.211,.500,2026
2026-08-10T21:33:44-04:00,2026,player,hitting,last_7,,,,,6,19,-.--,.211,.235,,3,0,0,.---,2,2,,,6,0,5,,0,0,7,1.17,0,4,0,.000,0,.105,104,National League,12,,,85,.318,.634,3.864,22,Xavier,Xavier Edwards,669364,X Edwards,Edwards,Xavier Edwards,Xavier,,,Second Base,2B,2B,208,3,0,4,0,0,.316,.---,0,2,.091,,MIA,146,Miami Marlins,Marlins,6,,0,player,0,.136,1.500,2026
2026-08-10T21:33:44-04:00,2026,player,hitting,last_7,,,,,7,25,25.00,.200,.308,,3,0,0,.000,0,1,,,6,0,1,,0,0,2,0.29,1,5,1,.034,0,.120,104,National League,11,,,120,.310,.630,4.138,29,Francisco,Francisco Lindor,596019,F Lindor,Lindor,Francisco Lindor,Francisco,,,Shortstop,SS,SS,209,4,0,5,0,0,.320,1.000,1,11,.379,,NYM,121,New York Mets,Mets,8,,0,player,0,.103,.273,2026
2026-08-10T21:33:44-04:00,2026,player,hitting,last_7,,,,,8,27,27.00,.259,.286,,0,0,0,.000,0,1,,,6,0,3,,0,0,7,0.88,0,7,1,.037,0,.111,103,American League,9,,,101,.259,.629,3.741,27,Nathan,Nathan Lukes,664770,N Lukes,Lukes,Nathan Lukes,Nathan,,,Outfielder,RF,RF,210,3,0,2,0,0,.370,1.000,1,5,.185,,TOR,141,Toronto Blue Jays,Blue Jays,10,,0,player,0,.000,.---,2026
2026-08-10T21:33:44-04:00,2026,player,hitting,last_7,,,,,4,14,14.00,.143,.100,,0,0,0,.---,1,2,,,4,1,4,,1,0,5,1.25,1,2,1,.067,0,.286,103,American League,9,,,58,.200,.629,3.867,15,Connor,Connor Wong,657136,C Wong,Wong,Connor Wong,Connor,,,Catcher,C,C,211,2,0,1,0,0,.429,.---,0,3,.200,,BOS,111,Boston Red Sox,Red Sox,6,,0,player,0,.000,.---,2026
2026-08-10T21:33:44-04:00,2026,player,hitting,last_7,,,,,5,18,-.--,.278,.294,,2,0,0,.---,0,0,,,5,1,3,,1,0,7,1.40,0,5,0,.000,0,.000,104,National League,5,,,77,.350,.628,3.850,20,Markus,Mookie Betts,605141,M Betts,Betts,Mookie Betts,Mookie,,,Shortstop,SS,SS,212,0,0,2,0,0,.278,.---,0,1,.050,,LAD,119,Los Angeles Dodgers,Dodgers,5,,0,player,0,.100,2.000,2026
2026-08-10T21:33:44-04:00,2026,player,hitting,last_7,,,,,0,8,8.00,.125,.000,,0,0,0,.---,0,1,,,3,0,0,,0,0,2,2.00,0,1,1,.125,0,.375,103,American League,5,,,29,.125,.625,3.625,8,Jonathan,Jonny DeLuca,676356,J DeLuca,DeLuca,Jonny DeLuca,Jonny,,,Outfielder,RF,RF,213,1,0,1,0,0,.500,.---,0,5,.625,,TB,139,Tampa Bay Rays,Rays,4,,0,player,0,.000,.---,2026
2026-08-10T21:33:44-04:00,2026,player,hitting,last_7,,,,,3,8,-.--,.250,.333,,0,0,0,.---,1,1,,,3,0,0,,0,0,1,0.33,0,2,0,.000,0,.125,104,National League,4,,,38,.250,.625,4.750,8,Eddys,Eddys Leonard,678760,E Leonard,Leonard,Eddys Leonard,Eddys,,,Shortstop,SS,SS,213,0,0,0,0,0,.375,.---,0,2,.250,,SF,137,San Francisco Giants,Giants,3,,0,player,0,.000,.---,2026
2026-08-10T21:33:44-04:00,2026,player,hitting,last_7,,,,,6,20,20.00,.200,.188,,1,0,0,.---,0,1,,,5,0,3,,0,0,7,1.17,1,4,1,.045,0,.150,104,National League,11,,,80,.273,.623,3.636,22,William,William Contreras,661388,W Contreras,Contreras,William Contreras,William,,,Catcher,C,C,215,2,0,3,0,0,.350,.---,0,3,.136,,MIL,158,Milwaukee Brewers,Brewers,7,,0,player,0,.045,.333,2026
2026-08-10T21:33:44-04:00,2026,player,hitting,last_7,,,,,1,19,19.00,.158,.182,,4,0,0,.---,0,1,,,5,1,2,,1,0,8,8.00,0,3,1,.043,1,.158,103,American League,12,,,92,.304,.620,4.000,23,Junior,Junior Caminero,691406,J Caminero,Caminero,Junior Caminero,Junior,,,Third Base,3B,3B,216,2,1,2,0,0,.316,.---,0,7,.304,,TB,139,Tampa Bay Rays,Rays,6,,0,player,0,.174,.571,2026
2026-08-10T21:33:44-04:00,2026,player,hitting,last_7,,,,,7,12,-.--,.167,.182,,2,0,0,.000,0,1,,,5,0,1,,0,0,2,0.29,0,2,0,.000,0,.167,104,National League,2,,,53,.286,.619,3.786,14,Andrew,Drew Gilbert,687551,D Gilbert,Gilbert,Drew Gilbert,Drew,,,Outfielder,CF,CF,217,1,0,3,0,0,.333,1.000,1,1,.071,,SF,137,San Francisco Giants,Giants,4,,1,player,0,.143,2.000,2026
2026-08-10T21:33:44-04:00,2026,player,hitting,last_7,,,,,3,6,-.--,.167,.200,,1,0,0,.---,1,1,,,4,0,0,,0,0,1,0.33,0,1,0,.000,0,.167,103,American League,1,,,22,.286,.619,3.143,7,Tyler,Tyler Tolbert,686475,T Tolbert,Tolbert,Tyler Tolbert,Tyler,,,Shortstop,SS,SS,217,0,0,1,0,0,.333,.---,0,1,.143,,KC,118,Kansas City Royals,Royals,2,,0,player,0,.143,1.000,2026
2026-08-10T21:33:44-04:00,2026,player,hitting,last_7,,,,,6,20,-.--,.250,.294,,2,0,1,.500,1,1,,,5,0,3,,0,0,6,1.00,0,5,0,.000,0,.050,103,American League,9,,,90,.318,.618,4.091,22,Luke,Luke Keaschall,807712,L Keaschall,Keaschall,Luke Keaschall,Luke,,,Second Base,2B,2B,219,1,1,2,0,0,.300,.500,1,3,.136,,MIN,142,Minnesota Twins,Twins,6,,0,player,0,.091,.667,2026
2026-08-10T21:33:44-04:00,2026,player,hitting,last_7,,,,,7,26,26.00,.231,.250,,0,0,0,.---,1,2,,,6,0,3,,0,0,8,1.14,0,6,1,.038,0,.154,103,American League,10,,,78,.231,.616,3.000,26,Ernie,Ernie Clement,676391,E Clement,Clement,Ernie Clement,Ernie,,,Second Base,2B,2B,220,3,0,2,0,0,.385,.---,0,5,.192,,TOR,141,Toronto Blue Jays,Blue Jays,10,,0,player,0,.000,.---,2026
2026-08-10T21:33:44-04:00,2026,player,hitting,last_7,,,,,5,11,-.--,.273,.300,,0,0,0,.---,1,1,,,3,0,4,,0,0,2,0.40,0,3,0,.000,0,.091,104,National League,7,,,43,.250,.614,3.583,12,James,Jimmy Crooks,699625,J Crooks,Crooks,Jimmy Crooks,Jimmy,,,Catcher,C,C,221,1,0,2,0,1,.364,.---,0,2,.167,,STL,138,St. Louis Cardinals,Cardinals,4,,0,player,0,.000,.---,2026
2026-08-10T21:33:44-04:00,2026,player,hitting,last_7,,,,,4,11,-.--,.182,.250,,1,0,0,.---,2,2,,,5,0,0,,0,0,2,0.50,0,2,0,.000,0,.182,104,National League,3,,,52,.250,.614,4.333,12,Michael,Mike Yastrzemski,573262,M Yastrzemski,Yastrzemski,Mike Yastrzemski,Mike,,,Outfielder,LF,LF,221,1,0,2,0,0,.364,.---,0,3,.250,,ATL,144,Atlanta Braves,Braves,4,,0,player,0,.083,.333,2026
2026-08-10T21:33:44-04:00,2026,player,hitting,last_7,,,,,4,17,17.00,.118,.111,,5,0,0,.---,0,1,,,5,1,1,,1,0,4,1.00,0,2,1,.045,0,.176,103,American League,6,,,105,.318,.612,4.773,22,Benjamin,Ben Rice,700250,B Rice,Rice,Ben Rice,Ben,,,First Base,1B,1B,223,2,0,2,0,0,.294,.---,0,7,.318,,NYY,147,New York Yankees,Yankees,5,,0,player,0,.227,.714,2026
2026-08-10T21:33:44-04:00,2026,player,hitting,last_7,,,,,5,18,18.00,.222,.273,,0,0,0,.---,0,1,,,5,0,0,,0,0,3,0.60,0,4,1,.056,0,.167,104,National League,11,,,60,.222,.611,3.333,18,Hunter,Hunter Goodman,696100,H Goodman,Goodman,Hunter Goodman,Hunter,,,Catcher,C,C,224,3,0,1,0,0,.389,.---,0,6,.333,,COL,115,Colorado Rockies,Rockies,7,,0,player,0,.000,.---,2026
2026-08-10T21:33:44-04:00,2026,player,hitting,last_7,,,,,2,16,16.00,.188,.250,,1,0,0,.---,0,1,,,5,0,1,,0,0,4,2.00,0,3,1,.059,0,.188,104,National League,8,,,68,.235,.610,4.000,17,Brady,Brady House,691781,B House,House,Brady House,Brady,,,Third Base,3B,3B,225,1,0,3,0,0,.375,.---,0,7,.412,,WSH,120,Washington Nationals,Nationals,6,,0,player,0,.059,.143,2026
2026-08-10T21:33:44-04:00,2026,player,hitting,last_7,,,,,5,17,-.--,.235,.333,,2,0,0,.---,1,1,,,5,0,1,,0,0,3,0.60,0,4,0,.000,0,.059,104,National League,9,,,88,.316,.610,4.632,19,Ezequiel,Ezequiel Tovar,678662,E Tovar,Tovar,Ezequiel Tovar,Ezequiel,,,Shortstop,SS,SS,226,1,0,2,0,0,.294,.---,0,5,.263,,COL,115,Colorado Rockies,Rockies,5,,0,player,0,.105,.400,2026
2026-08-10T21:33:44-04:00,2026,player,hitting,last_7,,,,,4,12,-.--,.250,.375,,2,0,0,.000,0,0,,,4,0,1,,0,0,1,0.25,0,3,0,.000,0,.000,103,American League,3,,,52,.357,.607,3.714,14,Jeffrey,Jeff McNeil,643446,J McNeil,McNeil,Jeff McNeil,Jeff,,,Second Base,2B,2B,227,1,0,2,0,0,.250,1.000,2,4,.286,,ATH,133,Athletics,Athletics,3,,0,player,0,.143,.500,2026
2026-08-10T21:33:44-04:00,2026,player,hitting,last_7,,,,,2,11,-.--,.273,.375,,1,0,0,.---,0,0,,,5,0,3,,0,0,3,1.50,0,3,0,.000,0,.000,103,American League,8,,,45,.333,.606,3.750,12,Elijah,Eli White,642201,E White,White,Eli White,Eli,,,Outfielder,RF,RF,228,1,1,3,0,0,.273,.---,0,3,.250,,BOS,111,Boston Red Sox,Red Sox,3,,0,player,0,.083,.333,2026
2026-08-10T21:33:44-04:00,2026,player,hitting,last_7,,,,,7,26,-.--,.269,.292,,1,0,0,.---,1,1,,,6,0,5,,0,0,10,1.43,0,7,0,.000,0,.038,104,National League,18,,,89,.296,.604,3.296,27,Otto,Otto Lopez,672640,O Lopez,Lopez,Otto Lopez,Otto,,,Shortstop,SS,SS,229,2,1,4,0,0,.308,.---,0,2,.074,,MIA,146,Miami Marlins,Marlins,8,,0,player,0,.037,.500,2026
2026-08-10T21:33:44-04:00,2026,player,hitting,last_7,,,,,4,14,-.--,.214,.300,,2,0,0,.---,1,1,,,3,0,1,,0,0,3,0.75,0,3,0,.000,0,.071,103,American League,5,,,56,.313,.599,3.500,16,Brett,Brett Bateman,703520,B Bateman,Bateman,Brett Bateman,Brett,,,Outfielder,CF,CF,230,1,0,2,0,0,.286,.---,0,4,.250,,TOR,141,Toronto Blue Jays,Blue Jays,4,,0,player,0,.125,.500,2026
2026-08-10T21:33:44-04:00,2026,player,hitting,last_7,,,,,7,21,-.--,.190,.286,,6,0,0,.000,1,1,,,6,1,2,,1,0,3,0.43,0,4,0,.000,0,.048,103,American League,12,,,115,.357,.595,4.107,28,Miguel,Miguel Vargas,678246,M Vargas,Vargas,Miguel Vargas,Miguel,,,Third Base,3B,3B,231,1,0,4,0,1,.238,1.000,1,8,.286,,CWS,145,Chicago White Sox,White Sox,5,,0,player,0,.214,.750,2026
2026-08-10T21:33:44-04:00,2026,player,hitting,last_7,,,,,5,13,-.--,.308,.333,,0,0,0,.000,0,0,,,4,0,2,,0,0,3,0.60,0,4,0,.000,0,.000,104,National League,4,,,45,.286,.594,3.214,14,Noelvi,Noelvi Marte,682622,N Marte,Marte,Noelvi Marte,Noelvi,,,Outfielder,RF,RF,232,1,0,1,0,1,.308,1.000,2,2,.143,,CIN,113,Cincinnati Reds,Reds,4,,0,player,0,.000,.---,2026
2026-08-10T21:33:44-04:00,2026,player,hitting,last_7,,,,,7,17,-.--,.235,.267,,0,0,0,.---,2,2,,,5,1,4,,1,0,4,0.57,0,4,0,.000,0,.118,103,American League,7,,,62,.235,.588,3.647,17,Isaac,Isaac Paredes,670623,I Paredes,Paredes,Isaac Paredes,Isaac,,,Third Base,3B,3B,233,0,0,1,0,0,.353,.---,0,2,.118,,HOU,117,Houston Astros,Astros,6,,0,player,0,.000,.---,2026
2026-08-10T21:33:44-04:00,2026,player,hitting,last_7,,,,,3,10,-.--,.200,.222,,3,0,0,.000,0,0,,,5,0,3,,0,0,4,1.33,0,2,0,.000,0,.000,104,National League,4,,,42,.385,.585,3.231,13,Jorbit,Jorbit Vivas,678391,J Vivas,Vivas,Jorbit Vivas,Jorbit,,,Third Base,3B,3B,234,0,0,2,0,0,.200,1.000,1,1,.077,,WSH,120,Washington Nationals,Nationals,2,,0,player,0,.231,3.000,2026
2026-08-10T21:33:44-04:00,2026,player,hitting,last_7,,,,,1,8,-.--,.250,.333,,1,0,0,.---,0,0,,,3,0,2,,0,0,3,3.00,0,2,0,.000,0,.000,103,American League,6,,,37,.333,.583,4.111,9,Cameron,Cam Cauley,695508,C Cauley,Cauley,Cam Cauley,Cam,,,Outfielder,CF,CF,235,0,0,1,0,0,.250,.---,0,2,.222,,TEX,140,Texas Rangers,Rangers,2,,0,player,0,.111,.500,2026
2026-08-10T21:33:44-04:00,2026,player,hitting,last_7,,,,,4,8,-.--,.250,.250,,1,0,0,.---,0,0,,,5,0,1,,0,0,2,0.50,0,2,0,.000,0,.000,104,National League,4,,,40,.333,.583,4.444,9,Hunter,Hunter Feduccia,676439,H Feduccia,Feduccia,Hunter Feduccia,Hunter,,,Catcher,C,C,235,0,0,1,0,0,.250,.---,0,0,.000,,LAD,119,Los Angeles Dodgers,Dodgers,2,,0,player,0,.111,.---,2026
2026-08-10T21:33:44-04:00,2026,player,hitting,last_7,,,,,2,11,-.--,.182,.286,,4,0,0,.---,0,0,,,4,1,1,,1,0,3,1.50,0,2,0,.000,0,.000,103,American League,9,,,69,.400,.582,4.600,15,Victor,Victor Caratini,605170,V Caratini,Caratini,Victor Caratini,Victor,,,Catcher,C,C,237,0,0,1,0,0,.182,.---,0,4,.267,,MIN,142,Minnesota Twins,Twins,2,,0,player,0,.267,1.000,2026
2026-08-10T21:33:44-04:00,2026,player,hitting,last_7,,,,,4,19,-.--,.211,.250,,3,0,0,.000,1,1,,,6,1,5,,1,0,8,2.00,0,4,0,.000,0,.053,104,National League,8,,,75,.318,.581,3.409,22,Xander,Xander Bogaerts,593428,X Bogaerts,Bogaerts,Xander Bogaerts,Xander,,,Shortstop,SS,SS,238,1,0,0,0,0,.263,1.000,1,3,.136,,SD,135,San Diego Padres,Padres,5,,0,player,0,.136,1.000,2026
2026-08-10T21:33:44-04:00,2026,player,hitting,last_7,,,,,5,17,17.00,.118,.111,,4,0,0,.---,0,1,,,5,0,0,,0,0,3,0.60,0,2,1,.048,0,.176,103,American League,3,,,97,.286,.580,4.619,21,Carter,Carter Jensen,695600,C Jensen,Jensen,Carter Jensen,Carter,,,Catcher,C,C,239,1,0,5,0,0,.294,.---,0,7,.333,,KC,118,Kansas City Royals,Royals,5,,0,player,0,.190,.571,2026
2026-08-10T21:33:44-04:00,2026,player,hitting,last_7,,,,,7,17,17.00,.118,.091,,4,0,0,.---,0,1,,,5,0,1,,0,0,3,0.43,0,2,1,.048,1,.176,104,National League,8,,,73,.286,.580,3.476,21,Ketel,Ketel Marte,606466,K Marte,Marte,Ketel Marte,Ketel,,,Second Base,2B,2B,239,2,0,1,0,0,.294,.---,0,5,.238,,AZ,109,Arizona Diamondbacks,D-backs,5,,0,player,0,.190,.800,2026
2026-08-10T21:33:44-04:00,2026,player,hitting,last_7,,,,,5,19,19.00,.211,.214,,0,0,0,.000,0,1,,,5,0,4,,0,0,6,1.20,0,4,1,.053,0,.158,104,National League,7,,,68,.211,.579,3.579,19,Osleivis,Osleivis Basabe,678545,O Basabe,Basabe,Osleivis Basabe,Osleivis,,,Second Base,2B,2B,241,2,0,3,0,0,.368,1.000,1,4,.211,,SF,137,San Francisco Giants,Giants,7,,0,player,0,.000,.---,2026
2026-08-10T21:33:44-04:00,2026,player,hitting,last_7,,,,,3,7,-.--,.286,.286,,0,0,0,.---,0,0,,,4,1,3,,1,0,3,1.00,0,2,0,.000,0,.000,103,American League,4,,,26,.286,.572,3.250,8,Tyler,Tyler Heineman,623168,T Heineman,Heineman,Tyler Heineman,Tyler,,,Catcher,C,C,242,0,0,0,1,0,.286,.---,0,0,.000,,LAA,108,Los Angeles Angels,Angels,2,,0,player,0,.000,.---,2026
2026-08-10T21:33:44-04:00,2026,player,hitting,last_7,,,,,3,7,-.--,.286,.333,,0,0,0,.---,0,0,,,2,0,0,,0,0,1,0.33,0,2,0,.000,0,.000,103,American League,3,,,24,.286,.572,3.429,7,Joshua,Josh Rojas,668942,J Rojas,Rojas,Josh Rojas,Josh,,,Third Base,3B,3B,242,2,0,0,0,0,.286,.---,0,1,.143,,KC,118,Kansas City Royals,Royals,2,,0,player,0,.000,.---,2026
2026-08-10T21:33:44-04:00,2026,player,hitting,last_7,,,,,5,17,-.--,.176,.200,,4,0,0,.---,1,1,,,5,0,2,,0,0,7,1.40,0,3,0,.000,1,.059,104,National League,9,,,79,.333,.568,3.762,21,Lars,Lars Nootbaar,663457,L Nootbaar,Nootbaar,Lars Nootbaar,Lars,,,Outfielder,LF,LF,244,1,0,1,0,0,.235,.---,0,2,.095,,AZ,109,Arizona Diamondbacks,D-backs,4,,0,player,0,.190,2.000,2026
2026-08-10T21:33:44-04:00,2026,player,hitting,last_7,,,,,4,13,-.--,.231,.300,,1,0,0,.---,0,0,,,5,0,2,,0,0,3,0.75,1,3,0,.000,0,.000,104,National League,6,,,58,.333,.564,3.867,15,Tyrone,Tyrone Taylor,621438,T Taylor,Taylor,Tyrone Taylor,Tyrone,,,Outfielder,LF,LF,245,0,0,1,0,0,.231,.---,0,3,.200,,CHC,112,Chicago Cubs,Cubs,3,,0,player,0,.067,.333,2026
2026-08-10T21:33:44-04:00,2026,player,hitting,last_7,,,,,6,17,-.--,.235,.222,,1,0,0,.---,1,1,,,5,1,2,,1,0,8,1.33,0,4,0,.000,0,.059,103,American League,9,,,82,.263,.557,4.316,19,Salvador,Salvador Perez,521692,S Perez,Perez,Salvador Perez,Salvador,,,Designated Hitter,DH,DH,246,3,0,1,0,1,.294,.---,0,0,.000,,KC,118,Kansas City Royals,Royals,5,,0,player,0,.053,.---,2026
2026-08-10T21:33:44-04:00,2026,player,hitting,last_7,,,,,6,23,-.--,.174,.235,,1,0,0,.---,2,3,,,6,0,3,,0,0,8,1.33,0,4,0,.000,0,.174,103,American League,15,,,97,.208,.556,3.880,25,Myles,Myles Straw,664702,M Straw,Straw,Myles Straw,Myles,,,Outfielder,RF,RF,247,1,0,4,1,0,.348,.---,0,6,.240,,TOR,141,Toronto Blue Jays,Blue Jays,8,,1,player,0,.040,.167,2026
2026-08-10T21:33:44-04:00,2026,player,hitting,last_7,,,,,12,25,-.--,.200,.217,,3,0,0,.---,2,2,,,6,0,6,,0,0,6,0.50,0,5,0,.000,1,.080,104,National League,15,,,103,.276,.556,3.552,29,Brandon,Brandon Marsh,669016,B Marsh,Marsh,Brandon Marsh,Brandon,,,Outfielder,LF,LF,248,3,0,3,0,1,.280,.---,0,3,.103,,PHI,143,Philadelphia Phillies,Phillies,7,,0,player,0,.103,1.000,2026
2026-08-10T21:33:44-04:00,2026,player,hitting,last_7,,,,,10,20,-.--,.200,.235,,3,0,0,.000,1,1,,,5,0,2,,0,0,3,0.30,0,4,0,.000,1,.050,104,National League,9,,,106,.304,.554,4.609,23,Seiya,Seiya Suzuki,673548,S Suzuki,Suzuki,Seiya Suzuki,Seiya,,,Outfielder,RF,RF,249,3,0,1,0,0,.250,1.000,1,3,.130,,CHC,112,Chicago Cubs,Cubs,5,,0,player,0,.130,1.000,2026
2026-08-10T21:33:44-04:00,2026,player,hitting,last_7,,,,,6,23,-.--,.261,.316,,1,0,0,.000,0,0,,,6,0,3,,0,0,7,1.17,0,6,0,.000,0,.000,104,National League,15,,,90,.292,.553,3.750,24,Luis,Luis Rengifo,650859,L Rengifo,Rengifo,Luis Rengifo,Luis,,,Outfielder,LF,LF,250,0,0,3,0,0,.261,1.000,1,4,.167,,SD,135,San Diego Padres,Padres,6,,0,player,0,.042,.250,2026
2026-08-10T21:33:44-04:00,2026,player,hitting,last_7,,,,,8,15,-.--,.133,.154,,3,0,0,.---,1,1,,,5,0,2,,0,0,3,0.38,2,2,0,.000,0,.067,103,American League,4,,,86,.350,.550,4.300,20,Wyatt,Wyatt Langford,694671,W Langford,Langford,Wyatt Langford,Wyatt,,,Outfielder,LF,LF,251,0,0,4,0,0,.200,.---,0,2,.100,,TEX,140,Texas Rangers,Rangers,3,,0,player,0,.150,1.500,2026
2026-08-10T21:33:44-04:00,2026,player,hitting,last_7,,,,,4,20,-.--,.200,.250,,0,0,0,.---,3,3,,,5,1,2,,1,0,8,2.00,0,4,0,.000,0,.150,103,American League,6,,,63,.200,.550,3.150,20,Jacob,Jacob Wilson,805779,J Wilson,Wilson,Jacob Wilson,Jacob,,,Shortstop,SS,SS,251,2,0,2,0,0,.350,.---,0,4,.200,,ATH,133,Athletics,Athletics,7,,0,player,0,.000,.---,2026
2026-08-10T21:33:44-04:00,2026,player,hitting,last_7,,,,,3,11,-.--,.273,.375,,0,0,0,.000,0,0,,,5,0,1,,0,0,2,0.67,0,3,0,.000,0,.000,103,American League,12,,,55,.273,.546,5.000,11,Luisangel,Luisangel Acuña,682668,L Acuña,Acuña,Luisangel Acuña,Luisangel,,,Shortstop,SS,SS,253,0,0,1,0,0,.273,1.000,1,3,.273,,CWS,145,Chicago White Sox,White Sox,3,,0,player,0,.000,.---,2026
2026-08-10T21:33:44-04:00,2026,player,hitting,last_7,,,,,8,23,-.--,.174,.211,,2,0,0,.000,1,2,,,6,0,3,,0,0,7,0.88,0,4,0,.000,0,.130,104,National League,11,,,91,.240,.544,3.640,25,Corbin,Corbin Carroll,682998,C Carroll,Carroll,Corbin Carroll,Corbin,,,Outfielder,RF,RF,254,2,0,4,0,0,.304,1.000,1,4,.160,,AZ,109,Arizona Diamondbacks,D-backs,7,,1,player,0,.080,.500,2026
2026-08-10T21:33:44-04:00,2026,player,hitting,last_7,,,,,7,17,17.00,.118,.083,,3,0,0,.000,0,1,,,5,2,2,,2,0,4,0.57,0,2,1,.050,0,.176,103,American League,11,,,85,.250,.544,4.250,20,Daulton,Daulton Varsho,662139,D Varsho,Varsho,Daulton Varsho,Daulton,,,Outfielder,CF,CF,255,2,0,2,0,0,.294,1.000,1,4,.200,,HOU,117,Houston Astros,Astros,5,,0,player,0,.150,.750,2026
2026-08-10T21:33:44-04:00,2026,player,hitting,last_7,,,,,5,13,-.--,.154,.167,,3,0,0,.000,1,1,,,5,0,2,,0,0,6,1.20,0,2,0,.000,0,.077,104,National League,7,,,89,.313,.544,5.235,17,José,José Fermín,665877,J Fermín,Fermín,José Fermín,José,,,Outfielder,LF,LF,256,2,0,1,1,0,.231,1.000,1,1,.059,,STL,138,St. Louis Cardinals,Cardinals,3,,0,player,0,.176,3.000,2026
2026-08-10T21:33:44-04:00,2026,player,hitting,last_7,,,,,1,6,-.--,.167,.500,,2,0,0,.---,0,0,,,3,0,0,,0,0,0,0.00,0,1,0,.000,0,.000,104,National League,2,,,34,.375,.542,4.250,8,Rafael,Rafael Flores Jr.,804668,R Flores Jr.,Flores,Rafael Flores Jr.,Rafael,,,Catcher,C,C,257,0,0,0,0,0,.167,.---,0,4,.500,,PIT,134,Pittsburgh Pirates,Pirates,1,,0,player,0,.250,.500,2026
2026-08-10T21:33:44-04:00,2026,player,hitting,last_7,,,,,6,25,-.--,.200,.333,,1,0,0,.---,0,1,,,6,0,5,,0,0,4,0.67,1,5,0,.000,0,.080,103,American League,14,,,103,.259,.539,3.815,27,Maxwell,Max Clark,703601,M Clark,Clark,Max Clark,Max,,,Outfielder,CF,CF,258,4,0,1,0,0,.280,.---,0,10,.370,,DET,116,Detroit Tigers,Tigers,7,,1,player,0,.037,.100,2026
2026-08-10T21:33:44-04:00,2026,player,hitting,last_7,,,,,8,21,-.--,.190,.235,,2,0,0,.---,2,2,,,6,0,3,,0,0,5,0.63,0,4,0,.000,0,.095,104,National League,11,,,97,.250,.536,4.042,24,Tyler,Ty France,664034,T France,France,Ty France,Ty,,,First Base,1B,1B,259,1,0,1,0,1,.286,.---,0,5,.208,,SD,135,San Diego Padres,Padres,6,,0,player,0,.083,.400,2026
2026-08-10T21:33:44-04:00,2026,player,hitting,last_7,,,,,2,5,-.--,.200,.250,,1,0,0,.---,0,0,,,3,0,0,,0,0,1,0.50,0,1,0,.000,0,.000,104,National League,1,,,32,.333,.533,5.333,6,Enrique,Enrique Hernández,571771,E Hernández,Hernández,Enrique Hernández,Enrique,,,First Base,1B,1B,260,0,0,1,0,0,.200,.---,0,1,.167,,LAD,119,Los Angeles Dodgers,Dodgers,1,,0,player,0,.167,1.000,2026
2026-08-10T21:33:44-04:00,2026,player,hitting,last_7,,,,,3,15,-.--,.200,.333,,3,0,0,.---,0,0,,,6,0,2,,0,0,3,1.00,0,3,0,.000,0,.000,104,National League,10,,,86,.333,.533,4.778,18,Luis,Luis Lara,800325,L Lara,Lara,Luis Lara,Luis,,,Outfielder,RF,RF,260,1,0,1,0,0,.200,.---,0,6,.333,,MIL,158,Milwaukee Brewers,Brewers,3,,0,player,0,.167,.500,2026
2026-08-10T21:33:44-04:00,2026,player,hitting,last_7,,,,,1,10,-.--,.200,.333,,2,0,1,1.000,0,0,,,6,0,1,,0,0,3,3.00,0,2,0,.000,0,.000,104,National League,5,,,48,.333,.533,4.000,12,José,José Tena,677588,J Tena,Tena,José Tena,José,,,Designated Hitter,DH,DH,260,0,0,1,0,0,.200,.000,0,4,.333,,WSH,120,Washington Nationals,Nationals,2,,0,player,0,.167,.500,2026
2026-08-10T21:33:44-04:00,2026,player,hitting,last_7,,,,,5,22,-.--,.136,.250,,3,0,0,.---,2,2,,,6,0,4,,0,0,4,0.80,2,3,0,.000,0,.091,103,American League,12,,,105,.296,.523,3.889,27,Jordon,Jo Adell,666176,J Adell,Adell,Jo Adell,Jo,,,Outfielder,RF,RF,263,0,1,3,0,0,.227,.---,0,10,.370,,CLE,114,Cleveland Guardians,Guardians,5,,0,player,0,.111,.300,2026
2026-08-10T21:33:44-04:00,2026,player,hitting,last_7,,,,,3,17,-.--,.118,.200,,2,0,0,.---,2,2,,,5,1,3,,1,0,5,1.67,2,2,0,.000,0,.118,103,American League,11,,,85,.286,.521,4.048,21,Heliot,Heliot Ramos,671218,H Ramos,Ramos,Heliot Ramos,Heliot,,,Outfielder,LF,LF,264,0,0,0,0,0,.235,.---,0,7,.333,,NYY,147,New York Yankees,Yankees,4,,0,player,0,.095,.286,2026
2026-08-10T21:33:44-04:00,2026,player,hitting,last_7,,,,,11,28,-.--,.214,.261,,1,0,1,.500,1,1,,,6,1,5,,1,0,6,0.55,1,6,0,.000,0,.036,103,American League,17,,,105,.267,.517,3.500,30,Ceddanne,Ceddanne Rafaela,678882,C Rafaela,Rafaela,Ceddanne Rafaela,Ceddanne,,,Outfielder,CF,CF,265,3,0,4,0,0,.250,.500,1,5,.167,,BOS,111,Boston Red Sox,Red Sox,7,,0,player,0,.033,.200,2026
2026-08-10T21:33:44-04:00,2026,player,hitting,last_7,,,,,7,19,19.00,.158,.154,,1,0,0,.---,0,1,,,5,0,6,,0,0,4,0.57,0,3,1,.050,0,.158,103,American League,11,,,81,.200,.516,4.050,20,Brooks,Brooks Lee,686797,B Lee,Lee,Brooks Lee,Brooks,,,Third Base,3B,3B,266,3,0,1,0,0,.316,.---,0,5,.250,,MIN,142,Minnesota Twins,Twins,6,,0,player,0,.050,.200,2026
2026-08-10T21:33:44-04:00,2026,player,hitting,last_7,,,,,6,19,-.--,.158,.231,,4,0,0,.---,1,1,,,6,0,2,,0,0,4,0.67,0,3,0,.000,0,.053,103,American League,10,,,108,.304,.515,4.696,23,Ryan,Ryan Jeffers,680777,R Jeffers,Jeffers,Ryan Jeffers,Ryan,,,Catcher,C,C,267,1,0,3,0,0,.211,.---,0,6,.261,,MIN,142,Minnesota Twins,Twins,4,,0,player,0,.174,.667,2026
2026-08-10T21:33:44-04:00,2026,player,hitting,last_7,,,,,1,19,-.--,.211,.333,,0,0,0,.000,1,1,,,6,0,2,,0,0,7,7.00,1,4,0,.000,0,.053,104,National League,10,,,84,.250,.513,4.200,20,Christian,Christian Yelich,592885,C Yelich,Yelich,Christian Yelich,Christian,,,Designated Hitter,DH,DH,268,1,0,3,0,0,.263,1.000,1,7,.350,,MIL,158,Milwaukee Brewers,Brewers,5,,0,player,0,.000,.---,2026
2026-08-10T21:33:44-04:00,2026,player,hitting,last_7,,,,,5,17,-.--,.235,.267,,1,0,0,.---,0,0,,,4,0,5,,0,0,6,1.20,0,4,0,.000,0,.000,103,American League,14,,,56,.278,.513,3.111,18,Ednel,Javier Báez,595879,J Báez,Báez,Javier Báez,Javier,,,Shortstop,SS,SS,269,3,0,1,0,0,.235,.---,0,2,.111,,DET,116,Detroit Tigers,Tigers,4,,0,player,0,.056,.500,2026
2026-08-10T21:33:44-04:00,2026,player,hitting,last_7,,,,,10,21,-.--,.190,.211,,3,0,0,.---,0,0,,,6,1,5,,1,0,5,0.50,1,4,0,.000,0,.000,103,American League,16,,,94,.320,.510,3.760,25,Brayan,Brayan Rocchio,677587,B Rocchio,Rocchio,Brayan Rocchio,Brayan,,,Shortstop,SS,SS,270,0,0,1,0,0,.190,.---,0,2,.080,,CLE,114,Cleveland Guardians,Guardians,4,,0,player,0,.120,1.500,2026
2026-08-10T21:33:44-04:00,2026,player,hitting,last_7,,,,,4,7,-.--,.143,.143,,1,0,0,.---,1,1,,,4,0,2,,0,0,2,0.50,0,1,0,.000,0,.143,103,American League,2,,,39,.222,.508,4.333,9,Alan,Alan Roden,702176,A Roden,Roden,Alan Roden,Alan,,,Outfielder,RF,RF,271,1,0,0,0,1,.286,.---,0,1,.111,,MIN,142,Minnesota Twins,Twins,2,,0,player,0,.111,1.000,2026
2026-08-10T21:33:44-04:00,2026,player,hitting,last_7,,,,,6,25,25.00,.160,.150,,1,0,0,.---,0,1,,,6,2,6,,2,0,11,1.83,1,4,1,.037,0,.120,103,American League,11,,,96,.222,.502,3.556,27,Gleyber,Gleyber Torres,650402,G Torres,Torres,Gleyber Torres,Gleyber,,,Second Base,2B,2B,272,2,1,5,0,0,.280,.---,0,4,.148,,DET,116,Detroit Tigers,Tigers,7,,0,player,0,.037,.250,2026
2026-08-10T21:33:44-04:00,2026,player,hitting,last_7,,,,,1,4,-.--,.250,.500,,0,0,0,.---,0,0,,,1,0,0,,0,0,0,0.00,0,1,0,.000,0,.000,103,American League,2,,,16,.250,.500,4.000,4,Jonah,Jonah Bride,681146,J Bride,Bride,Jonah Bride,Jonah,,,Third Base,3B,3B,273,0,0,0,0,0,.250,.---,0,2,.500,,TEX,140,Texas Rangers,Rangers,1,,0,player,0,.000,.---,2026
2026-08-10T21:33:44-04:00,2026,player,hitting,last_7,,,,,1,1,-.--,.000,.000,,0,0,0,.---,0,0,,,2,0,0,,0,0,0,0.00,1,0,0,.000,0,.000,104,National League,0,,,6,.500,.500,3.000,2,Alex,Alex Call,669743,A Call,Call,Alex Call,Alex,,,Outfielder,LF,LF,273,0,0,0,0,0,.000,.---,0,0,.000,,LAD,119,Los Angeles Dodgers,Dodgers,0,,0,player,0,.000,.---,2026
2026-08-10T21:33:44-04:00,2026,player,hitting,last_7,,,,,1,4,-.--,.250,.333,,0,0,0,.---,0,0,,,3,0,1,,0,0,1,1.00,0,1,0,.000,0,.000,103,American League,2,,,12,.250,.500,3.000,4,Carlos,Carlos Cortes,666126,C Cortes,Cortes,Carlos Cortes,Carlos,,,Outfielder,RF,RF,273,0,0,0,0,0,.250,.---,0,1,.250,,ATH,133,Athletics,Athletics,1,,0,player,0,.000,.---,2026
2026-08-10T21:33:44-04:00,2026,player,hitting,last_7,,,,,2,2,-.--,.000,.000,,1,0,0,.---,0,0,,,2,0,0,,0,0,0,0.00,1,0,0,.000,0,.000,104,National League,2,,,17,.500,.500,4.250,4,Everson,Everson Pereira,677592,E Pereira,Pereira,Everson Pereira,Everson,,,Outfielder,RF,RF,273,0,0,1,0,0,.000,.---,0,0,.000,,STL,138,St. Louis Cardinals,Cardinals,0,,0,player,0,.250,.---,2026
2026-08-10T21:33:44-04:00,2026,player,hitting,last_7,,,,,5,22,-.--,.227,.278,,0,0,0,.---,1,1,,,5,1,2,,1,0,8,1.60,0,5,0,.000,0,.045,104,National League,10,,,98,.227,.500,4.455,22,Jacob,J.T. Realmuto,592663,J Realmuto,Realmuto,J.T. Realmuto,J.T.,,,Catcher,C,C,273,1,0,3,0,0,.273,.---,0,4,.182,,PHI,143,Philadelphia Phillies,Phillies,6,,0,player,0,.000,.---,2026
2026-08-10T21:33:44-04:00,2026,player,hitting,last_7,,,,,1,4,-.--,.250,.250,,0,0,0,.---,0,0,,,4,0,2,,0,0,2,2.00,0,1,0,.000,0,.000,104,National League,2,,,14,.250,.500,3.500,4,Benjamin,Ben Rortvedt,666163,B Rortvedt,Rortvedt,Ben Rortvedt,Ben,,,Catcher,C,C,273,0,0,0,0,0,.250,.---,0,0,.000,,LAD,119,Los Angeles Dodgers,Dodgers,1,,0,player,0,.000,.---,2026
2026-08-10T21:33:44-04:00,2026,player,hitting,last_7,,,,,0,4,-.--,.000,.000,,4,0,0,.---,0,0,,,4,0,0,,0,0,1,1.00,0,0,0,.000,0,.000,103,American League,0,,,42,.500,.500,5.250,8,Davis,Davis Schneider,676914,D Schneider,Schneider,Davis Schneider,Davis,,,Outfielder,LF,LF,273,0,0,0,0,0,.000,.---,0,3,.375,,TOR,141,Toronto Blue Jays,Blue Jays,0,,0,player,0,.500,1.333,2026
2026-08-10T21:33:44-04:00,2026,player,hitting,last_7,,,,,7,17,-.--,.176,.188,,2,0,0,.---,1,1,,,5,0,2,,0,0,6,0.86,0,3,0,.000,0,.059,103,American League,4,,,83,.263,.498,4.368,19,Isaac,Isaac Collins,686555,I Collins,Collins,Isaac Collins,Isaac,,,Outfielder,LF,LF,280,1,0,1,0,0,.235,.---,0,1,.053,,KC,118,Kansas City Royals,Royals,4,,0,player,0,.105,2.000,2026
2026-08-10T21:33:44-04:00,2026,player,hitting,last_7,,,,,3,13,-.--,.154,.182,,2,0,0,.---,1,1,,,5,0,1,,0,0,6,2.00,0,2,0,.000,0,.077,104,National League,6,,,49,.267,.498,3.267,15,Héctor,Héctor Rodríguez,699302,H Rodríguez,Rodríguez,Héctor Rodríguez,Héctor,,,Outfielder,LF,LF,281,0,0,1,0,0,.231,.---,0,2,.133,,CIN,113,Cincinnati Reds,Reds,3,,0,player,0,.133,1.000,2026
2026-08-10T21:33:44-04:00,2026,player,hitting,last_7,,,,,4,20,-.--,.150,.214,,4,0,0,.000,1,1,,,6,0,3,,0,0,7,1.75,0,3,0,.000,1,.050,104,National League,9,,,95,.292,.492,3.958,24,Garrett,Garrett Mitchell,669003,G Mitchell,Mitchell,Garrett Mitchell,Garrett,,,Outfielder,CF,CF,282,1,0,2,0,0,.200,1.000,2,6,.250,,MIL,158,Milwaukee Brewers,Brewers,4,,0,player,0,.167,.667,2026
2026-08-10T21:33:44-04:00,2026,player,hitting,last_7,,,,,1,11,-.--,.182,.182,,1,0,0,.---,0,0,,,6,0,0,,0,0,8,8.00,1,2,0,.000,0,.000,103,American League,0,,,45,.308,.490,3.462,13,Alexander,Alika Williams,675961,A Williams,Williams,Alika Williams,Alika,,,Shortstop,SS,SS,283,0,0,1,0,0,.182,.---,0,0,.000,,ATH,133,Athletics,Athletics,2,,0,player,0,.077,.---,2026
2026-08-10T21:33:44-04:00,2026,player,hitting,last_7,,,,,8,16,-.--,.188,.188,,2,0,0,.000,0,0,,,5,1,3,,1,0,5,0.63,1,3,0,.000,0,.000,104,National League,5,,,77,.300,.488,3.850,20,Kyle,Kyle Karros,691720,K Karros,Karros,Kyle Karros,Kyle,,,Third Base,3B,3B,284,1,0,2,0,1,.188,1.000,2,1,.050,,COL,115,Colorado Rockies,Rockies,3,,0,player,0,.100,2.000,2026
2026-08-10T21:33:44-04:00,2026,player,hitting,last_7,,,,,8,17,-.--,.118,.154,,3,0,0,.000,0,1,,,5,0,3,,0,0,3,0.38,0,2,0,.000,1,.118,103,American League,11,,,80,.250,.485,4.000,20,Spencer,Spencer Jones,682987,S Jones,Jones,Spencer Jones,Spencer,,,Outfielder,CF,CF,285,2,0,1,0,0,.235,1.000,1,4,.200,,NYY,147,New York Yankees,Yankees,4,,1,player,0,.150,.750,2026
2026-08-10T21:33:44-04:00,2026,player,hitting,last_7,,,,,6,21,-.--,.190,.222,,3,0,1,1.000,0,0,,,6,2,3,,2,0,8,1.33,0,4,0,.000,0,.000,103,American League,10,,,87,.292,.482,3.625,24,Cole,Cole Young,702284,C Young,Young,Cole Young,Cole,,,Second Base,2B,2B,286,1,0,0,0,0,.190,.000,0,3,.125,,SEA,136,Seattle Mariners,Mariners,4,,0,player,0,.125,1.000,2026
2026-08-10T21:33:44-04:00,2026,player,hitting,last_7,,,,,5,17,-.--,.176,.250,,3,0,0,.---,0,0,,,5,1,3,,1,0,4,0.80,0,3,0,.000,0,.000,104,National League,8,,,79,.300,.476,3.950,20,Owen,Owen Caissie,683357,O Caissie,Caissie,Owen Caissie,Owen,,,Outfielder,RF,RF,287,1,0,5,0,0,.176,.---,0,5,.250,,MIA,146,Miami Marlins,Marlins,3,,0,player,0,.150,.600,2026
2026-08-10T21:33:44-04:00,2026,player,hitting,last_7,,,,,8,14,-.--,.143,.154,,3,0,0,.---,0,0,,,5,1,3,,1,0,3,0.38,1,2,0,.000,0,.000,104,National League,7,,,63,.333,.476,3.500,18,Spencer,Spencer Horwitz,687462,S Horwitz,Horwitz,Spencer Horwitz,Spencer,,,First Base,1B,1B,288,1,0,1,0,0,.143,.---,0,1,.056,,PIT,134,Pittsburgh Pirates,Pirates,2,,0,player,0,.167,3.000,2026
2026-08-10T21:33:44-04:00,2026,player,hitting,last_7,,,,,5,19,19.00,.158,.182,,0,0,0,.---,0,1,,,6,1,4,,1,0,4,0.80,0,3,1,.053,0,.158,103,American League,12,,,60,.158,.474,3.158,19,Colt,Colt Emerson,806068,C Emerson,Emerson,Colt Emerson,Colt,,,Shortstop,SS,SS,289,1,0,1,0,0,.316,.---,0,7,.368,,SEA,136,Seattle Mariners,Mariners,6,,0,player,0,.000,.---,2026
2026-08-10T21:33:44-04:00,2026,player,hitting,last_7,,,,,2,14,14.00,.071,.000,,2,0,0,.---,0,1,,,5,0,2,,0,0,2,1.00,0,1,1,.063,0,.214,104,National League,7,,,75,.188,.474,4.688,16,Maxwell,Max Muncy,571970,M Muncy,Muncy,Max Muncy,Max,,,Third Base,3B,3B,290,3,0,1,0,0,.286,.---,0,9,.563,,LAD,119,Los Angeles Dodgers,Dodgers,4,,0,player,0,.125,.222,2026
2026-08-10T21:33:44-04:00,2026,player,hitting,last_7,,,,,4,10,-.--,.200,.286,,1,0,0,.---,0,0,,,3,0,0,,0,0,1,0.25,0,2,0,.000,0,.000,104,National League,3,,,45,.273,.473,4.091,11,Henry,Henry Davis,680779,H Davis,Davis,Henry Davis,Henry,,,Catcher,C,C,291,0,0,1,0,0,.200,.---,0,3,.273,,PIT,134,Pittsburgh Pirates,Pirates,2,,0,player,0,.091,.333,2026
2026-08-10T21:33:44-04:00,2026,player,hitting,last_7,,,,,2,8,-.--,.125,.200,,1,0,0,.000,1,1,,,5,0,1,,0,0,2,1.00,0,1,0,.000,0,.125,103,American League,1,,,42,.222,.472,4.667,9,Christian,Christian Franklin,681047,C Franklin,Franklin,Christian Franklin,Christian,,,Outfielder,LF,LF,292,0,0,1,0,0,.250,1.000,1,3,.333,,BAL,110,Baltimore Orioles,Orioles,2,,0,player,0,.111,.333,2026
2026-08-10T21:33:44-04:00,2026,player,hitting,last_7,,,,,5,23,-.--,.174,.267,,1,0,0,.---,2,2,,,6,1,3,,1,0,6,1.20,0,4,0,.000,0,.087,103,American League,9,,,102,.208,.469,4.250,24,Jonah,Jonah Heim,641680,J Heim,Heim,Jonah Heim,Jonah,,,Catcher,C,C,293,4,0,1,0,0,.261,.---,0,8,.333,,ATH,133,Athletics,Athletics,6,,0,player,0,.042,.125,2026
2026-08-10T21:33:44-04:00,2026,player,hitting,last_7,,,,,6,15,15.00,.133,.125,,0,0,0,.---,0,1,,,5,0,0,,0,0,1,0.17,0,2,1,.067,0,.200,104,National League,5,,,57,.133,.466,3.800,15,Brett,Brett Baty,683146,B Baty,Baty,Brett Baty,Brett,,,Third Base,3B,3B,294,1,0,1,0,0,.333,.---,0,6,.400,,NYM,121,New York Mets,Mets,5,,0,player,0,.000,.---,2026
2026-08-10T21:33:44-04:00,2026,player,hitting,last_7,,,,,4,26,-.--,.231,.316,,0,0,0,.---,0,0,,,6,0,0,,0,0,9,2.25,0,6,0,.000,0,.000,104,National League,7,,,92,.231,.462,3.538,26,Drake,Drake Baldwin,686948,D Baldwin,Baldwin,Drake Baldwin,Drake,,,Catcher,C,C,295,2,0,1,0,0,.231,.---,0,7,.269,,ATL,144,Atlanta Braves,Braves,6,,0,player,0,.000,.---,2026
2026-08-10T21:33:44-04:00,2026,player,hitting,last_7,,,,,1,6,-.--,.167,.250,,1,0,0,.---,0,0,,,2,1,2,,1,0,2,2.00,0,1,0,.000,0,.000,103,American League,2,,,29,.286,.453,4.143,7,Weston,Weston Wilson,642215,W Wilson,Wilson,Weston Wilson,Weston,,,Third Base,3B,3B,296,0,0,0,0,0,.167,.---,0,2,.286,,SEA,136,Seattle Mariners,Mariners,1,,0,player,0,.143,.500,2026
2026-08-10T21:33:44-04:00,2026,player,hitting,last_7,,,,,5,16,-.--,.125,.154,,1,0,0,.000,1,1,,,6,1,3,,1,0,6,1.20,2,2,0,.000,0,.063,103,American League,10,,,60,.263,.451,3.158,19,Christopher,Austin Martin,668885,A Martin,Martin,Austin Martin,Austin,,,Outfielder,RF,RF,297,1,0,1,0,0,.188,1.000,1,3,.158,,MIN,142,Minnesota Twins,Twins,3,,0,player,0,.053,.333,2026
2026-08-10T21:33:44-04:00,2026,player,hitting,last_7,,,,,11,27,27.00,.148,.188,,0,0,0,.---,1,2,,,6,0,4,,0,0,2,0.18,0,4,1,.037,0,.148,103,American League,16,,,104,.148,.444,3.852,27,Zachary,Zach Neto,687263,Z Neto,Neto,Zach Neto,Zach,,,Shortstop,SS,SS,298,4,0,1,0,0,.296,.---,0,10,.370,,LAA,108,Los Angeles Angels,Angels,8,,0,player,0,.000,.---,2026
2026-08-10T21:33:44-04:00,2026,player,hitting,last_7,,,,,6,17,-.--,.176,.273,,2,0,0,.000,0,0,,,5,0,2,,0,0,2,0.33,0,3,0,.000,0,.000,103,American League,13,,,64,.263,.439,3.368,19,Travis,Travis Bazzana,683953,T Bazzana,Bazzana,Travis Bazzana,Travis,,,Second Base,2B,2B,299,2,0,0,0,0,.176,1.000,1,6,.316,,CLE,114,Cleveland Guardians,Guardians,3,,0,player,0,.105,.333,2026
2026-08-10T21:33:44-04:00,2026,player,hitting,last_7,,,,,6,17,-.--,.176,.250,,2,0,0,.---,0,0,,,5,0,2,,0,0,3,0.50,0,3,0,.000,0,.000,104,National League,4,,,67,.263,.439,3.526,19,Bryson,Bryce Eldridge,805811,B Eldridge,Eldridge,Bryce Eldridge,Bryce,,,Designated Hitter,DH,DH,299,2,0,0,0,0,.176,.---,0,5,.263,,SF,137,San Francisco Giants,Giants,3,,0,player,0,.105,.400,2026
2026-08-10T21:33:44-04:00,2026,player,hitting,last_7,,,,,6,16,-.--,.188,.300,,0,0,0,.---,1,1,,,6,0,3,,0,0,1,0.17,0,3,0,.000,0,.063,103,American League,3,,,59,.188,.438,3.688,16,Maxwell,Max Muncy,691777,M Muncy,Muncy,Max Muncy,Max,,,Third Base,3B,3B,301,1,0,0,0,0,.250,.---,0,6,.375,,ATH,133,Athletics,Athletics,4,,0,player,0,.000,.---,2026
2026-08-10T21:33:44-04:00,2026,player,hitting,last_7,,,,,4,16,16.00,.125,.100,,0,0,0,.---,0,1,,,4,1,3,,1,0,5,1.25,0,2,1,.063,0,.188,104,National League,11,,,66,.125,.438,4.125,16,Tyler,Tyler Stephenson,663886,T Stephenson,Stephenson,Tyler Stephenson,Tyler,,,Catcher,C,C,301,1,0,2,0,0,.313,.---,0,5,.313,,CIN,113,Cincinnati Reds,Reds,5,,0,player,0,.000,.---,2026
2026-08-10T21:33:44-04:00,2026,player,hitting,last_7,,,,,7,14,-.--,.143,.200,,2,0,0,.---,0,0,,,5,0,2,,0,0,1,0.14,1,2,0,.000,0,.000,103,American League,9,,,72,.294,.437,4.235,17,Caleb,Cal Raleigh,663728,C Raleigh,Raleigh,Cal Raleigh,Cal,,,Catcher,C,C,303,0,0,0,0,0,.143,.---,0,4,.235,,SEA,136,Seattle Mariners,Mariners,2,,0,player,0,.118,.500,2026
2026-08-10T21:33:44-04:00,2026,player,hitting,last_7,,,,,3,14,-.--,.143,.222,,3,0,0,.000,0,0,,,5,1,4,,1,0,5,1.67,0,2,0,.000,0,.000,103,American League,7,,,79,.294,.437,4.389,18,Taylor,Taylor Walls,670764,T Walls,Walls,Taylor Walls,Taylor,,,Shortstop,SS,SS,303,0,0,3,1,0,.143,1.000,2,5,.278,,TB,139,Tampa Bay Rays,Rays,2,,0,player,0,.167,.600,2026
2026-08-10T21:33:44-04:00,2026,player,hitting,last_7,,,,,7,23,-.--,.174,.222,,0,0,0,.---,0,1,,,6,0,1,,0,0,7,1.00,0,4,0,.000,0,.087,103,American League,10,,,75,.174,.435,3.261,23,Joseph,Taylor Ward,621493,T Ward,Ward,Taylor Ward,Taylor,,,Outfielder,LF,LF,305,0,1,1,0,0,.261,.---,0,5,.217,,SEA,136,Seattle Mariners,Mariners,6,,1,player,0,.000,.---,2026
2026-08-10T21:33:44-04:00,2026,player,hitting,last_7,,,,,3,11,-.--,.182,.222,,0,0,0,.---,0,0,,,6,0,3,,0,0,4,1.33,1,2,0,.000,0,.000,104,National League,2,,,25,.250,.432,2.083,12,Jared,Jared Triolo,669707,J Triolo,Triolo,Jared Triolo,Jared,,,Shortstop,SS,SS,306,1,0,0,0,0,.182,.---,0,2,.167,,PIT,134,Pittsburgh Pirates,Pirates,2,,0,player,0,.000,.---,2026
2026-08-10T21:33:44-04:00,2026,player,hitting,last_7,,,,,5,22,22.00,.091,.111,,3,0,0,.---,0,1,,,6,0,0,,0,0,3,0.60,0,2,1,.040,0,.136,103,American League,7,,,119,.200,.427,4.760,25,Michael,Mike Trout,545361,M Trout,Trout,Mike Trout,Mike,,,Outfielder,CF,CF,307,1,2,2,0,0,.227,.---,0,12,.480,,LAA,108,Los Angeles Angels,Angels,5,,0,player,0,.120,.250,2026
2026-08-10T21:33:44-04:00,2026,player,hitting,last_7,,,,,9,23,-.--,.174,.200,,1,0,0,.---,1,1,,,6,2,5,,2,0,7,0.78,0,4,0,.000,0,.043,103,American League,7,,,99,.208,.425,4.125,24,Randy,Randy Arozarena,668227,R Arozarena,Arozarena,Randy Arozarena,Randy,,,Outfielder,LF,LF,308,0,0,1,0,0,.217,.---,0,3,.125,,SEA,136,Seattle Mariners,Mariners,5,,0,player,0,.042,.333,2026
2026-08-10T21:33:44-04:00,2026,player,hitting,last_7,,,,,5,23,-.--,.174,.267,,1,0,1,1.000,1,1,,,6,0,4,,0,0,6,1.20,0,4,0,.000,0,.043,104,National League,11,,,99,.208,.425,4.125,24,Heriberto,Heriberto Hernández,681715,H Hernández,Hernandez,Heriberto Hernández,Heriberto,,,Outfielder,LF,LF,308,1,1,1,0,0,.217,.000,0,8,.333,,MIA,146,Miami Marlins,Marlins,5,,0,player,0,.042,.125,2026
2026-08-10T21:33:44-04:00,2026,player,hitting,last_7,,,,,1,8,-.--,.125,.125,,2,0,0,.---,0,0,,,3,0,1,,0,0,6,6.00,0,1,0,.000,0,.000,103,American League,3,,,38,.300,.425,3.800,10,Austin,Austin Hedges,595978,A Hedges,Hedges,Austin Hedges,Austin,,,Catcher,C,C,310,1,0,0,0,0,.125,.---,0,0,.000,,CLE,114,Cleveland Guardians,Guardians,1,,0,player,0,.200,.---,2026
2026-08-10T21:33:44-04:00,2026,player,hitting,last_7,,,,,4,16,-.--,.188,.214,,1,0,0,.---,0,0,,,5,0,0,,0,0,7,1.75,0,3,0,.000,0,.000,103,American League,5,,,59,.235,.423,3.471,17,Yainer,Yainer Diaz,673237,Y Diaz,Diaz,Yainer Diaz,Yainer,,,Catcher,C,C,311,2,0,0,0,0,.188,.---,0,2,.118,,HOU,117,Houston Astros,Astros,3,,0,player,0,.059,.500,2026
2026-08-10T21:33:44-04:00,2026,player,hitting,last_7,,,,,4,16,-.--,.188,.250,,1,0,0,.000,0,0,,,6,0,2,,0,0,5,1.25,0,3,0,.000,0,.000,103,American League,7,,,57,.235,.423,3.353,17,Ryan,Ryan Kreidler,668952,R Kreidler,Kreidler,Ryan Kreidler,Ryan,,,Shortstop,SS,SS,311,0,0,0,0,0,.188,1.000,1,4,.235,,MIN,142,Minnesota Twins,Twins,3,,0,player,0,.059,.250,2026
2026-08-10T21:33:44-04:00,2026,player,hitting,last_7,,,,,3,9,-.--,.111,.200,,1,0,0,.---,1,1,,,5,0,2,,0,0,1,0.33,0,1,0,.000,0,.111,104,National League,6,,,37,.200,.422,3.700,10,Lane,Lane Thomas,657041,L Thomas,Thomas,Lane Thomas,Lane,,,Outfielder,CF,CF,313,1,1,2,0,0,.222,.---,0,4,.400,,ATL,144,Atlanta Braves,Braves,2,,0,player,0,.100,.250,2026
2026-08-10T21:33:44-04:00,2026,player,hitting,last_7,,,,,5,13,-.--,.154,.222,,2,0,0,.---,0,0,,,4,0,0,,0,0,2,0.40,0,2,0,.000,0,.000,103,American League,10,,,58,.267,.421,3.867,15,Patrick,Patrick Bailey,672275,P Bailey,Bailey,Patrick Bailey,Patrick,,,Catcher,C,C,314,1,0,0,0,0,.154,.---,0,4,.267,,CLE,114,Cleveland Guardians,Guardians,2,,0,player,0,.133,.500,2026
2026-08-10T21:33:44-04:00,2026,player,hitting,last_7,,,,,8,17,-.--,.059,.077,,7,0,0,.000,0,0,,,6,0,2,,0,0,4,0.50,1,1,0,.000,0,.000,103,American League,7,,,94,.360,.419,3.760,25,Gunnar,Gunnar Henderson,683002,G Henderson,Henderson,Gunnar Henderson,Gunnar,,,Shortstop,SS,SS,315,0,0,4,0,0,.059,1.000,1,4,.160,,BAL,110,Baltimore Orioles,Orioles,1,,0,player,0,.280,1.750,2026
2026-08-10T21:33:44-04:00,2026,player,hitting,last_7,,,,,5,18,-.--,.167,.250,,2,0,1,1.000,0,0,,,6,1,3,,1,0,4,0.80,0,3,0,.000,0,.000,103,American League,8,,,79,.250,.417,3.950,20,Dylan,Dylan Beavers,687637,D Beavers,Beavers,Dylan Beavers,Dylan,,,Outfielder,RF,RF,316,1,0,1,0,0,.167,.000,0,6,.300,,BAL,110,Baltimore Orioles,Orioles,3,,0,player,0,.100,.333,2026
2026-08-10T21:33:44-04:00,2026,player,hitting,last_7,,,,,7,14,-.--,.143,.182,,1,0,0,.---,1,1,,,4,0,2,,0,0,2,0.29,0,2,0,.000,1,.071,103,American League,6,,,55,.200,.414,3.667,15,Elias,Elias Díaz,553869,E Díaz,Díaz,Elias Díaz,Elias,,,Catcher,C,C,317,1,0,1,0,0,.214,.---,0,3,.200,,TEX,140,Texas Rangers,Rangers,3,,0,player,0,.067,.333,2026
2026-08-10T21:33:44-04:00,2026,player,hitting,last_7,,,,,3,15,-.--,.133,.154,,3,0,0,.000,0,0,,,6,2,4,,2,0,8,2.67,0,2,0,.000,0,.000,103,American League,12,,,72,.278,.411,4.000,18,George,George Springer,543807,G Springer,Springer,George Springer,George,,,Designated Hitter,DH,DH,318,0,0,1,0,0,.133,1.000,1,2,.111,,TOR,141,Toronto Blue Jays,Blue Jays,2,,0,player,0,.167,1.500,2026
2026-08-10T21:33:44-04:00,2026,player,hitting,last_7,,,,,7,20,-.--,.150,.214,,3,0,0,.---,0,0,,,5,0,2,,0,0,4,0.57,0,3,0,.000,0,.000,103,American League,2,,,101,.261,.411,4.391,23,Yordan,Yordan Alvarez,670541,Y Alvarez,Alvarez,Yordan Alvarez,Yordan,,,Designated Hitter,DH,DH,319,2,1,2,0,0,.150,.---,0,6,.261,,HOU,117,Houston Astros,Astros,3,,0,player,0,.130,.500,2026
2026-08-10T21:33:44-04:00,2026,player,hitting,last_7,,,,,6,24,24.00,.125,.118,,1,0,0,.000,0,1,,,6,0,3,,0,0,9,1.50,0,3,1,.040,0,.125,103,American League,10,,,82,.160,.410,3.280,25,Kody,Kody Clemens,665019,K Clemens,Clemens,Kody Clemens,Kody,,,First Base,1B,1B,320,2,0,2,0,0,.250,1.000,1,6,.240,,MIN,142,Minnesota Twins,Twins,6,,0,player,0,.040,.167,2026
2026-08-10T21:33:44-04:00,2026,player,hitting,last_7,,,,,7,17,-.--,.176,.214,,0,0,0,.---,1,1,,,5,2,6,,2,0,4,0.57,0,3,0,.000,0,.059,104,National League,13,,,73,.167,.402,4.056,18,Cooper,Cooper Pratt,806198,C Pratt,Pratt,Cooper Pratt,Cooper,,,Shortstop,SS,SS,321,1,0,2,0,1,.235,.---,0,4,.222,,MIL,158,Milwaukee Brewers,Brewers,4,,0,player,0,.000,.---,2026
2026-08-10T21:33:44-04:00,2026,player,hitting,last_7,,,,,1,10,-.--,.200,.400,,0,0,0,.---,0,0,,,5,0,0,,0,0,2,2.00,0,2,0,.000,0,.000,104,National League,3,,,44,.200,.400,4.400,10,Dominic,Dominic Smith,642086,D Smith,Smith,Dominic Smith,Dominic,,,Designated Hitter,DH,DH,322,1,0,0,0,0,.200,.---,0,5,.500,,ATL,144,Atlanta Braves,Braves,2,,0,player,0,.000,.---,2026
2026-08-10T21:33:44-04:00,2026,player,hitting,last_7,,,,,0,5,-.--,.200,.333,,0,0,0,.---,0,0,,,2,0,0,,0,0,2,2.00,0,1,0,.000,0,.000,103,American League,2,,,21,.200,.400,4.200,5,Benjamin,Ben Williamson,810938,B Williamson,Williamson,Ben Williamson,Ben,,,Second Base,2B,2B,322,0,0,1,0,0,.200,.---,0,2,.400,,TB,139,Tampa Bay Rays,Rays,1,,0,player,0,.000,.---,2026
2026-08-10T21:33:44-04:00,2026,player,hitting,last_7,,,,,1,15,-.--,.067,.333,,6,0,0,.---,0,0,,,5,0,0,,0,0,1,1.00,0,1,0,.000,0,.000,104,National League,5,,,111,.333,.400,5.286,21,Esmerlyn,Esmerlyn Valdez,699013,E Valdez,Valdez,Esmerlyn Valdez,Esmerlyn,,,Outfielder,RF,RF,324,0,0,0,0,0,.067,.---,0,12,.571,,PIT,134,Pittsburgh Pirates,Pirates,1,,0,player,0,.286,.500,2026
2026-08-10T21:33:44-04:00,2026,player,hitting,last_7,,,,,5,22,-.--,.182,.235,,1,0,0,.---,0,0,,,6,0,1,,0,0,8,1.60,0,4,0,.000,0,.000,103,American League,9,,,82,.217,.399,3.565,23,Moisés,Moisés Ballesteros,694208,M Ballesteros,Ballesteros,Moisés Ballesteros,Moisés,,,Catcher,C,C,325,0,0,0,0,0,.182,.---,0,5,.217,,LAA,108,Los Angeles Angels,Angels,4,,0,player,0,.043,.200,2026
2026-08-10T21:33:44-04:00,2026,player,hitting,last_7,,,,,5,19,-.--,.105,.125,,5,0,1,1.000,0,0,,,6,0,1,,0,0,9,1.80,0,2,0,.000,0,.000,104,National League,7,,,111,.292,.397,4.625,24,Nasim,Nasim Nuñez,683083,N Nuñez,Nuñez,Nasim Nuñez,Nasim,,,Second Base,2B,2B,326,2,0,0,0,0,.105,.000,0,3,.125,,WSH,120,Washington Nationals,Nationals,2,,0,player,0,.208,1.667,2026
2026-08-10T21:33:44-04:00,2026,player,hitting,last_7,,,,,8,22,22.00,.091,.056,,2,0,0,.000,0,1,,,6,1,2,,1,0,9,1.13,0,2,1,.042,0,.136,103,American League,9,,,102,.167,.394,4.250,24,Lawrence,Lawrence Butler,671732,L Butler,Butler,Lawrence Butler,Lawrence,,,Outfielder,RF,RF,327,1,1,4,0,0,.227,1.000,3,3,.125,,ATH,133,Athletics,Athletics,5,,0,player,0,.083,.667,2026
2026-08-10T21:33:44-04:00,2026,player,hitting,last_7,,,,,1,7,-.--,.143,.500,,1,0,0,.---,0,0,,,3,0,0,,0,0,0,0.00,0,1,0,.000,0,.000,103,American League,1,,,34,.250,.393,4.250,8,Jonathan,Jonathan Ornelas,680716,J Ornelas,Ornelas,Jonathan Ornelas,Jonathan,,,Shortstop,SS,SS,328,0,0,0,0,0,.143,.---,0,5,.625,,ATH,133,Athletics,Athletics,1,,0,player,0,.125,.200,2026
2026-08-10T21:33:44-04:00,2026,player,hitting,last_7,,,,,7,20,-.--,.150,.167,,1,0,0,.---,1,1,,,5,0,1,,0,0,8,1.14,0,3,0,.000,0,.050,104,National League,6,,,74,.190,.390,3.524,21,Jung Hoo,Jung Hoo Lee,808982,J Lee,Lee,Jung Hoo Lee,Jung Hoo,,,Outfielder,RF,RF,329,2,0,1,0,0,.200,.---,0,2,.095,,SF,137,San Francisco Giants,Giants,4,,0,player,0,.048,.500,2026
2026-08-10T21:33:44-04:00,2026,player,hitting,last_7,,,,,5,17,-.--,.118,.167,,2,0,0,.---,1,1,,,6,0,2,,0,0,6,1.20,0,2,0,.000,0,.059,103,American League,9,,,83,.211,.387,4.150,20,Nicholas,Nick Loftin,679845,N Loftin,Loftin,Nick Loftin,Nick,,,Third Base,3B,3B,330,0,0,1,1,0,.176,.---,0,5,.250,,KC,118,Kansas City Royals,Royals,3,,0,player,0,.100,.400,2026
2026-08-10T21:33:44-04:00,2026,player,hitting,last_7,,,,,9,23,-.--,.174,.235,,1,0,0,.---,0,0,,,6,1,5,,1,0,4,0.44,0,4,0,.000,1,.000,103,American League,8,,,85,.208,.382,3.542,24,Dominic,Dominic Canzone,686527,D Canzone,Canzone,Dominic Canzone,Dominic,,,Designated Hitter,DH,DH,331,0,0,1,0,0,.174,.---,0,6,.250,,SEA,136,Seattle Mariners,Mariners,4,,0,player,0,.042,.167,2026
2026-08-10T21:33:44-04:00,2026,player,hitting,last_7,,,,,8,26,-.--,.154,.235,,1,0,0,.---,1,1,,,6,0,3,,0,0,5,0.63,0,4,0,.000,0,.038,104,National League,14,,,99,.185,.377,3.667,27,Dylan,Dylan Crews,686611,D Crews,Crews,Dylan Crews,Dylan,,,Outfielder,RF,RF,332,0,0,3,0,0,.192,.---,0,9,.333,,WSH,120,Washington Nationals,Nationals,5,,0,player,0,.037,.111,2026
2026-08-10T21:33:44-04:00,2026,player,hitting,last_7,,,,,5,18,-.--,.167,.176,,1,0,0,.---,0,0,,,5,2,7,,2,0,9,1.80,0,3,0,.000,0,.000,104,National League,9,,,67,.211,.378,3.526,19,Frederick,Freddie Freeman,518692,F Freeman,Freeman,Freddie Freeman,Freddie,,,First Base,1B,1B,333,1,0,1,0,0,.167,.---,0,1,.053,,LAD,119,Los Angeles Dodgers,Dodgers,3,,0,player,0,.053,1.000,2026
2026-08-10T21:33:44-04:00,2026,player,hitting,last_7,,,,,5,15,-.--,.133,.143,,2,0,0,.---,0,0,,,4,0,3,,0,0,7,1.40,0,2,0,.000,0,.000,103,American League,9,,,67,.235,.368,3.941,17,Luis,Luis García Jr.,671277,L García Jr.,García,Luis García Jr.,Luis,,,First Base,1B,1B,334,0,1,1,0,0,.133,.---,0,1,.059,,NYY,147,New York Yankees,Yankees,2,,0,player,0,.118,2.000,2026
2026-08-10T21:33:44-04:00,2026,player,hitting,last_7,,,,,5,15,-.--,.133,.200,,1,0,0,.---,0,0,,,5,0,2,,0,0,3,0.60,1,2,0,.000,0,.000,103,American League,7,,,70,.235,.368,4.118,17,Carlos,Carlos Narváez,665966,C Narváez,Narváez,Carlos Narváez,Carlos,,,Catcher,C,C,334,0,0,0,0,0,.133,.---,0,5,.294,,BAL,110,Baltimore Orioles,Orioles,2,,0,player,0,.059,.200,2026
2026-08-10T21:33:44-04:00,2026,player,hitting,last_7,,,,,4,13,-.--,.154,.200,,0,0,0,.---,0,0,,,4,2,2,,2,0,4,1.00,1,2,0,.000,0,.000,103,American League,8,,,62,.214,.368,4.429,14,Brendan,Brendan Donovan,680977,B Donovan,Donovan,Brendan Donovan,Brendan,,,Third Base,3B,3B,336,0,0,0,0,0,.154,.---,0,3,.214,,SEA,136,Seattle Mariners,Mariners,2,,0,player,0,.000,.---,2026
2026-08-10T21:33:44-04:00,2026,player,hitting,last_7,,,,,6,16,-.--,.125,.200,,0,0,0,.---,1,1,,,6,1,2,,1,0,2,0.33,1,2,0,.000,0,.063,103,American League,11,,,69,.176,.364,4.059,17,Christian,Christian Encarnacion-Strand,687952,C Encarnacion-Strand,Encarnacion-Strand,Christian Encarnacion-Strand,Christian,,,Third Base,3B,3B,337,0,0,0,0,0,.188,.---,0,6,.353,,BAL,110,Baltimore Orioles,Orioles,3,,0,player,0,.000,.---,2026
2026-08-10T21:33:44-04:00,2026,player,hitting,last_7,,,,,5,10,-.--,.100,.125,,1,0,0,.---,0,0,,,3,0,0,,0,0,2,0.40,1,1,0,.000,0,.000,104,National League,6,,,48,.250,.350,4.000,12,Luis,Luis Campusano,669134,L Campusano,Campusano,Luis Campusano,Luis,,,Catcher,C,C,338,0,0,0,0,0,.100,.---,0,2,.167,,SD,135,San Diego Padres,Padres,1,,0,player,0,.083,.500,2026
2026-08-10T21:33:44-04:00,2026,player,hitting,last_7,,,,,4,10,-.--,.100,.111,,2,0,0,.000,0,0,,,6,1,2,,1,0,5,1.25,0,1,0,.000,0,.000,103,American League,3,,,47,.250,.350,3.615,13,John,John Rave,670231,J Rave,Rave,John Rave,John,,,Outfielder,RF,RF,338,0,0,1,1,0,.100,1.000,1,1,.077,,KC,118,Kansas City Royals,Royals,1,,0,player,0,.154,2.000,2026
2026-08-10T21:33:44-04:00,2026,player,hitting,last_7,,,,,6,23,-.--,.174,.222,,0,0,0,.---,0,0,,,6,0,2,,0,0,8,1.33,0,4,0,.000,0,.000,103,American League,7,,,77,.174,.348,3.348,23,Thomas,Tommy White,695720,T White,White,Tommy White,Tommy,,,Third Base,3B,3B,340,1,0,1,0,0,.174,.---,0,5,.217,,ATH,133,Athletics,Athletics,4,,0,player,0,.000,.---,2026
2026-08-10T21:33:44-04:00,2026,player,hitting,last_7,,,,,1,6,-.--,.000,.000,,1,0,0,.---,0,0,,,3,0,1,,0,0,1,1.00,2,0,0,.000,0,.000,103,American League,5,,,33,.333,.333,3.667,9,Joseph,Joey Bart,663698,J Bart,Bart,Joey Bart,Joey,,,Catcher,C,C,341,0,0,0,0,0,.000,.---,0,4,.444,,CWS,145,Chicago White Sox,White Sox,0,,0,player,0,.111,.250,2026
2026-08-10T21:33:44-04:00,2026,player,hitting,last_7,,,,,0,2,-.--,.000,.000,,1,0,0,.---,0,0,,,3,0,0,,0,0,2,2.00,0,0,0,.000,0,.000,104,National League,1,,,13,.333,.333,4.333,3,Nathan,Nate Furman,801501,N Furman,Furman,Nate Furman,Nate,,,Second Base,2B,2B,341,0,0,0,0,0,.000,.---,0,0,.000,,SF,137,San Francisco Giants,Giants,0,,0,player,0,.333,.---,2026
2026-08-10T21:33:44-04:00,2026,player,hitting,last_7,,,,,3,6,-.--,.167,.200,,0,0,0,.000,0,0,,,4,0,3,,0,0,1,0.33,0,1,0,.000,0,.000,104,National League,8,,,11,.167,.334,1.833,6,Derek,Derek Hill,656537,D Hill,Hill,Derek Hill,Derek,,,Outfielder,CF,CF,341,1,0,1,0,0,.167,1.000,1,1,.167,,PHI,143,Philadelphia Phillies,Phillies,1,,0,player,1,.000,.---,2026
2026-08-10T21:33:44-04:00,2026,player,hitting,last_7,,,,,3,12,-.--,.083,.125,,3,0,0,.---,0,0,,,5,0,3,,0,0,4,1.33,0,1,0,.000,0,.000,104,National League,8,,,66,.250,.333,4.125,16,Bryan,Bryan Torres,663494,B Torres,Torres,Bryan Torres,Bryan,,,Outfielder,LF,LF,341,1,0,1,0,1,.083,.---,0,5,.313,,STL,138,St. Louis Cardinals,Cardinals,1,,0,player,0,.188,.600,2026
2026-08-10T21:33:44-04:00,2026,player,hitting,last_7,,,,,1,9,-.--,.111,.250,,0,0,0,.---,0,0,,,6,0,3,,0,0,2,2.00,1,1,0,.000,0,.000,104,National League,5,,,32,.200,.311,3.200,10,Jase,Jase Bowen,687749,J Bowen,Bowen,Jase Bowen,Jase,,,Outfielder,RF,RF,345,0,0,2,0,0,.111,.---,0,5,.500,,SD,135,San Diego Padres,Padres,1,,0,player,0,.000,.---,2026
2026-08-10T21:33:44-04:00,2026,player,hitting,last_7,,,,,4,9,-.--,.111,.143,,1,0,0,.---,0,0,,,3,0,2,,0,0,2,0.50,0,1,0,.000,0,.000,104,National League,2,,,37,.200,.311,3.700,10,Maximilian,Max Kepler,596146,M Kepler,Kepler,Max Kepler,Max,,,Outfielder,LF,LF,345,0,0,0,0,0,.111,.---,0,2,.200,,AZ,109,Arizona Diamondbacks,D-backs,1,,0,player,0,.100,.500,2026
2026-08-10T21:33:44-04:00,2026,player,hitting,last_7,,,,,9,25,-.--,.120,.214,,2,0,0,.---,0,0,,,6,0,1,,0,0,2,0.22,0,3,0,.000,0,.000,103,American League,12,,,135,.185,.305,5.000,27,Kazuma,Kazuma Okamoto,672960,K Okamoto,Okamoto,Kazuma Okamoto,Kazuma,,,Third Base,3B,3B,347,1,1,3,0,0,.120,.---,0,11,.407,,TOR,141,Toronto Blue Jays,Blue Jays,3,,0,player,0,.074,.182,2026
2026-08-10T21:33:44-04:00,2026,player,hitting,last_7,,,,,7,20,-.--,.150,.200,,0,0,0,.---,0,0,,,5,0,1,,0,0,5,0.71,0,3,0,.000,0,.000,104,National League,5,,,65,.150,.300,3.250,20,Thomas,Tommy Edman,669242,T Edman,Edman,Tommy Edman,Tommy,,,Second Base,2B,2B,348,1,0,0,0,0,.150,.---,0,5,.250,,LAD,119,Los Angeles Dodgers,Dodgers,3,,0,player,0,.000,.---,2026
2026-08-10T21:33:44-04:00,2026,player,hitting,last_7,,,,,6,16,-.--,.125,.133,,1,0,0,.---,0,0,,,6,2,4,,2,0,7,1.17,0,2,0,.000,0,.000,103,American League,9,,,59,.167,.292,3.278,18,Kyle,Kyle Isbel,664728,K Isbel,Isbel,Kyle Isbel,Kyle,,,Outfielder,CF,CF,349,2,0,1,0,1,.125,.---,0,2,.111,,KC,118,Kansas City Royals,Royals,2,,0,player,0,.056,.500,2026
2026-08-10T21:33:44-04:00,2026,player,hitting,last_7,,,,,3,7,-.--,.143,.250,,0,0,0,.---,0,0,,,2,0,2,,0,0,0,0.00,0,1,0,.000,0,.000,104,National League,2,,,31,.143,.286,4.429,7,Jose,Jose Trevino,624431,J Trevino,Trevino,Jose Trevino,Jose,,,Catcher,C,C,350,1,0,0,0,0,.143,.---,0,3,.429,,CIN,113,Cincinnati Reds,Reds,1,,0,player,0,.000,.---,2026
2026-08-10T21:33:44-04:00,2026,player,hitting,last_7,,,,,4,10,-.--,.100,.125,,1,0,0,.---,0,0,,,5,0,1,,0,0,3,0.75,0,1,0,.000,0,.000,103,American League,3,,,35,.182,.282,3.182,11,Denzer,Denzer Guzman,694203,D Guzman,Guzman,Denzer Guzman,Denzer,,,Third Base,3B,3B,351,0,0,0,0,0,.100,.---,0,2,.182,,LAA,108,Los Angeles Angels,Angels,1,,0,player,0,.091,.500,2026
2026-08-10T21:33:44-04:00,2026,player,hitting,last_7,,,,,8,17,-.--,.118,.182,,1,0,0,.---,0,0,,,5,0,2,,0,0,1,0.13,0,2,0,.000,0,.000,104,National League,7,,,71,.158,.276,3.737,19,Dane,Dane Myers,667472,D Myers,Myers,Dane Myers,Dane,,,Outfielder,CF,CF,352,2,0,0,0,1,.118,.---,0,7,.368,,CIN,113,Cincinnati Reds,Reds,2,,0,player,0,.053,.143,2026
2026-08-10T21:33:44-04:00,2026,player,hitting,last_7,,,,,7,14,-.--,.071,.091,,2,0,0,.---,0,0,,,5,0,1,,0,0,3,0.43,0,1,0,.000,0,.000,103,American League,4,,,59,.188,.259,3.688,16,Trevor,Trevor Larnach,663616,T Larnach,Larnach,Trevor Larnach,Trevor,,,Outfielder,LF,LF,353,0,0,0,0,0,.071,.---,0,3,.188,,MIN,142,Minnesota Twins,Twins,1,,0,player,0,.125,.667,2026
2026-08-10T21:33:44-04:00,2026,player,hitting,last_7,,,,,2,8,-.--,.125,.143,,0,0,0,.---,0,0,,,3,0,1,,0,0,4,2.00,0,1,0,.000,0,.000,103,American League,2,,,28,.125,.250,3.500,8,Adam,Adam Frazier,624428,A Frazier,Frazier,Adam Frazier,Adam,,,Second Base,2B,2B,354,0,1,0,0,0,.125,.---,0,1,.125,,LAA,108,Los Angeles Angels,Angels,1,,0,player,0,.000,.---,2026
2026-08-10T21:33:44-04:00,2026,player,hitting,last_7,,,,,2,3,-.--,.000,.000,,1,0,0,.---,0,0,,,1,0,0,,0,0,0,0.00,0,0,0,.000,0,.000,103,American League,5,,,17,.250,.250,4.250,4,Tristan,Tristan Gray,656484,T Gray,Gray,Tristan Gray,Tristan,,,Shortstop,SS,SS,354,0,0,0,0,0,.000,.---,0,1,.250,,MIN,142,Minnesota Twins,Twins,0,,0,player,0,.250,1.000,2026
2026-08-10T21:33:44-04:00,2026,player,hitting,last_7,,,,,7,20,-.--,.100,.154,,0,0,0,.---,1,1,,,5,0,2,,0,0,4,0.57,0,2,0,.000,0,.050,103,American League,7,,,85,.100,.250,4.250,20,Vaughn,Vaughn Grissom,687093,V Grissom,Grissom,Vaughn Grissom,Vaughn,,,Second Base,2B,2B,354,0,1,0,0,0,.150,.---,0,7,.350,,LAA,108,Los Angeles Angels,Angels,3,,0,player,0,.000,.---,2026
2026-08-10T21:33:44-04:00,2026,player,hitting,last_7,,,,,1,8,-.--,.125,.250,,0,0,0,.---,0,0,,,2,0,0,,0,0,2,2.00,0,1,0,.000,0,.000,104,National League,5,,,24,.125,.250,3.000,8,Sean,Sean Murphy,669221,S Murphy,Murphy,Sean Murphy,Sean,,,Catcher,C,C,354,0,0,0,0,0,.125,.---,0,4,.500,,ATL,144,Atlanta Braves,Braves,1,,0,player,0,.000,.---,2026
2026-08-10T21:33:44-04:00,2026,player,hitting,last_7,,,,,3,12,-.--,.083,.143,,0,0,0,.---,1,1,,,4,0,0,,0,0,3,1.00,0,1,0,.000,0,.083,104,National League,4,,,37,.083,.250,3.083,12,Daniel,Daniel Susac,691740,D Susac,Susac,Daniel Susac,Daniel,,,Catcher,C,C,354,0,0,0,0,0,.167,.---,0,5,.417,,SF,137,San Francisco Giants,Giants,2,,0,player,0,.000,.---,2026
2026-08-10T21:33:44-04:00,2026,player,hitting,last_7,,,,,5,10,-.--,.000,.000,,3,0,0,.---,0,0,,,5,0,2,,0,0,2,0.40,0,0,0,.000,0,.000,104,National League,7,,,58,.231,.231,4.143,14,Grant,Grant McCray,687529,G McCray,McCray,Grant McCray,Grant,,,Outfielder,CF,CF,359,0,0,1,1,0,.000,.---,0,4,.286,,SF,137,San Francisco Giants,Giants,0,,0,player,0,.214,.750,2026
2026-08-10T21:33:44-04:00,2026,player,hitting,last_7,,,,,2,9,-.--,.111,.167,,0,0,0,.---,0,0,,,3,2,3,,2,0,3,1.50,0,1,0,.000,0,.000,103,American League,12,,,42,.111,.222,4.667,9,Oswald,Oswald Peraza,672724,O Peraza,Peraza,Oswald Peraza,Oswald,,,Second Base,2B,2B,360,0,0,0,0,0,.111,.---,0,3,.333,,LAA,108,Los Angeles Angels,Angels,1,,0,player,0,.000,.---,2026
2026-08-10T21:33:44-04:00,2026,player,hitting,last_7,,,,,0,13,-.--,.077,.111,,1,0,0,.---,0,0,,,5,0,4,,0,0,8,8.00,0,1,0,.000,0,.000,104,National League,10,,,52,.143,.220,3.714,14,Joseph,Joe Mack,691788,J Mack,Mack,Joe Mack,Joe,,,Catcher,C,C,361,1,0,2,0,0,.077,.---,0,4,.286,,MIA,146,Miami Marlins,Marlins,1,,0,player,0,.071,.250,2026
2026-08-10T21:33:44-04:00,2026,player,hitting,last_7,,,,,0,4,-.--,.000,.---,,1,0,0,.000,0,0,,,3,0,0,,0,0,0,-.--,0,0,0,.000,0,.000,103,American League,5,,,25,.200,.200,5.000,5,José,José Caballero,676609,J Caballero,Caballero,José Caballero,José,,,Shortstop,SS,SS,362,0,0,0,0,0,.000,1.000,1,4,.800,,NYY,147,New York Yankees,Yankees,0,,0,player,0,.200,.250,2026
2026-08-10T21:33:44-04:00,2026,player,hitting,last_7,,,,,1,4,-.--,.000,.000,,0,0,0,.---,0,0,,,2,0,0,,0,0,1,1.00,1,0,0,.000,0,.000,104,National League,1,,,18,.200,.200,3.600,5,Brian,Brian Navarreto,640459,B Navarreto,Navarreto,Brian Navarreto,Brian,,,Catcher,C,C,362,0,0,0,0,0,.000,.---,0,2,.400,,MIA,146,Miami Marlins,Marlins,0,,0,player,0,.000,.---,2026
2026-08-10T21:33:44-04:00,2026,player,hitting,last_7,,,,,2,4,-.--,.000,.000,,1,0,0,.---,0,0,,,2,0,0,,0,0,2,1.00,0,0,0,.000,0,.000,103,American League,0,,,25,.200,.200,5.000,5,German,Amed Rosario,642708,A Rosario,Rosario,Amed Rosario,Amed,,,Third Base,3B,3B,362,0,0,0,0,0,.000,.---,0,0,.000,,NYY,147,New York Yankees,Yankees,0,,0,player,0,.200,.---,2026
2026-08-10T21:33:44-04:00,2026,player,hitting,last_7,,,,,1,5,-.--,.000,.000,,1,0,0,.---,0,0,,,2,0,0,,0,0,2,2.00,0,0,0,.000,0,.000,104,National League,3,,,27,.167,.167,4.500,6,Edouard,Edouard Julien,666397,E Julien,Julien,Edouard Julien,Edouard,,,Second Base,2B,2B,365,0,0,0,0,0,.000,.---,0,2,.333,,COL,115,Colorado Rockies,Rockies,0,,0,player,0,.167,.500,2026
2026-08-10T21:33:44-04:00,2026,player,hitting,last_7,,,,,4,12,-.--,.083,.125,,0,0,0,.---,0,0,,,4,0,0,,0,0,3,0.75,0,1,0,.000,0,.000,104,National League,8,,,48,.083,.166,4.000,12,Christian,Christian Koss,683766,C Koss,Koss,Christian Koss,Christian,,,Third Base,3B,3B,365,0,0,0,0,0,.083,.---,0,4,.333,,SF,137,San Francisco Giants,Giants,1,,0,player,0,.000,.---,2026
2026-08-10T21:33:44-04:00,2026,player,hitting,last_7,,,,,5,13,-.--,.077,.111,,0,0,0,.---,0,0,,,6,0,0,,0,0,3,0.60,0,1,0,.000,0,.000,104,National League,4,,,48,.077,.154,3.692,13,Ke'Bryan,Ke'Bryan Hayes,663647,K Hayes,Hayes,Ke'Bryan Hayes,Ke'Bryan,,,Third Base,3B,3B,367,0,0,0,0,0,.077,.---,0,4,.308,,CIN,113,Cincinnati Reds,Reds,1,,0,player,0,.000,.---,2026
2026-08-10T21:33:44-04:00,2026,player,hitting,last_7,,,,,4,14,-.--,.071,.100,,0,0,0,.---,0,0,,,5,0,3,,0,0,5,1.25,0,1,0,.000,0,.000,104,National League,5,,,47,.071,.142,3.357,14,James,Jim Jarvis,805347,J Jarvis,Jarvis,Jim Jarvis,Jim,,,Shortstop,SS,SS,368,1,0,0,0,0,.071,.---,0,4,.286,,ATL,144,Atlanta Braves,Braves,1,,0,player,0,.000,.---,2026
2026-08-10T21:33:44-04:00,2026,player,hitting,last_7,,,,,5,15,-.--,.067,.125,,0,0,0,.---,0,0,,,5,0,1,,0,0,2,0.40,0,1,0,.000,0,.000,104,National League,8,,,50,.067,.134,3.333,15,Teoscar,Teoscar Hernández,606192,T Hernández,Hernández,Teoscar Hernández,Teoscar,,,Outfielder,LF,LF,369,0,0,0,0,0,.067,.---,0,7,.467,,LAD,119,Los Angeles Dodgers,Dodgers,1,,0,player,0,.000,.---,2026
2026-08-10T21:33:44-04:00,2026,player,hitting,last_7,,,,,7,20,-.--,.000,.000,,3,0,0,.---,0,0,,,5,1,1,,1,0,6,0.86,0,0,0,.000,0,.000,103,American League,7,,,93,.130,.130,4.043,23,Jeremy,Jeremy Peña,665161,J Peña,Peña,Jeremy Peña,Jeremy,,,Shortstop,SS,SS,370,0,0,1,0,0,.000,.---,0,7,.304,,HOU,117,Houston Astros,Astros,0,,0,player,0,.130,.429,2026
2026-08-10T21:33:44-04:00,2026,player,hitting,last_7,,,,,3,7,-.--,.000,.000,,1,0,0,.---,0,0,,,4,1,1,,1,0,3,1.00,0,0,0,.000,0,.000,103,American League,6,,,36,.125,.125,4.500,8,Jeremiah,Jeremiah Jackson,669236,J Jackson,Jackson,Jeremiah Jackson,Jeremiah,,,Second Base,2B,2B,371,0,0,0,0,0,.000,.---,0,1,.125,,BAL,110,Baltimore Orioles,Orioles,0,,0,player,0,.125,1.000,2026
2026-08-10T21:33:44-04:00,2026,player,hitting,last_7,,,,,2,7,-.--,.000,.000,,1,0,0,.---,0,0,,,4,0,1,,0,0,0,0.00,0,0,0,.000,0,.000,104,National League,2,,,37,.125,.125,4.625,8,Clifton,Buddy Kennedy,671083,B Kennedy,Kennedy,Buddy Kennedy,Buddy,,,First Base,1B,1B,371,0,0,0,0,0,.000,.---,0,5,.625,,SF,137,San Francisco Giants,Giants,0,,0,player,0,.125,.200,2026
2026-08-10T21:33:44-04:00,2026,player,hitting,last_7,,,,,1,7,-.--,.000,.000,,1,0,0,.---,0,0,,,3,0,0,,0,0,0,0.00,0,0,0,.000,0,.000,103,American League,6,,,39,.125,.125,4.875,8,Brandon,Brandon Valenzuela,678218,B Valenzuela,Valenzuela,Brandon Valenzuela,Brandon,,,Catcher,C,C,371,0,0,1,0,0,.000,.---,0,6,.750,,TOR,141,Toronto Blue Jays,Blue Jays,0,,0,player,0,.125,.167,2026
2026-08-10T21:33:44-04:00,2026,player,hitting,last_7,,,,,5,13,-.--,.000,.000,,1,0,0,.---,0,0,,,5,0,3,,0,0,4,0.80,0,0,0,.000,0,.000,103,American League,7,,,55,.071,.071,3.667,15,Evan,Evan Carter,694497,E Carter,Carter,Evan Carter,Evan,,,Outfielder,CF,CF,374,1,0,1,1,0,.000,.---,0,5,.333,,TEX,140,Texas Rangers,Rangers,0,,0,player,0,.067,.200,2026
2026-08-10T21:33:44-04:00,2026,player,hitting,last_7,,,,,3,6,-.--,.000,.000,,0,0,0,.---,0,0,,,2,0,0,,0,0,0,0.00,0,0,0,.000,0,.000,104,National League,5,,,21,.000,.000,3.500,6,Gabriel,Gabriel Arias,672356,G Arias,Arias,Gabriel Arias,Gabriel,,,Third Base,3B,3B,375,0,0,0,0,0,.000,.---,0,3,.500,,NYM,121,New York Mets,Mets,0,,0,player,0,.000,.---,2026
2026-08-10T21:33:44-04:00,2026,player,hitting,last_7,,,,,0,0,-.--,.000,.---,,0,0,0,.---,0,0,,,1,0,0,,0,0,0,-.--,0,0,0,.---,0,,104,National League,0,,,0,.000,.000,-.--,0,Clayton,Clayton Beeter,690925,C Beeter,Beeter,Clayton Beeter,Clayton,,,Pitcher,P,P,375,0,0,0,0,0,.000,.---,0,0,.---,,WSH,120,Washington Nationals,Nationals,0,,0,player,0,.---,.---,2026
2026-08-10T21:33:44-04:00,2026,player,hitting,last_7,,,,,0,0,-.--,.000,.---,,0,0,0,.---,0,0,,,1,0,0,,0,0,0,-.--,0,0,0,.---,0,,104,National League,0,,,0,.000,.000,-.--,0,Jacob,Jake Bird,656234,J Bird,Bird,Jake Bird,Jake,,,Pitcher,P,P,375,0,0,0,0,0,.000,.---,0,0,.---,,WSH,120,Washington Nationals,Nationals,0,,0,player,0,.---,.---,2026
2026-08-10T21:33:44-04:00,2026,player,hitting,last_7,,,,,1,5,-.--,.000,.000,,0,0,0,.---,0,0,,,3,0,0,,0,0,2,2.00,0,0,0,.000,0,.000,104,National League,5,,,26,.000,.000,5.200,5,Bryan,Bryan De La Cruz,650559,B De La Cruz,De La Cruz,Bryan De La Cruz,Bryan,,,Outfielder,RF,RF,375,0,0,0,0,0,.000,.---,0,2,.400,,PHI,143,Philadelphia Phillies,Phillies,0,,0,player,0,.000,.---,2026
2026-08-10T21:33:44-04:00,2026,player,hitting,last_7,,,,,1,4,-.--,.000,.000,,0,0,0,.---,0,0,,,2,0,0,,0,0,3,3.00,0,0,0,.000,0,.000,103,American League,2,,,15,.000,.000,3.000,5,Nicholas,Nick Fortes,663743,N Fortes,Fortes,Nick Fortes,Nick,,,Catcher,C,C,375,0,0,0,1,0,.000,.---,0,1,.200,,TB,139,Tampa Bay Rays,Rays,0,,0,player,0,.000,.---,2026
2026-08-10T21:33:44-04:00,2026,player,hitting,last_7,,,,,3,4,-.--,.000,.000,,0,0,0,.---,0,0,,,3,0,1,,0,0,2,0.67,0,0,0,.000,0,.000,104,National League,1,,,16,.000,.000,3.200,5,Tyler,Tyler Freeman,671289,T Freeman,Freeman,Tyler Freeman,Tyler,,,Outfielder,RF,RF,375,0,0,0,1,0,.000,.---,0,0,.000,,COL,115,Colorado Rockies,Rockies,0,,0,player,0,.000,.---,2026
2026-08-10T21:33:44-04:00,2026,player,hitting,last_7,,,,,0,1,-.--,.000,.000,,0,0,0,.---,0,0,,,2,1,1,,1,0,1,1.00,0,0,0,.000,0,.000,104,National League,1,,,5,.000,.000,5.000,1,Terry,TJ Friedl,670770,T Friedl,Friedl,TJ Friedl,TJ,,,Outfielder,CF,CF,375,0,0,0,0,0,.000,.---,0,0,.000,,CIN,113,Cincinnati Reds,Reds,0,,0,player,0,.000,.---,2026
2026-08-10T21:33:44-04:00,2026,player,hitting,last_7,,,,,0,2,-.--,.000,.---,,0,0,0,.---,0,0,,,3,0,0,,0,0,0,-.--,0,0,0,.000,0,.000,104,National League,1,,,8,.000,.000,4.000,2,Jhostynxon,Jhostynxon Garcia,691373,J Garcia,Garcia,Jhostynxon Garcia,Jhostynxon,,,Outfielder,RF,RF,375,0,0,0,0,0,.000,.---,0,2,1.000,,PIT,134,Pittsburgh Pirates,Pirates,0,,0,player,0,.000,.---,2026
2026-08-10T21:33:44-04:00,2026,player,hitting,last_7,,,,,0,0,-.--,.000,.---,,0,0,0,.---,0,0,,,1,0,0,,0,0,0,-.--,0,0,0,.---,0,,104,National League,0,,,0,.000,.000,-.--,0,Dayton,DL Hall,669084,D Hall,Hall,DL Hall,DL,,,Pitcher,P,P,375,0,0,0,0,0,.000,.---,0,0,.---,,MIL,158,Milwaukee Brewers,Brewers,0,,0,player,0,.---,.---,2026
2026-08-10T21:33:44-04:00,2026,player,hitting,last_7,,,,,0,1,-.--,.000,.---,,0,0,0,.---,0,0,,,1,0,0,,0,0,0,-.--,0,0,0,.000,0,.000,103,American League,2,,,4,.000,.000,4.000,1,Alexander,Alex Jackson,656577,A Jackson,Jackson,Alex Jackson,Alex,,,Catcher,C,C,375,0,0,1,0,0,.000,.---,0,1,1.000,,MIN,142,Minnesota Twins,Twins,0,,0,player,0,.000,.---,2026
2026-08-10T21:33:44-04:00,2026,player,hitting,last_7,,,,,1,2,-.--,.000,.000,,0,0,0,.---,0,0,,,4,0,0,,0,0,0,0.00,0,0,0,.000,0,.000,104,National League,0,,,6,.000,.000,3.000,2,Vincent,Ivan Johnson,671155,I Johnson,Johnson,Ivan Johnson,Ivan,,,Second Base,2B,2B,375,0,0,0,0,0,.000,.---,0,1,.500,,CIN,113,Cincinnati Reds,Reds,0,,0,player,0,.000,.---,2026
2026-08-10T21:33:44-04:00,2026,player,hitting,last_7,,,,,1,4,-.--,.000,.000,,0,0,0,.---,0,0,,,2,0,0,,0,0,2,2.00,0,0,0,.000,0,.000,104,National League,3,,,11,.000,.000,2.750,4,Troy,Troy Johnston,687859,T Johnston,Johnston,Troy Johnston,Troy,,,Outfielder,RF,RF,375,2,0,0,0,0,.000,.---,0,1,.250,,COL,115,Colorado Rockies,Rockies,0,,0,player,0,.000,.---,2026
2026-08-10T21:33:44-04:00,2026,player,hitting,last_7,,,,,1,2,-.--,.000,.000,,0,0,0,.---,0,0,,,2,0,0,,0,0,0,0.00,0,0,0,.000,0,.000,104,National League,1,,,14,.000,.000,7.000,2,Ha-Seong,Ha-Seong Kim,673490,H Kim,Kim,Ha-Seong Kim,Ha-Seong,,,Shortstop,SS,SS,375,0,0,1,0,0,.000,.---,0,1,.500,,ATL,144,Atlanta Braves,Braves,0,,0,player,0,.000,.---,2026
2026-08-10T21:33:44-04:00,2026,player,hitting,last_7,,,,,0,0,-.--,.000,.---,,0,0,0,.---,0,0,,,1,0,0,,0,0,0,-.--,0,0,0,.---,0,,104,National League,0,,,0,.000,.000,-.--,0,Tyler,Tyler Kinley,641755,T Kinley,Kinley,Tyler Kinley,Tyler,,,Pitcher,P,P,375,0,0,0,0,0,.000,.---,0,0,.---,,ATL,144,Atlanta Braves,Braves,0,,0,player,0,.---,.---,2026
2026-08-10T21:33:44-04:00,2026,player,hitting,last_7,,,,,0,2,-.--,.000,.000,,0,0,0,.000,0,0,,,2,0,0,,0,0,1,1.00,0,0,0,.000,0,.000,104,National League,1,,,7,.000,.000,3.500,2,Brandon,Brandon Lockridge,663604,B Lockridge,Lockridge,Brandon Lockridge,Brandon,,,Outfielder,LF,LF,375,0,0,1,0,0,.000,1.000,1,1,.500,,MIL,158,Milwaukee Brewers,Brewers,0,,0,player,0,.000,.---,2026
2026-08-10T21:33:44-04:00,2026,player,hitting,last_7,,,,,0,0,-.--,.000,.---,,0,0,0,.---,0,0,,,1,0,0,,0,0,0,-.--,0,0,0,.---,0,,104,National League,0,,,0,.000,.000,-.--,0,Bradley,Brad Lord,695418,B Lord,Lord,Brad Lord,Brad,,,Pitcher,P,P,375,0,0,0,0,0,.000,.---,0,0,.---,,WSH,120,Washington Nationals,Nationals,0,,0,player,0,.---,.---,2026
2026-08-10T21:33:44-04:00,2026,player,hitting,last_7,,,,,0,0,-.--,.000,.---,,0,0,0,.---,0,0,,,1,0,0,,0,0,1,1.00,0,0,0,.000,0,,104,National League,0,,,3,.000,.000,3.000,1,Miles,Miles Mikolas,571945,M Mikolas,Mikolas,Miles Mikolas,Miles,,,Pitcher,P,P,375,1,0,1,1,0,.000,.---,0,0,.000,,WSH,120,Washington Nationals,Nationals,0,,0,player,0,.000,.---,2026
2026-08-10T21:33:44-04:00,2026,player,hitting,last_7,,,,,0,1,-.--,.000,.---,,0,0,0,.---,0,0,,,2,0,0,,0,0,0,-.--,0,0,0,.000,0,.000,104,National League,0,,,4,.000,.000,4.000,1,Joseph,Joey Ortiz,687401,J Ortiz,Ortiz,Joey Ortiz,Joey,,,Shortstop,SS,SS,375,0,0,0,0,0,.000,.---,0,1,1.000,,MIL,158,Milwaukee Brewers,Brewers,0,,0,player,0,.000,.---,2026
2026-08-10T21:33:44-04:00,2026,player,hitting,last_7,,,,,1,1,-.--,.000,.000,,0,0,0,.---,0,0,,,2,0,0,,0,0,0,0.00,0,0,0,.000,0,.000,103,American League,0,,,3,.000,.000,3.000,1,Tadeo,Alejandro Osuna,696030,A Osuna,Osuna,Alejandro Osuna,Alejandro,,,Outfielder,LF,LF,375,0,0,1,0,0,.000,.---,0,0,.000,,TEX,140,Texas Rangers,Rangers,0,,0,player,0,.000,.---,2026
2026-08-10T21:33:44-04:00,2026,player,hitting,last_7,,,,,1,6,-.--,.000,.000,,0,0,0,.---,0,0,,,4,0,0,,0,0,1,1.00,0,0,0,.000,0,.000,104,National League,1,,,29,.000,.000,4.833,6,Cristian,Cristian Pache,665506,C Pache,Pache,Cristian Pache,Cristian,,,Outfield,OF,OF,375,0,0,0,0,0,.000,.---,0,4,.667,,NYM,121,New York Mets,Mets,0,,0,player,0,.000,.---,2026
2026-08-10T21:33:44-04:00,2026,player,hitting,last_7,,,,,0,0,-.--,.000,.---,,0,0,0,.---,0,0,,,1,0,0,,0,0,0,-.--,0,0,0,.---,0,,103,American League,0,,,0,.000,.000,-.--,0,Nathan,Nate Pearson,663878,N Pearson,Pearson,Nate Pearson,Nate,,,Pitcher,P,P,375,0,0,0,0,0,.000,.---,0,0,.---,,KC,118,Kansas City Royals,Royals,0,,0,player,0,.---,.---,2026
2026-08-10T21:33:44-04:00,2026,player,hitting,last_7,,,,,0,3,-.--,.000,.000,,0,0,0,.---,0,0,,,1,1,1,,1,0,2,2.00,0,0,0,.000,0,.000,103,American League,1,,,12,.000,.000,4.000,3,Jhonny,Jhonny Pereda,640902,J Pereda,Pereda,Jhonny Pereda,Jhonny,,,Catcher,C,C,375,0,0,0,0,0,.000,.---,0,1,.333,,SEA,136,Seattle Mariners,Mariners,0,,0,player,0,.000,.---,2026
2026-08-10T21:33:44-04:00,2026,player,hitting,last_7,,,,,1,6,-.--,.000,.000,,0,0,0,.---,0,0,,,3,0,0,,0,0,3,3.00,0,0,0,.000,0,.000,104,National League,3,,,20,.000,.000,3.333,6,Cesar,César Prieto,693409,C Prieto,Prieto,César Prieto,César,,,Third Base,3B,3B,375,0,1,0,0,0,.000,.---,0,2,.333,,STL,138,St. Louis Cardinals,Cardinals,0,,0,player,0,.000,.---,2026
2026-08-10T21:33:44-04:00,2026,player,hitting,last_7,,,,,0,0,-.--,.000,.---,,0,0,0,.---,0,0,,,1,0,0,,0,0,0,-.--,0,0,0,.---,0,,103,American League,0,,,0,.000,.000,-.--,0,Victor,Victor Robles,645302,V Robles,Robles,Victor Robles,Victor,,,Outfielder,RF,RF,375,0,0,0,0,0,.000,.---,0,0,.---,,SEA,136,Seattle Mariners,Mariners,0,,0,player,0,.---,.---,2026
2026-08-10T21:33:44-04:00,2026,player,hitting,last_7,,,,,5,9,-.--,.000,.000,,0,0,0,.---,0,0,,,3,0,1,,0,0,2,0.40,0,0,0,.000,0,.000,103,American League,6,,,24,.000,.000,2.667,9,Drew,Drew Romo,691011,D Romo,Romo,Drew Romo,Drew,,,Catcher,C,C,375,0,1,1,0,0,.000,.---,0,2,.222,,CWS,145,Chicago White Sox,White Sox,0,,0,player,0,.000,.---,2026
2026-08-10T21:33:44-04:00,2026,player,hitting,last_7,,,,,0,0,-.--,.000,.---,,0,0,0,.---,0,0,,,1,0,0,,0,0,0,-.--,0,0,0,.---,0,,104,National League,0,,,0,.000,.000,-.--,0,Dylan,Dylan Smith,681916,D Smith,Smith,Dylan Smith,Dylan,,,Pitcher,P,P,375,0,0,0,0,0,.000,.---,0,0,.---,,SF,137,San Francisco Giants,Giants,0,,0,player,0,.---,.---,2026
2026-08-10T21:33:44-04:00,2026,player,hitting,last_7,,,,,1,1,-.--,.000,.000,,0,0,0,.---,0,0,,,1,0,0,,0,0,0,0.00,0,0,0,.000,0,.000,104,National League,1,,,2,.000,.000,2.000,1,Edmundo,Edmundo Sosa,624641,E Sosa,Sosa,Edmundo Sosa,Edmundo,,,Outfielder,LF,LF,375,0,0,0,0,0,.000,.---,0,0,.000,,PHI,143,Philadelphia Phillies,Phillies,0,,0,player,0,.000,.---,2026
2026-08-10T21:33:44-04:00,2026,player,hitting,last_7,,,,,2,4,-.--,.000,.000,,0,0,0,.---,0,0,,,2,0,0,,0,0,0,0.00,0,0,0,.000,0,.000,104,National League,0,,,21,.000,.000,5.250,4,Garrett,Garrett Stubbs,596117,G Stubbs,Stubbs,Garrett Stubbs,Garrett,,,Catcher,C,C,375,0,0,0,0,0,.000,.---,0,2,.500,,PHI,143,Philadelphia Phillies,Phillies,0,,0,player,0,.000,.---,2026
2026-08-10T21:33:44-04:00,2026,player,hitting,last_7,,,,,0,1,-.--,.000,.---,,0,0,0,.---,0,0,,,2,0,0,,0,0,0,-.--,0,0,0,.000,0,.000,103,American League,1,,,7,.000,.000,7.000,1,Ali,Ali Sánchez,645305,A Sánchez,Sánchez,Ali Sánchez,Ali,,,Catcher,C,C,375,0,0,0,0,0,.000,.---,0,1,1.000,,NYY,147,New York Yankees,Yankees,0,,0,player,0,.000,.---,2026
2026-08-10T21:33:44-04:00,2026,player,hitting,last_7,,,,,1,1,-.--,.000,.000,,0,0,0,.---,0,0,,,2,0,1,,0,0,0,0.00,0,0,0,.000,0,.000,104,National League,1,,,2,.000,.000,2.000,1,James,James Triantos,701649,J Triantos,Triantos,James Triantos,James,,,Second Base,2B,2B,375,0,0,0,0,0,.000,.---,0,0,.000,,CHC,112,Chicago Cubs,Cubs,0,,0,player,0,.000,.---,2026
2026-08-10T21:33:44-04:00,2026,player,hitting,last_7,,,,,0,5,-.--,.000,.000,,0,0,0,.---,0,0,,,4,0,1,,0,0,5,5.00,0,0,0,.000,0,.000,103,American League,8,,,15,.000,.000,3.000,5,Ryan,Ryan Vilade,668723,R Vilade,Vilade,Ryan Vilade,Ryan,,,Outfielder,RF,RF,375,0,0,0,0,0,.000,.---,0,0,.000,,TB,139,Tampa Bay Rays,Rays,0,,0,player,0,.000,.---,2026
2026-08-10T21:33:44-04:00,2026,player,hitting,last_7,,,,,1,2,-.--,.000,.000,,0,0,0,.---,0,0,,,1,0,0,,0,0,1,1.00,0,0,0,.000,0,.000,103,American League,0,,,7,.000,.000,3.500,2,Christian,Christian Vázquez,543877,C Vázquez,Vázquez,Christian Vázquez,Christian,,,Catcher,C,C,375,0,0,0,0,0,.000,.---,0,0,.000,,HOU,117,Houston Astros,Astros,0,,0,player,0,.000,.---,2026
2026-08-10T21:33:44-04:00,2026,player,hitting,last_7,,,,,3,3,-.--,.000,.000,,0,0,0,.---,0,0,,,2,0,1,,0,0,0,0.00,0,0,0,.000,0,.000,103,American League,2,,,12,.000,.000,4.000,3,Carson,Carson Williams,700246,C Williams,Williams,Carson Williams,Carson,,,Shortstop,SS,SS,375,0,0,0,0,0,.000,.---,0,0,.000,,TB,139,Tampa Bay Rays,Rays,0,,0,player,0,.000,.---,2026
